noise std,0.0,0.1,0.2,0.3,0.4,0.5,0.6,0.7,0.8,0.9,1.0,1.1,1.2,1.3,1.4,1.5,1.6,1.7,1.8,1.9,2.0,2.1,2.2,2.3,2.4,2.5,2.6,2.7,2.8,2.9,3.0,3.1,3.2,3.3,3.4,3.5,3.6,3.7,3.8,3.9,4.0,4.1,4.2,4.3,4.4,4.5,4.6,4.7,4.8,4.9,5.0,5.1,5.2,5.3,5.4,5.5,5.6,5.7,5.8,5.9,6.0,6.1,6.2,6.3,6.4,6.5,6.6,6.7,6.8,6.9,7.0,7.1,7.2,7.3,7.4,7.5,7.6,7.7,7.8,7.9,8.0,8.1,8.2,8.3,8.4,8.5,8.6,8.7,8.8,8.9,9.0,9.1,9.2,9.3,9.4,9.5,9.6,9.7,9.8,9.9,10.0,10.1,10.2,10.3,10.4,10.5,10.6,10.7,10.8,10.9,11.0,11.1,11.2,11.3,11.4,11.5,11.6,11.7,11.8,11.9,12.0,12.1,12.2,12.3,12.4,12.5,12.6,12.7,12.8,12.9,13.0,13.1,13.2,13.3,13.4,13.5,13.6,13.7,13.8,13.9,14.0,14.1,14.2,14.3,14.4,14.5,14.6,14.7,14.8,14.9,15.0,15.1,15.2,15.3,15.4,15.5,15.6,15.7,15.8,15.9,16.0,16.1,16.2,16.3,16.4,16.5,16.6,16.7,16.8,16.9,17.0,17.1,17.2,17.3,17.4,17.5,17.6,17.7,17.8,17.9,18.0,18.1,18.2,18.3,18.4,18.5,18.6,18.7,18.8,18.9,19.0,19.1,19.2,19.3,19.4,19.5,19.6,19.7,19.8,19.9
0.0,0.4898787859530408,0.4918506435368413,0.49638159911969887,0.4981366199781285,0.4987634344517577,0.49908224274699736,0.49927773236419465,0.4994105845501756,0.4995068241030612,0.4995796517786217,0.4996365475856996,0.4996820934605422,0.499719262786666,0.4997500737634673,0.4997759464405695,0.4997979097316289,0.49981672775900227,0.4998329800542306,0.49984711402045057,0.4998594810587738,0.499870360440665,0.49987997696338954,0.49988851394779116,0.49989612169961994,0.49990292498366584,0.4999090284023762,0.4999145193971683,0.49991947258464564,0.49992395161860564,0.49992801072593446,0.4999316968513684,0.4999350507355232,0.49993810778959036,0.4999408987994509,0.4999434506926217,0.4999457873275504,0.4999479297539542,0.4999498966001804,0.4999517044001632,0.49995336779386684,0.4999548998397617,0.49995631232975535,0.4999576158311779,0.499958819816871,0.49995993281428186,0.4999609625145732,0.49996191586724203,0.4999627991567005,0.49996361803526806,0.49996437767581836,0.499965082794293,0.4999657376848191,0.49996634626263314,0.4999669121020234,0.4999674384699582,0.4999679283559197,0.49996838449849085,0.4999688094065406,0.49996920539954964,0.49996957460154323,0.4999699189592632,0.4999702402562892,0.49997054012787884,0.49997082009771415,0.49997108157207304,0.4999713258494129,0.4999715541294743,0.4999717675215473,0.4999719670519637,0.4999721536708954,0.49997232825853205,0.4999724916307242,0.4999726445440874,0.49997278770070447,0.4999729217523753,0.49997304730452996,0.4999731649197994,0.49997327512127376,0.4999733783955105,0.4999734751952751,0.49997356594206344,0.4999736510284237,0.4999737308200833,0.4999738056579041,0.4999738758597014,0.49997394172175424,0.49997400352198945,0.49997406151643925,0.4999741159461935,0.4999741670363993,0.49997421499737654,0.4999742600256502,0.4999743023049107,0.49997434200689517,0.4999743792922031,0.49997441431106626,0.4999744472040387,0.4999744781026677,0.4999745071300788,0.49997453440156187,0.49997456002507346,0.4999745841017406,0.4999746067263004,0.499974627987523,0.49997464796860824,0.49997466674754193,0.4999746843974465,0.4999747009868808,0.4999747165801495,0.4999747312375659,0.499974745015716,0.49997475796769175,0.4999747701433228,0.4999747815893661,0.4999747923497172,0.49997480246558873,0.499974811975673,0.49997482091630185,0.4999748293215967,0.49997483722360747,0.49997484465244174,0.49997485163638133,0.49997485820199916,0.4999748643742631,0.4999748701766406,0.4999748756311785,0.4999748807586075,0.4999748855784092,0.4999748901088949,0.4999748943672835,0.499974898369764,0.49997490213155193,0.49997490566696196,0.49997490898945135,0.49997491211167955,0.49997491504554303,0.4999749178022432,0.4999749203923042,0.49997492282563505,0.4999749251115537,0.49997492725881965,0.4999749292756811,0.49997493116989206,0.49997493294875306,0.4999749346191286,0.4999749361874327,0.49997493765917767,0.49997493903995227,0.4999749403354952,0.4999749415512771,0.4999749426920542,0.4999749437623139,0.4999749447662735,0.49997494570790213,0.49997494659093267,0.4999749474188778,0.4999749481950495,0.4999749489225535,0.499974949604323,0.49997495024310884,0.4999749508415031,0.4999749514019455,0.49997495192673114,0.4999749524180202,0.4999749528778439,0.4999749533081078,0.49997495371061723,0.49997495408705983,0.49997495443902834,0.4999749547680199,0.49997495507543993,0.499974955362614,0.4999749556307871,0.4999749558811322,0.49997495611475307,0.49997495633267885,0.4999749565358913,0.49997495672530096,0.4999749569017722,0.4999749570661153,0.49997495721908985,0.4999749573614098,0.4999749574937522,0.4999749576167443,0.4999749577309837,0.4999749578370242,0.49997495793539537,0.49997495802658826,0.4999749581110648,0.49997495818925836,0.49997495826157723,0.4999749583284076,0.49997495839010747,0.49997495844701495,0.49997495849944823,0.4999749585477007,0.49997495859205604,0.4999749586327766,0.4999749586701025,0.499974958704271
0.1,0.48987759533794933,0.49184780466632677,0.49638243621144523,0.49813815573640646,0.49876330842476474,0.49908272209487936,0.4992782839076149,0.4994107484730512,0.4995068233988162,0.4995804556240188,0.49963678125812067,0.49968268525592385,0.49971878176560625,0.4997505188561428,0.4997745723803457,0.4997966646378596,0.4998160259460329,0.4998327837486501,0.4998472980822403,0.49986046053926025,0.49987078425784554,0.49988028948455515,0.49988908807763544,0.4998962564796061,0.4999025198947484,0.4999091971436846,0.4999148569016531,0.49991914468283144,0.4999235267806452,0.4999277656427352,0.4999319322560746,0.49993485134538085,0.49993803847468166,0.49994148548214484,0.49994363481516435,0.4999458304893132,0.4999473709681509,0.49994927642638076,0.49995124393940144,0.4999529655973347,0.4999545622433337,0.4999566200607525,0.49995742292021883,0.4999584635809535,0.49996027493284123,0.4999609474473372,0.4999621482360658,0.49996233274376123,0.4999632206444737,0.49996455020717445,0.49996531142994405,0.4999654610688153,0.4999672939435684,0.49996686678171437,0.4999674559067145,0.499967977991852,0.49996820857545937,0.4999688453140318,0.4999690700143945,0.4999696118055633,0.4999698573027055,0.4999701345939976,0.4999700185940086,0.49997041929525554,0.4999710613483108,0.49997128545993164,0.49997156026493456,0.4999716669278642,0.49997196127548327,0.4999722154114145,0.4999722423497976,0.4999723953098453,0.4999730653210162,0.4999723896335009,0.4999728068847572,0.49997317537053027,0.49997292738815124,0.4999731192124896,0.49997338987663187,0.49997334223598044,0.4999737472470504,0.49997382428665194,0.49997350959564113,0.4999735233903096,0.49997391516908507,0.49997388373216756,0.4999736336338974,0.49997412232347116,0.4999743752673052,0.4999742626896932,0.4999741949743785,0.4999742370735789,0.4999745276822548,0.4999745324886745,0.4999749207074192,0.4999745906563954,0.4999745375672174,0.49997432867795755,0.4999742302816345,0.4999745902076484,0.4999744293592988,0.49997463523924884,0.4999744509634523,0.4999745345385822,0.49997454561558824,0.4999749330218477,0.4999747326766367,0.49997454044268635,0.49997469156819885,0.49997470047730663,0.4999746468844524,0.4999749925619844,0.4999746757495781,0.4999746133940099,0.4999746349425442,0.49997463885135285,0.49997455487755593,0.49997484085331234,0.4999747157751114,0.499974830292523,0.49997467239522686,0.4999748081038934,0.4999750868677193,0.4999746144109035,0.4999750945643861,0.4999746898559114,0.49997488424400277,0.49997477542511953,0.49997478277468255,0.49997496939775526,0.4999750602075546,0.4999749428450591,0.49997507780237294,0.49997486456111523,0.4999748176612994,0.49997519338746194,0.4999750069559092,0.4999748825178803,0.49997480426610796,0.4999747513466165,0.4999746710716125,0.49997491026762114,0.49997504796161923,0.4999748836715702,0.499975137156552,0.4999750692484958,0.49997481582223036,0.4999749947904054,0.4999749841206032,0.4999747757011352,0.49997511139762163,0.49997489375245513,0.4999751603500594,0.4999752930576522,0.49997462466669595,0.4999749980717038,0.4999752243400558,0.4999747886795467,0.4999748139361321,0.4999750180913386,0.4999747804941051,0.4999745585090338,0.49997462550336197,0.4999750593237055,0.49997486815508385,0.499974782805198,0.49997472390694103,0.499974850136373,0.49997498323828204,0.49997500034030423,0.4999749993184229,0.4999753028314818,0.49997515169231754,0.49997472150214345,0.49997487347210817,0.4999748743542916,0.4999750120694605,0.4999750539947298,0.4999750563717856,0.49997506453238794,0.4999751194957365,0.49997505263016234,0.499975026631581,0.4999750226167976,0.4999747945635512,0.4999747786272358,0.49997480448864673,0.4999749340557837,0.4999748006157816,0.499974684864087,0.4999748623471497,0.499974944256496,0.49997497613973774,0.49997488044750615,0.4999749964642155,0.4999749339931931,0.49997496143614717,0.4999748022120259,0.4999750101800161,0.49997482843827484
0.2,0.48988761497620703,0.49183702667077184,0.49638850357353076,0.49813589649780304,0.49876488388834234,0.499080028576106,0.4992775462994606,0.499411668604416,0.4995050455088671,0.49958109716678967,0.4996359190107306,0.49968234524365746,0.4997203661781099,0.49974970058440116,0.4997753650502943,0.499796402707969,0.499817649296456,0.4998338583339334,0.4998469068718189,0.49985988688265026,0.49987023588873936,0.4998805168320515,0.499889194597957,0.4998954090794048,0.49990289497639434,0.49990911354602396,0.4999150630331444,0.4999179488779568,0.4999239228122569,0.49992788823015843,0.49993138069415044,0.4999352298241942,0.49993947873300987,0.49994181229117607,0.49994313813375774,0.4999463874189673,0.4999479622358056,0.4999500550013497,0.49995181208986095,0.49995298639290725,0.4999537480610169,0.49995631357333964,0.49995726639996085,0.49995930531359245,0.4999598866410541,0.4999612572113122,0.49996155180916046,0.4999624253166974,0.49996453321823087,0.4999645313269333,0.4999662304939225,0.4999656155349156,0.4999660950501507,0.4999669847819584,0.4999675210167344,0.4999683964665573,0.49996822005015407,0.49996874539545855,0.4999685043719427,0.4999698703626515,0.49996999636300865,0.49997009638336215,0.49997149610816377,0.4999704869787893,0.499970634823791,0.49997129259373874,0.4999713677074304,0.49997151573195914,0.4999724823124124,0.49997174096894453,0.49997288406683627,0.4999722710281031,0.4999720702597488,0.4999724698735266,0.49997260163389234,0.4999729328388134,0.49997402692619003,0.4999737218199983,0.4999736497196384,0.49997359521053814,0.4999738475685988,0.49997371543497626,0.4999736281603794,0.499973975626877,0.4999733504013537,0.4999738933187314,0.49997414621898095,0.4999735933087331,0.4999749779622512,0.49997424142432756,0.4999747949744677,0.49997406549752393,0.499974334552882,0.4999746795082141,0.49997414332835954,0.4999747874037694,0.49997396258988974,0.49997396522207943,0.49997481731753746,0.49997398931396897,0.49997492027223206,0.4999742793399948,0.4999747137625622,0.4999748004191744,0.4999742494197801,0.4999743849932547,0.49997487679227676,0.4999742061006486,0.4999751021867087,0.4999741514444741,0.49997494555094835,0.4999740773086821,0.4999746779952739,0.49997506684046544,0.49997489035430837,0.49997535997597664,0.4999743193311276,0.49997482807086174,0.49997538860273205,0.49997486082840686,0.49997426770610887,0.49997492473962435,0.4999752435668245,0.4999745983435489,0.49997488739626744,0.49997419076240623,0.499975195741661,0.49997522563339625,0.49997478743248525,0.4999746648666634,0.49997457529425493,0.49997479687735963,0.4999748692783366,0.4999752215521735,0.499974679065382,0.49997440060566267,0.4999748726618669,0.4999747937629515,0.4999755764682174,0.49997467562094744,0.4999746767996447,0.4999744868301778,0.4999744391801934,0.4999749138048712,0.4999748835971996,0.49997503628647105,0.4999754044913279,0.4999746424849684,0.4999747938519255,0.49997495532738123,0.499975304294253,0.4999750189956036,0.4999744846571836,0.49997471484465605,0.49997453178664736,0.4999745135258047,0.49997453776810713,0.49997412208746433,0.4999746219401073,0.4999748580211211,0.49997487413662905,0.49997510720350063,0.4999751207284706,0.4999750511215938,0.49997477105594373,0.49997554746505685,0.4999750789140596,0.4999746568804601,0.4999752800689364,0.4999747434659477,0.4999747828551937,0.49997466379848426,0.49997504563637496,0.4999746073200266,0.49997497347375275,0.4999748093001959,0.4999747863666649,0.49997481095878865,0.4999751381776523,0.4999751331620177,0.49997459016714857,0.4999752009275856,0.49997508600264967,0.49997516937386055,0.49997499927526506,0.49997473231795053,0.4999749453286593,0.4999750095578391,0.4999752520946764,0.4999747373141204,0.49997459696685387,0.4999750915144104,0.49997519726419454,0.49997480807066136,0.4999752456502746,0.4999749427830628,0.4999749185315437,0.49997485188579344,0.4999747976930462,0.49997484659622565
0.3,0.48987834183427625,0.4918677897077304,0.49636338058541224,0.4981379229418072,0.49876476081974136,0.4990790536847986,0.4992782620664937,0.4994144993440558,0.4995066250946273,0.49957859804092825,0.49963634111323396,0.4996823746589794,0.49971848100458294,0.4997488898210888,0.49977498663824643,0.4997958052793458,0.49981609010397915,0.4998307435520027,0.49984700352302414,0.4998601734239023,0.49987095993310093,0.4998794168452666,0.4998902384113496,0.49989474125040095,0.4999019458422926,0.49990868481535466,0.49991417817672407,0.4999195627114652,0.4999246554122184,0.49992815336049173,0.49993259147216135,0.4999363000687056,0.4999372826007091,0.4999416484682275,0.49994326467087574,0.49994601897190555,0.4999474059130552,0.49995020399552437,0.4999508612939946,0.49995353199007164,0.49995448366757345,0.49995785893374706,0.49995868296169305,0.49995890363609496,0.4999594261234017,0.49995983656053844,0.49996128347971297,0.499961867700443,0.4999645077129924,0.4999631617200717,0.49996568158817917,0.4999650267812274,0.4999658095585067,0.4999669833291123,0.49996826846608644,0.4999672148415154,0.4999687432913829,0.4999680843679837,0.49996884539729725,0.49997056751893826,0.4999699829222415,0.4999714675796081,0.4999712885249996,0.49997153130454997,0.4999725174228137,0.49997099369804726,0.49997137796941765,0.4999720400913313,0.4999735312459453,0.4999716561834762,0.4999725505237424,0.49997216220520063,0.4999734070060464,0.4999721809875224,0.499973641065168,0.4999739418766766,0.49997446194121403,0.4999719113242419,0.4999743095563915,0.49997311187290494,0.4999736102470076,0.49997369653240714,0.49997438121506727,0.49997320153291736,0.4999748055939885,0.4999732634440275,0.49997395738978806,0.4999735511712366,0.49997415019500135,0.49997289981524157,0.49997328203918845,0.4999745378693703,0.49997438383705795,0.49997483873254056,0.49997451343743937,0.4999739552583816,0.49997489456441113,0.49997431419368893,0.4999746918017397,0.4999744166038668,0.49997369203200764,0.49997533642214514,0.49997579381464213,0.49997480740479705,0.4999752956626663,0.4999745048930771,0.4999745585053243,0.49997368863793007,0.4999741164600765,0.4999755527233481,0.49997331889374297,0.49997439899837437,0.499974186689561,0.4999746959458138,0.4999742342298896,0.4999755858988555,0.4999740208777563,0.4999746625543045,0.4999759497826373,0.49997561304709526,0.4999753999370069,0.49997533882612266,0.49997539261076357,0.499975184847958,0.49997442620528065,0.4999756128963374,0.49997521059948,0.4999753446571101,0.4999749340608568,0.4999745951281803,0.49997440440360574,0.4999747110549447,0.49997489860019595,0.4999753864098096,0.49997564024423646,0.499975267648296,0.4999749337430346,0.4999747176117502,0.49997439811636996,0.49997421234573686,0.4999742598454441,0.49997442338506165,0.49997461080030553,0.49997427638205894,0.49997530552425934,0.4999753782906757,0.49997508795064305,0.4999750874945732,0.49997570668804114,0.4999747419779124,0.49997527282235965,0.4999746266449193,0.4999736999767994,0.4999758485140545,0.4999749609099011,0.4999745338599853,0.49997540838761717,0.4999747464477064,0.4999744220887297,0.49997511707061937,0.4999747402041932,0.4999752431504056,0.49997589366180867,0.49997407678087347,0.4999753048409591,0.49997507337526886,0.4999750836625406,0.4999754452069732,0.49997466824437803,0.4999748134854654,0.499974619587138,0.4999744421727165,0.4999752488070968,0.49997446462116113,0.4999755975207526,0.49997477661849143,0.49997532686844226,0.49997398207742766,0.4999747217648508,0.4999751315582306,0.49997355942018934,0.49997439230037416,0.49997514760395445,0.4999749772773748,0.4999752985218957,0.49997561948807456,0.4999754113802972,0.4999740514716213,0.4999755259878519,0.4999745637551776,0.49997525464418335,0.49997535987225583,0.49997535663895176,0.49997570851019185,0.4999743964432354,0.4999752364951666,0.4999750031578744,0.49997425155963204,0.49997526646827783,0.4999749671567053
0.4,0.4898854684823909,0.4918400510617082,0.4963849886033234,0.49814162665243256,0.4987725856750311,0.4990850336513258,0.4992816373479946,0.49941488434512127,0.49950735078362246,0.49957963866352795,0.4996329210982811,0.4996871667607199,0.4997232097585427,0.499749704817945,0.49977609512945803,0.49979799558951804,0.49981602391024277,0.49983134505016386,0.49984339954933954,0.4998578721295799,0.49987145899188096,0.49988163004372793,0.4998897053599493,0.4998961551539163,0.49990085209500174,0.49990596883767885,0.49991364811814504,0.4999195596909778,0.49992353297633696,0.49992797919012705,0.4999330124690222,0.49993573822664006,0.4999384160790562,0.49994180234720453,0.4999456445868741,0.4999481045808903,0.499949330227248,0.4999502138754744,0.499949014474789,0.499951657525312,0.499955885754014,0.49995647838733814,0.4999581853128925,0.4999550842441408,0.4999608667043329,0.49996147093186927,0.49996118580987836,0.4999619192947818,0.49996350117362187,0.4999651229045586,0.49996293221696025,0.4999667910332442,0.4999650875401701,0.499968367966663,0.49996639926724534,0.49996640760116545,0.49996765999004694,0.4999693422529154,0.49996871764642214,0.4999695904289844,0.4999683274612083,0.49997021621774523,0.4999710610730147,0.49996835443277143,0.49997145684062794,0.49997242373927114,0.4999700063528171,0.49997033842945976,0.4999720190321555,0.4999712359587051,0.49997382660380846,0.499973161110638,0.49997171785782785,0.4999715603314099,0.49997299899828207,0.49997275344836273,0.49997277201316886,0.49997325604115883,0.4999734340200932,0.49997218376758146,0.4999737822733043,0.4999750758750839,0.49997452682629323,0.49997336735992304,0.49997562840495346,0.49997369691574245,0.49997449666362925,0.49997507604639024,0.4999749567146624,0.4999744497806408,0.49997422573344735,0.49997504681984056,0.49997461804735943,0.4999738203464816,0.49997399141928833,0.499975584728478,0.49997391412960607,0.4999757889426238,0.4999743549681604,0.4999745811908922,0.4999751734745374,0.49997534890481055,0.49997406076277656,0.49997430050197617,0.4999750937701092,0.4999743240427368,0.49997457453890304,0.4999737586227449,0.4999752087304522,0.4999756050360454,0.4999747888241179,0.49997357319799035,0.4999752217641983,0.4999748970545247,0.4999742970592331,0.49997398614649396,0.4999756859581864,0.49997607369844516,0.4999750559932135,0.4999757847685047,0.4999749829857181,0.4999741192257472,0.4999747935197406,0.49997557598228376,0.4999746957433109,0.4999741999611939,0.49997504334273046,0.49997415003809825,0.4999761782380014,0.4999757462454558,0.4999753446912302,0.49997477793579276,0.49997434914912126,0.49997540718670924,0.49997485260801383,0.49997432419733284,0.49997361607802404,0.4999744881181396,0.49997502670551897,0.49997369054197865,0.4999747106066188,0.4999755024458306,0.4999749309015478,0.4999742235729457,0.4999738673506895,0.49997451162657536,0.499975462161621,0.4999750725913137,0.4999743490581353,0.4999743418448498,0.49997484412724175,0.4999750111835429,0.49997533357676927,0.4999741689838764,0.4999741022989547,0.4999747192575816,0.4999741407795517,0.49997538314833345,0.4999749215777289,0.49997541894304337,0.49997548159447613,0.4999746900605155,0.4999746672648702,0.49997533910737835,0.4999751173066936,0.49997466212143293,0.49997492657327025,0.49997478838824483,0.49997402713025074,0.4999753356969697,0.49997442613700366,0.4999749398317226,0.49997394644647775,0.4999747621367809,0.49997459994731563,0.4999756990944471,0.4999745402632956,0.49997537613743576,0.4999754190522792,0.4999756543604827,0.49997491175821107,0.49997475866112223,0.4999749523168656,0.49997414323409833,0.49997479229661723,0.4999739847249216,0.49997458351658536,0.4999753040778748,0.4999754248753878,0.49997421575178097,0.499975406683897,0.499974261606737,0.49997502999517485,0.49997449684794154,0.4999749239707644,0.4999754011717011,0.49997516385793184,0.4999752868147792,0.4999751865029961,0.49997646432288684
0.5,0.4898842492567746,0.4918217204011186,0.4963700292810068,0.49814310249374505,0.49875102091181245,0.4990801727481709,0.49927627235471633,0.49941109894198765,0.4995038764140656,0.49958108306503274,0.4996362686616025,0.4996807754955444,0.49972232030712443,0.49975440033795043,0.49977877682344735,0.4997968824104411,0.4998174968016213,0.49983476309307956,0.4998439773948936,0.4998564955169678,0.4998694299634416,0.49987874019020795,0.4998886756868689,0.4998932529745433,0.4999033467686613,0.4999095684340727,0.4999163297291043,0.49992049070500144,0.49992203193614243,0.4999278760597954,0.499930162625361,0.4999366040141982,0.4999380074796677,0.4999416458789587,0.4999413255192337,0.4999462542261158,0.4999498659066765,0.499948472856212,0.4999504722267581,0.499953449299853,0.49995377812271596,0.49995459280718746,0.4999569193691038,0.49995861817703363,0.4999596715352887,0.49996238871886606,0.4999596849377184,0.49996196718611363,0.4999641420141387,0.49996200857282036,0.4999652119569075,0.49996576181759333,0.499966880896594,0.49996754450196107,0.49996433649618477,0.4999691495282667,0.4999682013697046,0.4999665390806866,0.49996874502357835,0.49996753804996025,0.49997057125517735,0.499966753057663,0.49997066326061945,0.4999697993083302,0.49997114156036954,0.4999719978136997,0.49997223799483725,0.49997300085122687,0.4999704810035553,0.49997240862097814,0.49997339444599104,0.4999733506355223,0.4999742328262727,0.49997414503387994,0.4999716039087725,0.49997284362280847,0.4999739961553219,0.49997445713746796,0.49997594418877955,0.4999724247943497,0.49997258287670493,0.4999732747466134,0.4999734870451031,0.49997497534931806,0.49997242399327385,0.4999747225949034,0.49997223217077624,0.49997521187421295,0.4999732946784821,0.49997375028935476,0.4999764935666648,0.49997390423846017,0.49997513554301004,0.49997485655365786,0.49997566096638496,0.4999741889968412,0.4999755588031142,0.49997496216326043,0.4999737680891832,0.49997437590619354,0.4999744833422007,0.4999753595592398,0.4999752523040202,0.4999750371775867,0.4999744954011248,0.49997638502056824,0.4999743111140005,0.49997557851422797,0.49997355060934956,0.4999747223920363,0.49997640376977165,0.49997593135336355,0.4999752921732183,0.4999735715601333,0.49997658909441306,0.4999752718930113,0.4999751347039464,0.49997514399433324,0.4999747105990993,0.49997396611205314,0.49997441813409627,0.49997524635850993,0.49997469362445207,0.4999751255256221,0.4999767192907527,0.4999749796426973,0.49997538099874345,0.4999758329388696,0.49997418876936456,0.49997439121061715,0.4999745118742906,0.4999743613183085,0.4999749682361915,0.49997429373048335,0.499974990964812,0.4999759193447485,0.49997467777174825,0.4999756357274864,0.4999755591893406,0.4999762787044352,0.4999763153362706,0.4999737807273037,0.4999739809890138,0.4999745192508616,0.499974316746779,0.4999752087977136,0.4999732690838252,0.49997527148482585,0.4999735406121469,0.4999754445283891,0.4999740406335245,0.4999748100694962,0.4999747379947225,0.49997455042424405,0.49997411511178885,0.4999738437558381,0.49997528344766085,0.49997509875769747,0.49997626344671536,0.4999750247427349,0.49997663188190067,0.49997515755293537,0.4999744545634406,0.49997524019139655,0.4999746078624724,0.49997353402571926,0.49997574433953446,0.49997422538031044,0.4999760366373597,0.49997497990933365,0.4999749822422067,0.49997547061338876,0.4999757416982063,0.49997461476231614,0.4999749928806736,0.4999757562798499,0.49997433284046006,0.49997404612335683,0.4999751776008376,0.4999750054469961,0.49997464801100844,0.49997467757276387,0.4999760464266574,0.4999737148482382,0.4999750236728742,0.4999750759397174,0.4999749375185082,0.499975910919696,0.4999753307130588,0.4999763419061092,0.4999750008884599,0.4999743521054292,0.4999748226978956,0.49997574633537734,0.49997483268282195,0.4999744361871537,0.4999753166976157,0.4999750326486039,0.4999737318711535,0.4999745560870183
0.6,0.48987036418350943,0.49185408889594834,0.49635305726852247,0.4981315099536411,0.49876105026477197,0.49907914634117573,0.4992743059255581,0.499410564288525,0.4995076322496941,0.499574621750457,0.4996387677801617,0.49967984952041333,0.49972015446809703,0.49974883960299943,0.4997778753328104,0.4997942336211088,0.499810458534264,0.49983271704758175,0.4998452634023725,0.49986598935848253,0.49987012620033516,0.49988339712583935,0.4998897245748472,0.49989620323375017,0.49989803002308086,0.49990929832505704,0.49991269682139994,0.49991930760880193,0.49991970281825066,0.4999299142909083,0.4999305392573438,0.4999296296544086,0.4999379563068836,0.4999427767854165,0.49994509764336037,0.49994432322054855,0.4999500218527725,0.4999479270355739,0.499953667488902,0.4999505327784732,0.49995400004371393,0.4999561159331395,0.499957214893466,0.49995806186813435,0.49996083267808084,0.4999605668510645,0.49996265103509224,0.4999647057717923,0.49996523107841634,0.49996595458193327,0.4999651842108694,0.49996617270338933,0.49996474974344046,0.4999685347769391,0.49996938955137965,0.4999679941714398,0.49997085478476727,0.4999674856618728,0.4999705144140953,0.4999714208713449,0.4999685368057114,0.499969630165103,0.49996818884948374,0.4999719985395172,0.4999722197057263,0.4999690338936148,0.49997317611408476,0.4999704443252724,0.49997114358641753,0.49997107210321556,0.4999720055161635,0.4999740655853091,0.4999726867089828,0.4999706542962063,0.49997152675099527,0.4999750154441747,0.49997015963638725,0.49997270119501636,0.4999738058980741,0.4999754279951181,0.4999719285250656,0.49997491257641297,0.49997088612878593,0.4999768659296908,0.499973972033048,0.4999736753486527,0.4999739588203007,0.499974601862983,0.49997497435441796,0.4999750157085021,0.49997363596169214,0.4999735695579452,0.49997555849915404,0.499975710576171,0.4999740363365479,0.4999732158237374,0.49997283327619296,0.4999769063335702,0.49997476593647566,0.499975115988284,0.4999745031037444,0.4999736897679315,0.4999722485635214,0.4999755876614548,0.49997574403463513,0.4999739969117977,0.4999733351383969,0.49997543777670245,0.49997483043020036,0.4999759618439744,0.4999753640015619,0.4999738532442928,0.4999749635313235,0.4999757494566824,0.4999744767099271,0.4999739346097379,0.4999755500730621,0.4999743456051261,0.49997313063372234,0.4999735362156267,0.49997536058436876,0.4999755950147647,0.4999737856715067,0.4999755056205778,0.4999753831073769,0.49997535571613216,0.49997541786299937,0.4999736212219346,0.49997500070971523,0.4999768628656373,0.4999755935871997,0.49997739794847273,0.4999738912649294,0.4999732411032285,0.49997469513195386,0.49997377360764717,0.49997589709845447,0.4999751540159084,0.4999756666091625,0.499976399683795,0.4999760577778234,0.49997504048176994,0.49997593941305923,0.49997283942084103,0.4999759744552151,0.4999757578729335,0.4999763284065697,0.499974637504433,0.49997410195454317,0.49997485203212794,0.49997479044125925,0.49997450914696584,0.49997596468421307,0.4999758693774486,0.4999751261810806,0.49997179639727984,0.4999741251779723,0.49997407957797274,0.49997575277093365,0.4999748936826235,0.4999759201672252,0.4999748321674315,0.4999738205867141,0.49997399973739315,0.499973933864338,0.4999738861996146,0.4999738517597772,0.49997364445277237,0.49997528018832943,0.49997444413558423,0.49997455470924407,0.49997617346152473,0.49997506280482273,0.4999747097423709,0.49997540188111805,0.49997436480780355,0.49997417939732486,0.4999731106814818,0.49997537799895553,0.49997575554145357,0.4999758718817925,0.49997662089216927,0.4999752991614326,0.4999737847144073,0.49997565878683686,0.49997581188629947,0.4999752078679605,0.4999758558844163,0.49997579782408874,0.49997544324585014,0.499975941475665,0.4999754826941212,0.4999738688092064,0.49997437326209837,0.4999756964080722,0.49997484204169196,0.4999753467556661,0.49997511705006303,0.4999767928377675,0.4999764094679462
0.7,0.4898549004588287,0.4917983313544094,0.4964169131015587,0.4981399792280904,0.4987554059704393,0.49908234492549763,0.49927158150855105,0.49941078842212105,0.4995049121757988,0.49957492989935676,0.4996372164501995,0.4996864707799491,0.49971581507866497,0.4997447134442756,0.49977250617862207,0.49979967620778504,0.4998141879311605,0.49983244110580877,0.4998443008124966,0.49985829506101553,0.49987200701528045,0.4998794023715901,0.49989056234278795,0.49989293639440563,0.4999034747314427,0.4999028692722927,0.49991239660960457,0.4999229257838158,0.4999215808046783,0.4999285068757028,0.49992907614797066,0.49993597267088424,0.49994146837493975,0.4999422661862909,0.49994360586627584,0.4999453475674334,0.49995046591008274,0.499948215093838,0.49995189927655465,0.4999516726559154,0.499953579829109,0.4999557483560633,0.49995811057032447,0.49995938165179055,0.49996146350309784,0.4999641801013643,0.49996108985230775,0.49996192187669203,0.4999626396876715,0.4999629453370236,0.499964994100414,0.4999643320417599,0.49996410000856895,0.4999638699853732,0.4999683517977395,0.499965785809621,0.4999687953178261,0.4999715511429708,0.49996931967277713,0.49996893886279115,0.49997073486721816,0.4999704396453672,0.49997041320398605,0.4999726927061035,0.4999707123596871,0.4999721733462735,0.4999719051611898,0.4999725260702906,0.49996864117261014,0.49997179269400005,0.49997523344201333,0.49997153925712157,0.4999758133027739,0.49997133925749826,0.4999754882286114,0.49997364503117414,0.49997130191581746,0.49997467884248425,0.49997364406658235,0.4999755408378335,0.4999756953103118,0.49997363328254624,0.4999732975279538,0.4999764805943029,0.4999715649096356,0.49997234711143984,0.49997357243668517,0.49997359028270644,0.49997466274434205,0.49997137392769786,0.49997480361610164,0.499974280283981,0.49997709584788247,0.4999743763258787,0.49997465787444445,0.4999751066223367,0.4999728157858553,0.49997320876401213,0.49997283587169067,0.49997300258678146,0.4999761150723053,0.49997519761899645,0.4999744402396836,0.4999715866247533,0.49997597181072556,0.49997426798449557,0.4999752430981346,0.4999721655528786,0.4999745557517794,0.49997561325854045,0.4999737690488513,0.4999755047402682,0.49997282517993646,0.49997555373976993,0.4999742617535051,0.49997588181684627,0.4999759858378536,0.4999744994165543,0.4999740431090997,0.4999747636296857,0.4999751779474696,0.499973630492288,0.49997430755757283,0.4999733432363147,0.49997431313455026,0.4999718015509807,0.49997448569545067,0.49997448168267844,0.499976612324771,0.4999743244322603,0.499974137816055,0.4999759787121166,0.49997541615691854,0.4999750966886639,0.499976794673037,0.4999734082426154,0.49997565229072083,0.4999747035147235,0.4999756275606568,0.49997575198912536,0.49997581893997545,0.4999762048877659,0.49997713806092603,0.49997555441473673,0.49997162797218736,0.49997493327260856,0.4999754787219441,0.4999750925456517,0.4999740352792579,0.49997408626034306,0.49997449051038284,0.4999757501481132,0.4999761742086961,0.499976439072497,0.4999749354980101,0.49997546037071067,0.4999739882828197,0.4999740143975788,0.49997306110943135,0.4999764225158896,0.49997525224265327,0.4999746317323986,0.49997654210226466,0.49997605915632226,0.4999744561073516,0.4999751964414052,0.49997415641795834,0.4999748371882622,0.4999747424158579,0.4999729390616736,0.4999733371274856,0.4999744933262993,0.49997568274200793,0.49997338637899263,0.4999767772442324,0.4999742160982797,0.49997588074331756,0.499974987861557,0.49997609384057223,0.49997494856147295,0.4999763369750701,0.49997598402440324,0.4999735454905209,0.4999753434947029,0.4999748927440517,0.4999754279391746,0.499975019937599,0.4999738849536871,0.4999752558125656,0.49997460111416564,0.4999745363347671,0.49997583970425524,0.4999746010957496,0.4999762044693241,0.499973869763843,0.4999761091623405,0.49997338130518,0.4999742746919976,0.49997599044372026,0.4999754026579647
0.8,0.4898870073059684,0.49186947597531355,0.4963634249859223,0.4981586262354347,0.49874949160943727,0.4990855743851316,0.49927620200680106,0.49941456720733807,0.4995068732559978,0.49958555356585516,0.49963079643205144,0.49968606318922676,0.4997244051927784,0.49975097749570196,0.4997732628871158,0.4997951633275051,0.49982111223079273,0.499831512794468,0.49984121492202477,0.49985924422352607,0.4998714219389002,0.49988021318891507,0.4998892300434527,0.49989571582297254,0.49989728203541767,0.4999133423871055,0.4999181837491111,0.49991787754046596,0.4999265497513533,0.49992489267205215,0.4999332717969033,0.49993764539453306,0.4999389320254272,0.49994277719981073,0.49994093248333604,0.49994584201943504,0.4999453397331995,0.4999546967630006,0.49995335671174995,0.4999556613184765,0.4999586660793682,0.4999553737801032,0.49995644682668855,0.4999564198250179,0.49995910233822355,0.4999629448418544,0.4999621095366473,0.49996124602097974,0.4999633695701299,0.4999631627275854,0.4999663652312043,0.499964577185316,0.4999676605508938,0.4999662796522022,0.4999673344968361,0.49997004623518554,0.49996960294362575,0.4999675870173461,0.4999662812808014,0.4999698082367957,0.4999709448226386,0.4999723942839335,0.4999727041497884,0.4999675659405603,0.49996902890525136,0.49997477920062905,0.49997130029394876,0.4999672344972621,0.49997436826406694,0.49997181336877106,0.49997287299358856,0.49997168513723506,0.49997401686292986,0.4999736650686855,0.4999753221494787,0.4999740911830205,0.499975719079433,0.49997500635688447,0.4999735233661368,0.49997501217249757,0.4999742239505073,0.4999720272584914,0.4999729930030375,0.49997370307830985,0.4999718956033028,0.4999756593234097,0.4999718242035947,0.49997389985143054,0.4999757085055315,0.49997204929852385,0.49997218555104567,0.49997528993198315,0.4999764519404646,0.4999744810643579,0.4999735922265735,0.49997598227528156,0.4999751225690761,0.49997208489271994,0.4999744799762782,0.49997632792580055,0.4999736403592504,0.4999748358066802,0.4999756603195121,0.4999727554019792,0.4999759229706014,0.49997148644952166,0.4999767549242653,0.49997635830631254,0.49997330298705267,0.4999734776146384,0.49997300273013695,0.4999765356306018,0.49997473019939764,0.49997342763255115,0.49997616103065484,0.49997511550877655,0.4999737961094529,0.49997476366742283,0.49997379709230205,0.49997523613798117,0.499976985857448,0.49997683262679343,0.4999707642690471,0.49997377668205345,0.4999740592338838,0.4999778568652959,0.49997340387189276,0.49997470865771965,0.49997415016385804,0.4999737638273338,0.499977178198748,0.4999741889090075,0.4999737863118614,0.4999764346394293,0.49997461621477346,0.49997470202050115,0.49997436746644847,0.49997567185527475,0.49997370819394654,0.49997532649864757,0.4999753745909854,0.4999777847172742,0.49997595576123893,0.49997525691312344,0.4999731238316827,0.4999742730363349,0.4999734350610359,0.4999774701755567,0.49997539643770805,0.49997702655651377,0.49997479403615047,0.4999767746013495,0.4999742450068092,0.4999759357098129,0.4999743030362221,0.4999756764966891,0.499973632912677,0.4999743564323492,0.4999757233774093,0.49997227596244453,0.4999780648440269,0.4999753544002332,0.49997520839019144,0.4999759155436276,0.4999753581249553,0.4999758991374288,0.4999764496082213,0.4999745974237682,0.4999750755185643,0.4999754000962136,0.4999763114367531,0.49997544174144715,0.49997214541775103,0.499974155444715,0.4999744719280919,0.4999758338617697,0.49997485554409876,0.49997569451053175,0.49997502508999375,0.49997506571498057,0.4999742601023227,0.49997561720184575,0.49997494512646523,0.4999749158768098,0.4999727547268796,0.4999763352473863,0.49997516851130336,0.4999748999090367,0.4999743334704936,0.49997466471833213,0.4999766774036319,0.49997617370317227,0.4999740885281822,0.4999765246999033,0.49997306942775693,0.4999763949126243,0.49997456527995576,0.49997504866239373,0.499975399978272,0.4999753786517684
0.9,0.48989453966442825,0.491765460273417,0.49638227996601403,0.49811560056218823,0.4987666285144068,0.4990780115583667,0.4992765247581487,0.49940743379821334,0.4995094776378513,0.4995832685510097,0.49962536292548965,0.499688083762813,0.49971877614490473,0.499749638340909,0.4997717518211397,0.4998016315769575,0.4998159314151935,0.49983778017313196,0.49984374336650295,0.49985311357822276,0.4998729082957181,0.499875552128662,0.4998856005074908,0.499892064441936,0.49990248632630435,0.49990754558964196,0.49991867088831116,0.4999179587348621,0.499915671858987,0.49992707317612767,0.4999260690837263,0.4999343827543531,0.4999326400748005,0.4999399322406294,0.499946875785477,0.4999453879549661,0.49994279837499345,0.49995296590444116,0.49995505876468815,0.4999522943653896,0.4999566206003302,0.4999552182071838,0.4999567689971388,0.4999581520019748,0.4999655682267609,0.49996201345499897,0.4999603255643802,0.4999643482132978,0.499961211031517,0.4999696044990182,0.4999647663360986,0.4999633157060358,0.4999689793273539,0.49996570355784,0.49996920743100665,0.49996753778400066,0.49996577364139067,0.4999689274439786,0.4999698481987821,0.4999649409533805,0.4999713834257601,0.49997497251549755,0.49997122347319356,0.499972491729865,0.4999705820473001,0.49997092077482613,0.4999704924416739,0.4999706832508187,0.499971682350384,0.49997308386020883,0.49997184615518,0.4999738443562269,0.4999706181419883,0.4999755793886003,0.4999685147387362,0.4999725233250798,0.4999725119551883,0.49997613389944123,0.49996988921122276,0.4999691874410723,0.49997666305488936,0.49997241812442816,0.4999762650035322,0.4999722383553805,0.49997152537661455,0.4999758765454802,0.49997266482871355,0.4999739484642238,0.4999734109235664,0.4999734661260319,0.4999734990885669,0.49997410051146307,0.4999734298099139,0.49997367692841305,0.4999718185534078,0.4999755877380072,0.4999728299693526,0.49997741712512106,0.4999745120797506,0.4999723389294739,0.4999733359093411,0.4999735664029482,0.4999724124795876,0.4999731847341833,0.4999751559257307,0.49997462525406994,0.49997161702325454,0.49997098656033095,0.4999755654626577,0.49997949900163985,0.4999740438415513,0.49997198097034284,0.4999762745226186,0.4999764729802966,0.49997353647490667,0.49997569374385303,0.49997530232111415,0.4999756610840904,0.49997418274174943,0.4999710376187728,0.49997609501144,0.49997425569016213,0.49997290130522876,0.4999737987444477,0.4999777856825601,0.4999733051245165,0.49997283665390746,0.49997383119308525,0.49997408934312365,0.4999744881252871,0.49997600551211313,0.49997588430855594,0.49997499037546234,0.4999749545755252,0.4999737859222559,0.4999768429230914,0.4999746932810847,0.4999746657177194,0.4999740013525741,0.49997257440307713,0.4999720919975852,0.4999761170490868,0.499974344086009,0.4999749749462079,0.49997670707432423,0.4999756096008843,0.4999754393812086,0.49997508438471533,0.49997496202336805,0.4999758786594564,0.49997312455624365,0.49997534146993156,0.4999747081904265,0.4999736371329522,0.49997404149145297,0.49997436687433766,0.4999734153900486,0.49997629163467966,0.4999743749558453,0.49997410787520746,0.499973469418458,0.4999759347971451,0.49997811735761144,0.49997506449577533,0.499976031358734,0.49997416126085076,0.49997729645251404,0.4999738326523351,0.4999742929230715,0.4999753875966978,0.49997562370462345,0.4999752164834935,0.49997550896651743,0.4999764693222721,0.49997700398580397,0.49997453936250913,0.49997567273816607,0.4999770839063476,0.49997613538082597,0.4999727670494202,0.49997657765599957,0.4999757522985295,0.49997443671459935,0.4999750354026887,0.49997363047370036,0.499974389336377,0.4999753232263688,0.499973210793252,0.4999753299455282,0.4999740598138893,0.49997368381816826,0.4999731620143541,0.49997475893323,0.4999771130489896,0.49997411851936696,0.4999736025353963,0.49997423153466614,0.4999743937967639,0.49997717474379355,0.4999732965717591
1.0,0.4898625215768343,0.49186947090938726,0.49637593618001263,0.4981347182741372,0.49874520596457095,0.49909300521907174,0.49927560253936204,0.4994162027820902,0.4995066678249015,0.4995904926105094,0.4996335988329911,0.49967957606299923,0.4997165976200057,0.4997409022972991,0.4997819869035474,0.49980141777269005,0.49981990859767783,0.4998361840463677,0.4998563049906743,0.49985441906764994,0.49986914299477714,0.49988265921234964,0.4998886454614964,0.4998899744341359,0.4999028475168014,0.49990905082306525,0.4999156550702151,0.4999169430186611,0.49992276236811917,0.49992900785396066,0.4999369466625547,0.4999340243947282,0.49993141691719073,0.49994031750675105,0.49993995729125246,0.49994420733493705,0.49994738838287694,0.4999478946742255,0.49995443314057625,0.4999512658236733,0.499949953566552,0.4999548385445914,0.4999569774592652,0.49995798211067705,0.49996459283077216,0.4999647894318379,0.49996461458850966,0.49996609390950136,0.49996478913132497,0.49996182034472736,0.49996384376071523,0.4999720266809456,0.49996565022718875,0.4999669691144564,0.4999608217706389,0.4999644278976992,0.49996423503481197,0.4999684820002608,0.49996642715472234,0.49997015901055863,0.49997557974896395,0.49997002066803753,0.4999663168156446,0.499970683408587,0.49996764838546626,0.49997350285699127,0.4999719292697969,0.49996571601057804,0.4999712960971145,0.4999701396465661,0.4999732355979665,0.4999753007797586,0.4999692758655202,0.4999758403726613,0.4999734899185501,0.4999753678078982,0.49997011347163833,0.4999752075400733,0.49996835218064706,0.49997077993084466,0.49997549565479876,0.4999751797662074,0.49997435317058375,0.49997461768384144,0.499973397105076,0.49997403933701706,0.49997584828840097,0.4999725688483072,0.4999730770737167,0.4999762848921072,0.4999714238388344,0.4999774276104727,0.4999706473875773,0.499971219560421,0.4999774252105825,0.4999758567286608,0.4999766746695258,0.4999782579727268,0.49997431045371593,0.4999759832737221,0.4999769417768962,0.49997950392062557,0.4999747230997586,0.4999742635950962,0.4999770552590987,0.4999723351964373,0.4999725153320839,0.49997508344193914,0.49997604238389937,0.4999750044268806,0.4999752827006641,0.4999734271450873,0.49997387664041293,0.4999763255323389,0.49997495705808076,0.4999756053231349,0.49997317550902504,0.49997277650103705,0.49997547544676546,0.4999742655206493,0.49996992796736317,0.4999772670811195,0.4999750903065329,0.49997810535257353,0.49997412680222153,0.4999741298039048,0.49996987363281115,0.4999739669034639,0.4999745099181708,0.4999728958434615,0.49997499954651603,0.49997597796599524,0.49997345341162513,0.49997569057146,0.4999721828351352,0.4999728066327385,0.4999771954060478,0.49997507908527433,0.4999728606426101,0.49997112898447416,0.4999752441416613,0.4999755356168231,0.49997381321312856,0.49997439606690425,0.49997434931971335,0.4999761163627006,0.4999763186868809,0.49997492216825,0.49997383680015917,0.49997362617424934,0.4999768172326042,0.4999756931351287,0.49997280078961787,0.49997489476411905,0.49997618586136,0.4999768766753956,0.4999707971771667,0.49997501422575613,0.4999731286356574,0.49997687099542004,0.49997053326556695,0.4999765453688571,0.4999727533914176,0.4999747967601847,0.49997427542432227,0.4999759861923348,0.49997315586451746,0.49997524650892167,0.4999721945950688,0.49997499166447246,0.49997540562971576,0.4999740915201966,0.49997540595694795,0.4999774230222252,0.4999746768274811,0.499977336419584,0.4999745308337668,0.49997453940214326,0.4999756524162849,0.49997692856772136,0.49997794155555897,0.499975267928209,0.4999765518725529,0.4999761703972048,0.49997493372092394,0.4999715751256584,0.49997523127658167,0.4999734574591867,0.49997639679423456,0.49997223738085805,0.4999749620480864,0.4999761853382292,0.49997416597827815,0.4999708980237314,0.4999759103863497,0.4999720984691428,0.4999750412227958,0.49997527505753386,0.49997504399795334,0.49997465047093953
1.1,0.4898711367763606,0.4918064597438662,0.4963365577995385,0.4981224582290514,0.49876376468224787,0.49908404881761587,0.49927980279588813,0.4994147267272732,0.4995191442967814,0.49957373143368283,0.49963376035271323,0.4996853769796995,0.49972419930189754,0.49975727178429413,0.4997670504584065,0.4997990080956074,0.499812309640517,0.49982087771997424,0.4998498619587673,0.49985693984826063,0.4998690383082989,0.4998776730129242,0.4999005232688046,0.4998981279026042,0.49990676463653344,0.49990681184705554,0.499918406737863,0.4999206825918875,0.49993038314464067,0.4999374378792794,0.49992334521647863,0.49993425790829826,0.4999355792339889,0.4999505623156091,0.4999413592746074,0.4999445806858673,0.4999572202776132,0.4999490138334684,0.49994855694341184,0.4999575396944051,0.49995687986335186,0.4999587452548197,0.49995498621863055,0.4999560723890909,0.4999595858760991,0.4999595206871872,0.4999586333499075,0.4999643543094977,0.4999655518410686,0.49996769864799034,0.4999682874073741,0.4999673940120391,0.49996743571752555,0.4999666466944524,0.499967245049484,0.49997075640372957,0.4999681989590475,0.4999635737663687,0.49997315562200345,0.4999716583404387,0.49996924690814665,0.49997241343344295,0.4999699643773547,0.4999720005307657,0.49996900666679195,0.4999714146466029,0.49997221870151953,0.4999726036122233,0.4999697269407249,0.49997192539429347,0.4999715237069998,0.49996966342016913,0.4999734859976757,0.49997549807131675,0.4999753616527249,0.49997100135650013,0.4999718208859024,0.49997386218390455,0.49997129648900573,0.4999740369134886,0.4999762401765319,0.499977340789391,0.4999700792747959,0.49997331573738596,0.4999732550414223,0.4999738100649562,0.49997175441404657,0.4999730763156913,0.4999756756934274,0.49997213472242974,0.4999728674525768,0.4999750265822069,0.4999745110149437,0.4999711139726683,0.49997495604810893,0.4999729430238337,0.49997408712139774,0.49997446549418817,0.4999763096093885,0.49997393652313044,0.4999753038887062,0.49997653730988195,0.4999749769402878,0.49997709971806653,0.4999718752501722,0.4999748295065711,0.49996986792511516,0.4999718571065228,0.49997120204583506,0.4999773397196704,0.49996909251751553,0.4999720278708384,0.49997390522269497,0.49997338883690445,0.4999757464356983,0.49997510119307303,0.4999731998547235,0.4999716616456568,0.49997336416002386,0.49997158722806617,0.4999737906490882,0.49997512803818106,0.4999707696032933,0.4999757548248009,0.4999749890306109,0.4999753514706036,0.499976548558829,0.49997924148355083,0.4999763524671993,0.49997785257797056,0.499977420218871,0.4999780038321957,0.49997737405450765,0.49997502261442744,0.4999762561441381,0.4999759351589442,0.4999757199629839,0.49997477667703555,0.49997614170580795,0.49997629864590093,0.4999762006014584,0.49997224145171915,0.4999748330092913,0.4999760503302542,0.49997388566904744,0.49997588988047065,0.4999735816893277,0.49997469842865494,0.4999753153693911,0.4999757665107673,0.49997923440930575,0.49997411596820174,0.4999747409782732,0.4999725407384511,0.49997589298799033,0.4999749324806553,0.4999767455570861,0.49997580040690387,0.49997426569343156,0.49997751456422623,0.49997398149988465,0.4999774114456883,0.4999774776967684,0.4999721290719708,0.4999758992974757,0.4999767863969805,0.49997537401770853,0.4999757157598707,0.499973272956732,0.4999731200421632,0.49997635254974837,0.4999728159463826,0.4999742695823362,0.49997602123166696,0.49997650366471896,0.4999754115279267,0.499977533097001,0.49997527730778774,0.49997572715410066,0.49997689340228446,0.499972662543152,0.4999751816404828,0.4999770029080802,0.4999739190354653,0.49997350943610824,0.4999757852867889,0.49997030317451024,0.49997443636774824,0.49997629817766376,0.49997469306982006,0.49997685099867556,0.4999724899883148,0.4999743486973571,0.49997435586560623,0.49997222036568145,0.4999734954346662,0.4999752901948535,0.49997354129689336,0.4999750873685811,0.4999743336214902
1.2,0.4898609224068382,0.4919606700797524,0.49633951523153247,0.49814728792602303,0.4987206048825861,0.49907750939645723,0.4992850716746037,0.49940681127748543,0.49951904015220594,0.4995812625777383,0.49964987168832325,0.4996805087412433,0.4997320604990157,0.4997529627431814,0.4997780516907813,0.49981237597159245,0.4998120818551061,0.4998286147184192,0.4998407154104307,0.4998638235710881,0.49985698438860504,0.49987766579323856,0.4998863805064952,0.4998985536181984,0.49990027995544456,0.4999037042651024,0.49991259169488433,0.4999227573595753,0.4999179517031888,0.49992619639706826,0.49993108598285696,0.49993812535572774,0.49994122667009605,0.4999445346897022,0.49995102318693513,0.49994072256097605,0.49994671584171896,0.4999490862165083,0.4999534092172294,0.4999506802180456,0.49995908169160863,0.49995757979176514,0.49995662687137676,0.499957305879396,0.4999581051428189,0.4999644033257965,0.49995844401224393,0.4999678376897049,0.4999676479677422,0.4999660534952939,0.4999664931564419,0.49996633403684515,0.4999674076671701,0.49996683970871136,0.4999637710156395,0.4999709238874204,0.4999653648122209,0.4999699079371511,0.49996805715505654,0.4999661441711644,0.49997332578758297,0.49996972203779694,0.49997351878269825,0.49997097851271133,0.49997095761155513,0.49997195150425594,0.4999702375724624,0.49997148952625975,0.49996864407573516,0.4999742150711178,0.4999746252304956,0.4999696277699017,0.4999746250326758,0.49997305857386515,0.4999752271351113,0.4999752177615795,0.49997122292680396,0.4999698414232805,0.49997401688051424,0.49997652615371607,0.499974332285019,0.49997589997385194,0.49997785179328813,0.4999774974007571,0.4999771366860738,0.49997293441371543,0.4999736383887567,0.49997809086081896,0.4999730359030435,0.4999713755141394,0.4999743066204917,0.49997152894558217,0.49996905874197994,0.4999749899602437,0.49997282323051906,0.4999753868750881,0.49997556732196513,0.4999760431051879,0.49997612720218354,0.4999681509956566,0.4999762663639318,0.49997485948491105,0.49997644934354935,0.4999740447606984,0.49997512917205245,0.49997527249332513,0.49997525803558085,0.49997634915348016,0.4999671836373961,0.4999742021399837,0.4999770706971117,0.49997318086637493,0.49997475284177345,0.49997420199756143,0.4999730146934686,0.4999757182310978,0.49997284947813436,0.49997696337921826,0.4999790250086234,0.4999765138883343,0.49997188557927147,0.4999771383723533,0.4999758449206016,0.49997468201982337,0.4999733063201403,0.499972114277661,0.4999742408954495,0.499977951572547,0.4999737673659096,0.4999733960793248,0.49997197536925264,0.49997615762493564,0.4999772216353299,0.49997592125726037,0.4999736974928479,0.4999791445176807,0.49997359960370463,0.4999777300137217,0.49997865712520445,0.49997435759428926,0.49997595012514945,0.4999734329693449,0.4999749121781824,0.49997637623386276,0.49997515567839407,0.4999737250462902,0.4999701460049001,0.49997657305246346,0.49997488362444553,0.4999793001733763,0.4999750936713424,0.49997343971132185,0.49997349584106615,0.4999749891420275,0.4999722459528872,0.499974662873766,0.4999752338850711,0.49997384562635727,0.4999756548878298,0.4999778526745366,0.49997283742513127,0.4999719910784314,0.4999756552718934,0.49997550794062345,0.49997189897960587,0.49997375695320045,0.49997430633039835,0.49997382286175895,0.49997378600298054,0.4999766235296543,0.49997750806718355,0.4999762328149744,0.4999764321550954,0.49997277313124433,0.49997328350896203,0.49997613156659415,0.4999772446183904,0.4999748918716662,0.49997546721644953,0.4999728230122661,0.49997648502094516,0.49997360461189777,0.4999760644160741,0.49997183604544954,0.4999748425596715,0.49997768426969413,0.49997620297534356,0.49997750780819245,0.49997432849238765,0.4999746974218035,0.49997630573971025,0.4999751615013526,0.4999745829906587,0.499976699589234,0.49997503437192675,0.499974798110117,0.49997659237384773,0.4999774360218562,0.49997425974634574,0.49997358315870677
1.3,0.48984219994420525,0.4920234795076246,0.49629693317360163,0.49813069463409665,0.498749328441484,0.49907841215879134,0.499288492225664,0.4994167034151568,0.4995052333057914,0.49957853307562383,0.49963633505278543,0.49968466802144595,0.49970675855673063,0.49975559428428074,0.4997900985127415,0.49979222495425507,0.49981386648551857,0.49984263445388216,0.49984676298032016,0.4998632128355718,0.4998727113023351,0.4998807385477564,0.49989257726909564,0.4998992104934426,0.4999048004078588,0.49990749984338584,0.4999133412751136,0.4999238484590047,0.49991975814846984,0.49992913331733047,0.4999335027722393,0.49993690055226364,0.4999447376291211,0.4999482837346384,0.4999423638189625,0.4999436026204686,0.4999482569799901,0.4999553708388397,0.4999539805144275,0.49994878445226404,0.4999633802879939,0.49996465773522286,0.49995852615068054,0.49995330576734637,0.4999632565047372,0.49996689845317555,0.4999601200829512,0.4999636476711432,0.49996761649363786,0.4999676429564371,0.4999679394644926,0.4999645744886159,0.4999695314238526,0.499969332414337,0.49996311102620355,0.49997195911970393,0.499970766436301,0.49996581169293425,0.49997107165039517,0.49996892464165243,0.49996631556631516,0.4999707272433051,0.4999719955995888,0.4999646469891301,0.4999697371859398,0.499976150490804,0.49997395584859583,0.49996852979615625,0.49997259905552666,0.4999682214439222,0.49997315139208226,0.499970791997615,0.49997581334608565,0.4999699373750963,0.4999738829872817,0.49997225500116843,0.4999761142925452,0.49997621246596047,0.4999720986341611,0.4999767731513641,0.4999768251225943,0.4999740325236301,0.4999733052616562,0.49997153340381806,0.49997862754535427,0.49997440586913644,0.4999734538924767,0.4999704872633074,0.49997061123578157,0.49997101995041754,0.49996945934404313,0.49997501268031946,0.49997415405301393,0.499979187560956,0.49997837595696604,0.4999725530510543,0.4999723422025298,0.49997524927093867,0.4999769112953839,0.49997471060697274,0.4999775906614207,0.4999761435797719,0.4999706813221998,0.4999755086260492,0.4999726200908727,0.4999800590294305,0.4999750777642035,0.4999777181089661,0.4999775927789719,0.4999761107104006,0.4999786434801851,0.499970897275425,0.4999752424703102,0.499977217603546,0.4999714040239901,0.49997198671249254,0.499975156767506,0.49997604432948844,0.4999730318277862,0.49997293161817646,0.49997790034100287,0.4999768119335125,0.49997483107250534,0.49997895965188927,0.4999765429335646,0.499975954718293,0.4999739737040727,0.49997523547773953,0.4999716548888321,0.4999750042900904,0.4999744273020484,0.49997338874908837,0.49997224301607346,0.49997892813608985,0.49997453323737234,0.4999749974362684,0.4999743191809438,0.49997407272713534,0.49997749245474243,0.499973010945659,0.49997277180580607,0.49997500893662716,0.499975668278497,0.4999692287011947,0.49997499694311287,0.49997254016692483,0.4999741603035982,0.4999736022120912,0.4999731626858664,0.4999780542654373,0.4999760332292852,0.4999761330715134,0.4999745651981835,0.49997646248836647,0.49997571655084105,0.4999762327500228,0.49997364560345847,0.49997776678029915,0.49997805800062495,0.49997642842279527,0.4999765288056654,0.4999713548504821,0.4999781063413446,0.4999742868588822,0.49997597354898393,0.49997407828961415,0.49997607105891845,0.4999755502825869,0.4999733400816805,0.4999753233435231,0.49997423597792734,0.49997522297171754,0.4999749310358968,0.4999739560457392,0.49997614893303205,0.499977026280965,0.4999746400632287,0.4999747031859692,0.4999736851338446,0.49997567183684016,0.4999755031704996,0.49997376265156424,0.49997586546083217,0.49997470088909535,0.4999754824966099,0.49997242120103913,0.4999734370591525,0.4999719847289665,0.49997535504479657,0.4999764689571437,0.4999744781910752,0.4999745539415539,0.4999761721015759,0.49997483717112257,0.4999781644600129,0.4999732582074132,0.4999730604550325,0.49997571167284266,0.49997449075278666,0.49997627192426497
1.4,0.48994501151522873,0.4918865359165086,0.49645372339600935,0.4981144706179404,0.4987438156674391,0.4990900996664664,0.49926912445791655,0.49940567666816754,0.49950041843757065,0.49958916799564657,0.4996470143440476,0.4996847925514556,0.4997133527161001,0.49975553086472324,0.4997842110410536,0.4997742474151566,0.4998180026636735,0.4998498326558633,0.49984946869637314,0.49985301412176414,0.49987634190730895,0.49988557644709036,0.49988306221832896,0.4998954663169857,0.49990038310535123,0.4999040784908864,0.499896913827102,0.4999199754003267,0.49992870718837645,0.49992346670159266,0.4999371739711873,0.4999407259819201,0.4999423833654801,0.4999396114407492,0.49994199454775984,0.4999463491003854,0.4999526579258365,0.4999526728156152,0.49995669649779695,0.49995444443942266,0.49995511419261096,0.49995680044228524,0.4999548898939005,0.4999590874082168,0.49996287703795017,0.4999685164270761,0.49996323562595474,0.49996331223945606,0.4999625016940576,0.4999626078445567,0.49996154542296184,0.49996540038896564,0.4999640282601859,0.4999648746520699,0.4999688217633142,0.4999704476651862,0.49996819370881757,0.49996320398660454,0.4999712286733301,0.4999717938209932,0.49996797996422443,0.49996785049740594,0.4999723541669897,0.4999738901871591,0.49996305878650066,0.4999707055838425,0.4999719894794514,0.49997661642701857,0.49997759084736,0.49997372605413637,0.4999691159369614,0.49997672514735103,0.4999701549000918,0.4999743039916412,0.49996990022711163,0.4999710852338827,0.4999712196922141,0.4999766233352205,0.49997585168850267,0.4999711720129011,0.4999757524220704,0.4999771939386575,0.49997501614474915,0.49997590399864555,0.4999707124665621,0.49997174446488135,0.49997514495991235,0.4999751248144765,0.49998198424988916,0.4999751007404092,0.4999711453020307,0.4999718089100929,0.4999743778433709,0.49997124645849816,0.4999753405045185,0.4999718954693937,0.4999729375439807,0.4999709044153318,0.49997366156888173,0.4999751911482828,0.4999754596529911,0.4999744259794967,0.49997519155092635,0.4999715640760424,0.49997381345308567,0.4999769946899707,0.4999748937359138,0.49997642769440653,0.4999722362410245,0.4999786152564959,0.49997269720935117,0.49997405088623653,0.4999757445379612,0.4999730863551054,0.4999725395184958,0.49997209376038254,0.49997040654078284,0.49997909758231396,0.49996986911234026,0.49997691835001845,0.4999727168526659,0.49997511983325066,0.49997632384846785,0.4999775458158469,0.49997134171603064,0.49997580669896613,0.49996860566920304,0.49997686072249153,0.4999767298216261,0.4999745851029064,0.499973338491168,0.4999758890691018,0.49997525430150985,0.4999723841198117,0.49997684945837495,0.49997368105977424,0.4999752618847059,0.49997576140231065,0.4999689540833241,0.49997617111763,0.49997417056949517,0.4999717037975836,0.4999768100634201,0.49997373025407427,0.4999727114534909,0.49997605970093423,0.4999741893070211,0.4999742015408403,0.49997724647608704,0.49997614833515036,0.49997309189498756,0.4999741049975207,0.4999744849400784,0.4999754007997139,0.49997909502471954,0.49997560681402925,0.4999751087369921,0.4999739637139902,0.499971221638711,0.4999746220448833,0.49997749089116666,0.49997404400278517,0.49997441592839753,0.4999749942795429,0.4999781878047416,0.49996944811090244,0.4999739766258235,0.4999747069757419,0.4999753571127685,0.49997213451245504,0.4999752917784444,0.4999796669331231,0.4999757697794069,0.4999735103873135,0.49997584915594767,0.4999756311762264,0.4999759979505645,0.49997898101259836,0.4999758821778217,0.49997493554763406,0.49997538205760594,0.49997459585428516,0.4999727531047464,0.4999774140914197,0.49997570785764184,0.49997772543246904,0.49997798846584757,0.4999750765503914,0.4999782966980352,0.49997237628697355,0.49997374484299323,0.4999708579640572,0.49997761883230396,0.49997134441587354,0.49997381880663133,0.49997090967072305,0.4999765113325592,0.49997402170529953,0.49997659843031206,0.49997454068087815
1.5,0.4899999451432822,0.49172765821883385,0.49631067025312975,0.4981414079203202,0.4987544245089861,0.4990617826286623,0.49926440779050957,0.49941571286055403,0.49951749564228953,0.4995598981441697,0.4996449270604409,0.4996657166480497,0.49972928287542107,0.49976049203984907,0.4997640820379567,0.4997961369875716,0.4998195409943352,0.4998274721809114,0.499844855417391,0.49985950933363166,0.4998664112996716,0.499881563819446,0.49988967224801834,0.49989409012470526,0.49990420389142143,0.49991302026836437,0.49990978026112126,0.49993433924738573,0.4999195143996641,0.49993112080996016,0.4999422088193171,0.49993393486389975,0.4999356088838277,0.4999483071233747,0.49994182471019777,0.49994108899097567,0.499945710727997,0.49994302451642897,0.4999496753244262,0.4999585382145942,0.4999617092586217,0.49995196550547133,0.4999586098543035,0.4999578057773872,0.4999580637262043,0.49996209831780547,0.499962566635,0.49995864906341875,0.49996810386375407,0.499964881175618,0.4999691625094172,0.4999652586047796,0.4999614501350627,0.4999634044566032,0.49996543280061917,0.4999690053802994,0.49996608403190024,0.4999734862390279,0.4999659512210491,0.49997736577850627,0.49997399014691635,0.49996853006344333,0.49996650172061347,0.49997251800810755,0.49997378989317165,0.49996984309758186,0.49997044005368574,0.4999716386770551,0.4999738697769713,0.49996972991249544,0.4999790563908873,0.4999745997527002,0.4999760516971451,0.49997701468331596,0.49997099019719754,0.49997673196843206,0.4999667061379527,0.4999729800411099,0.4999720192077197,0.49997723479075706,0.49997209900092626,0.4999755180971262,0.4999758842916685,0.49997536661508934,0.49997152181173043,0.49998153302686754,0.49997442549545235,0.4999728241633914,0.49997671299827906,0.4999717855070341,0.49997455925852824,0.4999696362382847,0.4999733701627374,0.49997331663158745,0.49997147844271134,0.4999704988975306,0.49997639017255063,0.49997066073437607,0.4999763075222129,0.49997914412740335,0.4999726830596609,0.49997174510392234,0.49997953659929517,0.4999817227454529,0.49997290259722715,0.49997625991313005,0.49997460336995786,0.49997243109982914,0.4999814129554938,0.4999780897981482,0.4999780975247203,0.4999759286957549,0.4999778577728986,0.4999776350079293,0.4999812446246686,0.4999757589533308,0.49997938256885316,0.4999786445548903,0.49997285250962725,0.49997827743071144,0.4999763262748736,0.49997871885665573,0.4999771884890301,0.49996977761937894,0.49998029744372224,0.499977081514565,0.4999747216771153,0.4999729589286321,0.49997604809333324,0.4999717864576197,0.4999808813460515,0.4999750447108969,0.4999738146428903,0.4999748054943232,0.4999728181794279,0.49997474286979793,0.49997515480124954,0.4999735724758431,0.49997850875233474,0.49997324242420643,0.49997549389711093,0.49997721582064036,0.4999706270393883,0.4999793316534691,0.4999718972052327,0.4999749684368752,0.49997389255325253,0.49997128234365235,0.49997750306251787,0.4999755961408035,0.49997006038461006,0.49997343763989016,0.4999704148387015,0.49997509124886813,0.4999757972153654,0.4999717165591108,0.4999741780740198,0.49997662154472805,0.49997363311086396,0.49997853610830245,0.4999771664161386,0.49997610724935526,0.49997705133569675,0.4999764009029974,0.49997657808514456,0.49997331644197185,0.49997319490619047,0.49997648111817977,0.4999745412599699,0.49997542081846313,0.49997306985968326,0.49997729237567523,0.49997608195460636,0.49997391571305044,0.49997247784527993,0.4999713446815492,0.4999750720913661,0.4999734468740614,0.49997595779944587,0.49997319931539136,0.4999738588764412,0.49997990944307086,0.49997099358776886,0.4999764434405562,0.4999727237935441,0.4999751183020029,0.49997461260019826,0.49997683626625616,0.4999718143431431,0.4999758231516172,0.49997119632772524,0.4999746830355325,0.49997149373354866,0.4999782855210025,0.49997404661672273,0.49997726778427803,0.49997567820498556,0.4999733118491,0.4999771762297817,0.4999734281880733
1.6,0.4898784242681468,0.49186222484709075,0.4963146111567651,0.49810277428406746,0.49879823155715675,0.4990767493302095,0.49928368335676987,0.49941244959181086,0.49951337914743654,0.49957678428915997,0.49962556614297915,0.4996880919204291,0.4997159948786822,0.499736807276019,0.49976145969808644,0.49980344923379116,0.49982762137161424,0.49983216103461275,0.49984435011864115,0.49985995736803385,0.49987171389121,0.49988042108106256,0.4998946727479013,0.4999000745281846,0.49990292487277754,0.4999031307964003,0.49992837556853775,0.4999227991189398,0.49991871556006195,0.49992316444951346,0.49992866126895463,0.4999383819065123,0.49992726397713133,0.49993722670502866,0.4999502163046829,0.4999473500334863,0.49995014651989883,0.4999578705685958,0.4999524519709722,0.4999493464495789,0.499959133881519,0.49995029268163177,0.4999509018330386,0.4999595956416346,0.49995937675573254,0.49996538373888816,0.4999591579689634,0.4999680696919659,0.4999631186236598,0.49996577039356305,0.49996169553559433,0.49996583529301525,0.499970749034999,0.4999657090074177,0.4999754259044442,0.4999651859082169,0.4999645082475161,0.4999706111987478,0.49997253085568555,0.4999688683099676,0.49996761196032674,0.4999683783167583,0.49996917623931186,0.4999720607763306,0.4999701520692335,0.4999751113052534,0.4999752296654909,0.4999770280744076,0.49997656048035727,0.4999730925566175,0.4999685107869574,0.4999713418651419,0.4999724060395387,0.4999669040456315,0.49997322861396365,0.4999801595751794,0.4999750640633597,0.49996721700228447,0.4999755617555395,0.4999726523561542,0.4999734612884852,0.4999657899513033,0.49997946923449493,0.4999688654886027,0.4999716436281968,0.49997424668078344,0.4999742918101041,0.4999699035031087,0.4999755118254706,0.4999747232677559,0.4999688427866517,0.499974936460766,0.4999756842571915,0.4999669627983825,0.499975565465532,0.49997108500719467,0.49997124898331946,0.4999735760840851,0.49997581568600913,0.4999754796694869,0.49997290140779266,0.4999763117320504,0.4999753863892469,0.4999768837495473,0.49997153988202614,0.4999789456237963,0.4999707538905152,0.49998043881696713,0.49997256307998345,0.4999752400842477,0.4999792666529988,0.4999689780875039,0.4999762019664115,0.49997334330829124,0.4999732405504677,0.4999752239152344,0.499973653196781,0.49997046875948836,0.4999737885282428,0.4999786014001103,0.4999735187737364,0.4999770157506824,0.4999754740815704,0.4999740236456503,0.49997451260768394,0.49997338733897806,0.49997730134515794,0.49997375949984124,0.4999759334609344,0.49997227335500166,0.4999734736335211,0.49997522763973823,0.4999720949488101,0.49997578089871586,0.4999765694866028,0.4999762994150581,0.4999749368035488,0.49997398592805115,0.49997517994978347,0.4999781795332315,0.499976926005479,0.49997232289505,0.49997664017918775,0.4999777425106374,0.4999738779023571,0.4999777401717831,0.49998380814564264,0.4999771216182237,0.4999735631646345,0.4999754231243478,0.49997808155150103,0.4999744799863222,0.49997618482028544,0.499972512797525,0.49997492605318067,0.4999764653096408,0.4999753558861086,0.4999756048370123,0.4999758155920879,0.49997418645914987,0.49997481576430786,0.49997155413711847,0.49997843398538716,0.4999742166687407,0.4999780192048979,0.4999763579620974,0.4999766305762497,0.49997343883922085,0.4999788553366277,0.4999812453800664,0.4999740258186153,0.49997475521692614,0.49997490648834425,0.4999769226345183,0.49997223142508784,0.49997329912588667,0.499973316318361,0.499976040824655,0.49997731660176703,0.49997570604203945,0.49997656298245585,0.49997651317705155,0.4999783273883021,0.4999755324503946,0.49997462199334686,0.4999751443277471,0.4999724286059427,0.499977016097824,0.4999726402847725,0.4999740202575692,0.4999754877855993,0.49997719676944485,0.4999729472123738,0.4999733766167441,0.49997065596174384,0.49996947844949496,0.49997312328035715,0.4999750636938461,0.4999736496880036,0.4999743169659785
1.7,0.48986908622749015,0.49175021355626575,0.49631439480772027,0.49813089727230686,0.49873331481480293,0.49905747979420173,0.4992708759463641,0.499400616165079,0.4995094244212215,0.49957943518593906,0.49965827887308445,0.49968657940161776,0.49972799174637345,0.4997366571434194,0.4997649395181287,0.4997934836744899,0.4998050941393698,0.4998419395965378,0.49984909767492214,0.4998637416363091,0.4998708897544843,0.4998873729406288,0.4998915776518072,0.4998904373038273,0.49990855352423896,0.4999056306755298,0.49990367306421807,0.49991950075937047,0.49992815071730895,0.4999234452023592,0.49993102287256813,0.4999418068475525,0.49993545249912136,0.4999428445130226,0.49993454728795494,0.499947360061371,0.499945248716464,0.49995137896452485,0.49994739340908856,0.49995453214310265,0.4999556493295564,0.499960357774072,0.49996292460861086,0.4999529592105563,0.4999635273969587,0.4999588399107254,0.49995952924173165,0.4999583212656242,0.49996518425839265,0.49997048580121356,0.49996553792562154,0.4999601766766823,0.49996622878369545,0.49996629433231216,0.49997149685906556,0.4999698816977239,0.4999799922529865,0.49996786757184486,0.499964458106341,0.49996353141101246,0.49996490002972727,0.4999746710564583,0.4999728407912794,0.4999706997607253,0.499977083394583,0.49997269862590094,0.49996953841758196,0.4999678294116623,0.4999663246005999,0.4999765636283814,0.49997495844839024,0.4999735473460942,0.49997426989770877,0.4999767728279077,0.4999687954450309,0.49996701040048375,0.4999823871370696,0.4999737662323677,0.49996986790028614,0.49996745510988544,0.49997392640664884,0.4999708857582131,0.4999741711375914,0.49997108156952047,0.49996657601915473,0.4999717980608918,0.49997609022986317,0.4999706795148752,0.4999752739854224,0.49998044975500844,0.4999790194293404,0.4999743639112331,0.4999717040748391,0.4999684943280488,0.4999753979284653,0.499971493471705,0.499969993567615,0.49997915688925343,0.49997504177779867,0.4999751062421786,0.4999736187335256,0.4999761573719209,0.4999734895921428,0.49997397513271447,0.49997208350758277,0.499968775152348,0.49997549020395454,0.49997643437622047,0.49997221522957647,0.49997620857515884,0.499974072158956,0.49997077276095236,0.49997481718068315,0.4999775004313763,0.49997656085521397,0.4999745358568903,0.49997707517901474,0.49997260507773056,0.49997853181477414,0.4999767642360561,0.4999735896723549,0.49997196444889813,0.4999665300605414,0.49997071891955375,0.49997502132482213,0.4999761712237016,0.4999747918735284,0.49997386193740734,0.4999762398486339,0.49997441665314973,0.49997720672971,0.49997672113924446,0.49997708152899495,0.4999751831300935,0.49997620827115374,0.49997481904110214,0.49997476483402303,0.49997515429214373,0.49997832977341966,0.49997489837009557,0.49997394108177745,0.4999751776987413,0.49997250173171404,0.4999727213776953,0.4999715094207098,0.49997529659131734,0.49997901117380517,0.49997420621950567,0.49997229252071984,0.49997893243378755,0.499971296935626,0.49997896996865865,0.4999769878467503,0.49997980418710736,0.4999749357110294,0.49997246347134305,0.499972790354981,0.49997409810602034,0.499977202881188,0.4999749699725941,0.4999734401728172,0.4999780539148931,0.4999760722102398,0.4999755197516336,0.4999752599498558,0.4999761250286158,0.4999773862335235,0.49997414988665345,0.49997444550097947,0.4999760267273169,0.49997627944567635,0.49997487393078416,0.49997187956711137,0.4999787228510442,0.4999738568803171,0.4999769486156893,0.49997398654240294,0.49997238045929027,0.4999722785100276,0.49997750762839094,0.4999736676335884,0.4999732298543262,0.49997619085124,0.4999696756821114,0.4999737900651201,0.4999712836690978,0.4999757256469617,0.4999733622581106,0.49997677619165687,0.4999776873058602,0.49997531340950935,0.49997450632328544,0.49997775831557423,0.4999750826399046,0.499971775503824,0.49997707762205856,0.4999766741744385,0.4999740785405853,0.49997464169784367,0.4999739940888398
1.8,0.48986038847199537,0.49186379461114016,0.4963025538532257,0.49812275389230787,0.4987434565965657,0.4990939577688833,0.49925956851406783,0.49942126564744765,0.4994958377723015,0.4995904545454094,0.49964180455914414,0.49968258138080457,0.49969865329732877,0.4997463527528024,0.49976326161679246,0.49980579490842014,0.49979861251734364,0.4998272581691785,0.49983523818234427,0.4998552103951432,0.4998719913741579,0.4998755631922902,0.49989895871453416,0.49989282673969104,0.49990102394611086,0.499903285075575,0.4999160204489449,0.49992249986832854,0.4999297791159978,0.49991489612885587,0.49993345716766857,0.4999225856181428,0.49994276701321355,0.49993746802148725,0.49995500220131533,0.49994321268859737,0.499944617897898,0.4999486940463392,0.4999498743363944,0.49994972910265345,0.49996214702361635,0.4999574177953672,0.4999571277056795,0.499959278079589,0.4999706677087718,0.4999713799844481,0.49995989120950984,0.49996834946227087,0.49996712568972235,0.49995821309154576,0.49995601901785885,0.4999671577695871,0.49996114950529796,0.4999657374543044,0.49996771960561986,0.49996452603268443,0.4999700592625269,0.4999783030345321,0.4999702849566408,0.4999572889840424,0.4999647676640471,0.4999690053062002,0.49997377952086597,0.49997238902956653,0.49997516033513967,0.49996491562324036,0.4999720858758881,0.49996311815553746,0.4999673362228376,0.4999764870979722,0.4999732894888138,0.4999741334670307,0.4999750997448935,0.4999665271963114,0.49998151440125377,0.4999680279932145,0.49997741324057043,0.49997328997065016,0.4999660651268846,0.49997782103114136,0.4999690558596041,0.49996921598073024,0.4999780182016173,0.4999780007067959,0.4999739936743939,0.4999836100506789,0.4999723196844831,0.4999707083478992,0.499978556648621,0.49997330349623165,0.49997514566192053,0.49997333428470436,0.49997027591785537,0.49997582356499076,0.49997378200635406,0.4999752659113667,0.49997559948654446,0.4999810657519225,0.49997154959219275,0.49997794600431444,0.49997612568584937,0.4999763755820073,0.4999780407220632,0.49997742275532653,0.499971122657106,0.4999719088595628,0.49997512184604903,0.4999722361842278,0.4999760214226775,0.49997316555053145,0.4999758652639114,0.49997353915368004,0.4999740503832431,0.4999738120120304,0.49998208146745377,0.49997740830209886,0.49997350198836055,0.49997804060569206,0.49997681996796595,0.4999720232863503,0.4999725342670768,0.49997144250266545,0.4999787863829388,0.499973121474698,0.49997862227801465,0.49997650711311925,0.49996662100137773,0.49997978438984764,0.4999747578320992,0.4999755992861548,0.4999768258241599,0.4999745194402982,0.4999756050068227,0.4999742736119577,0.4999793912588218,0.499973254616016,0.4999775177114765,0.499973975504677,0.4999809797332617,0.49997842837682815,0.4999739247171223,0.4999681060604111,0.4999739640003464,0.49997523690086815,0.4999771868018985,0.49997275182320555,0.49997598889626,0.4999737811525085,0.49997811472192705,0.49997547939177867,0.49997988910923175,0.49997736012560146,0.4999778312544677,0.4999747901406921,0.4999741657654662,0.4999745369942321,0.4999787043185107,0.49997584514380866,0.4999757330504869,0.49997557885790056,0.4999700369659424,0.499975249802823,0.49997595751322604,0.49997646956467795,0.4999728515149576,0.4999797056214266,0.4999744363374235,0.4999731725951698,0.49997081201189525,0.4999772492524816,0.49997377806033677,0.49997411105935546,0.4999706641294522,0.49997626959831787,0.4999725739370316,0.49997583344331603,0.49997649472050826,0.4999759788419756,0.49997297024618975,0.49997159821679477,0.49997586825291535,0.49997456295489867,0.4999762638315732,0.4999769682204289,0.4999738151756811,0.49997099667451605,0.4999746273126934,0.49997183055562916,0.4999727058952943,0.49997532588758076,0.49997229651416014,0.49997354963072155,0.49997787915426345,0.4999752700320303,0.49997477509502564,0.4999736098725515,0.4999739860323594,0.4999761540205132,0.4999721421957029,0.49997436061561373
1.9,0.48989137452629344,0.49184860490936005,0.4962220255194382,0.4981498314830545,0.4987524318482383,0.4990672852836517,0.4992737539879211,0.49941392329395096,0.49951214483725553,0.49958660096901164,0.49961858347767196,0.49969567657561875,0.4997033593483084,0.4997310279329908,0.4997661684601444,0.49978647007201665,0.4998104027417986,0.4998343434090923,0.4998506922145883,0.49986843248975565,0.49987356869885247,0.4998861113651925,0.49989171396064813,0.49990617210407295,0.499909705868201,0.4999282096066307,0.49991354846096525,0.4999254353917859,0.49993200861709003,0.4999343403695967,0.49993303739541,0.4999377935443056,0.4999394896071657,0.49994669554918986,0.4999552092028536,0.4999512929238599,0.4999424830833115,0.49996045801145317,0.4999679451614268,0.49995088015019556,0.4999584857570966,0.4999468867270975,0.4999554532980049,0.4999500586398261,0.49996500469529703,0.4999589873035702,0.49995893102035555,0.4999653640347517,0.49996450930485653,0.49996285448575734,0.4999549073114375,0.4999646449771241,0.49995755644796136,0.4999620040458221,0.49996847743888384,0.499965156358422,0.4999626868417276,0.4999663264811541,0.4999737499413245,0.4999699866002097,0.49996576504319823,0.4999591660463912,0.4999733359663807,0.4999702507120629,0.4999766808384461,0.4999728425643864,0.49997154525160925,0.49997191031745586,0.49996428936748194,0.4999857706400915,0.4999606454421155,0.4999766709569762,0.49997115310162843,0.49997122133738436,0.4999650177763061,0.49996516809981717,0.49996965023959544,0.49997622324860586,0.4999705172173461,0.4999727362506372,0.4999666083802831,0.4999696390648386,0.4999759754092417,0.49997197811309163,0.49997163453453797,0.49997020486512583,0.49997911280571294,0.4999834951990566,0.4999758632325185,0.4999704935072709,0.49997798546071825,0.4999733867261632,0.4999734563463374,0.4999693196725175,0.4999695441557662,0.49997164737954813,0.49997800096781597,0.49997811347328186,0.4999785565064324,0.49997669319355414,0.4999714239841189,0.499979313046002,0.49997088827770525,0.49996323645109575,0.499978589833098,0.4999732219395172,0.4999762169158182,0.4999716300141144,0.49997979223497674,0.49997708388073436,0.4999758985427684,0.49997143990337195,0.49997486625787,0.4999768178811411,0.4999743978291564,0.499972421128806,0.4999725533584999,0.49998134570334113,0.4999772557967125,0.49997555814450384,0.49997707164600425,0.499971670074457,0.4999764622264353,0.4999728604624591,0.49997786353612345,0.4999758295873501,0.499978844962834,0.4999731173322642,0.4999682996217792,0.49997528743347475,0.49997791680118764,0.4999730652484198,0.49997709212778,0.49997772997133344,0.49997624138224395,0.4999715144268973,0.4999777106493078,0.49997678436074094,0.49997824959403264,0.49997566054911413,0.4999762587026034,0.4999747586070012,0.49997803628954285,0.4999775212866241,0.4999810533407979,0.4999723382070702,0.49997731881452784,0.4999763159470628,0.49997593425862685,0.49997537010212567,0.49997670279543516,0.4999762751658729,0.4999748970622989,0.4999756422252646,0.4999765504604815,0.4999682666316122,0.4999782929603553,0.49997371998511864,0.49997228355538,0.4999725053203937,0.4999718972730348,0.4999746319004268,0.4999723600742148,0.4999687091223309,0.49997681318476106,0.4999766359034413,0.4999716612595095,0.4999773347772512,0.49997390347744014,0.4999736343110591,0.4999738954924333,0.4999752028930716,0.49997916565624084,0.499976170274198,0.4999753310512522,0.499977437328543,0.499974348714895,0.4999721395050954,0.49997794273719964,0.4999769010998373,0.49997890106230747,0.49997836368034904,0.49998055970131594,0.49996794180438153,0.499976525777925,0.4999755163930889,0.499974428871318,0.4999767581498638,0.4999767684612286,0.4999753713499764,0.4999752606572737,0.49997137498871136,0.4999753303514719,0.49997076899561743,0.49997191847816386,0.4999759263926221,0.4999736195315999,0.4999763886984744,0.4999776310542631,0.4999744875378895
2.0,0.48981231342530845,0.4918094346588138,0.49627457046159507,0.4981111145893485,0.49875589115569624,0.4990883725473277,0.49927966480955077,0.499394909627662,0.4995366430207827,0.49957530270568473,0.49963179669927216,0.4996910558515239,0.4997189142904619,0.4997229640510428,0.499777388152401,0.4998019381146173,0.4998100171873171,0.49983745848014854,0.49984921548903216,0.49986596452601184,0.4998835635107381,0.4998796222478562,0.4998965433665521,0.4998787181908634,0.49991087278498225,0.49990617331982323,0.4999126394538138,0.4999151159246163,0.4999308568726323,0.49994418109409994,0.49992989562340395,0.49994236619012095,0.49993892285948965,0.49994899409069804,0.49994497118865205,0.49994868260528474,0.49995526935179585,0.4999383556169012,0.4999414488426663,0.4999390251196191,0.499968192343194,0.49994798862219636,0.4999706556545526,0.4999535192876253,0.49995705414863617,0.49996068223275814,0.4999707029880116,0.4999654298107244,0.49996954915242,0.4999675419324659,0.4999670351299584,0.4999680230659622,0.499963446047012,0.49995665419104707,0.49996870900657936,0.4999639027765656,0.49996150091164077,0.4999648535123521,0.4999776863065419,0.49996388071272024,0.4999663132155875,0.49996765045763586,0.49997334636780916,0.49997091857770937,0.49997410949270665,0.49997181906730337,0.4999756462627639,0.49996490458636383,0.4999649142132833,0.49997287043320726,0.4999743344915201,0.4999701631396855,0.49997974357479424,0.49998250992779214,0.4999702387282095,0.4999736625135184,0.499962639901043,0.4999688450668079,0.4999763295245095,0.4999805304749467,0.49998444208448817,0.49997362551261265,0.49997721450423477,0.4999854181893721,0.49997585811218725,0.49998012076078713,0.4999651384242563,0.499973050154813,0.49996535086620214,0.4999793605372987,0.49996839658515824,0.49996783984933346,0.4999794118199321,0.4999692485905426,0.4999815007376768,0.4999823210257752,0.499975036558704,0.4999710033410249,0.49997888658866585,0.4999761153647706,0.49997312688185536,0.49997883072773597,0.4999753844193884,0.49996854811308455,0.4999747766986565,0.4999710691355882,0.4999789594782519,0.4999752457548915,0.49997293898004636,0.49997360832849286,0.4999757690746109,0.4999762057562381,0.4999715952905342,0.4999764841933813,0.4999768975054649,0.4999723488494661,0.4999744735900072,0.49997185944626493,0.4999684659689224,0.49997801181066925,0.4999767975331906,0.4999788920027039,0.49997239201807786,0.4999761652867846,0.499979005968578,0.4999793998106867,0.4999779784920522,0.499972549786473,0.49997200103229583,0.4999804750071338,0.4999781265476905,0.49998398626820917,0.4999727671761632,0.4999704867213149,0.4999758644520379,0.4999764453561929,0.4999711673498857,0.49997898585492473,0.4999763162483662,0.49997693800885523,0.4999734224604503,0.49996990448607065,0.4999729548150154,0.49996822218113807,0.4999774446719559,0.49997713686738754,0.49997385519295456,0.4999732190295603,0.4999759563751699,0.49997689550225927,0.4999727362329054,0.4999765230488387,0.4999694281149027,0.49996685259271395,0.4999721894089222,0.4999747612345177,0.4999735173472937,0.4999697274941741,0.49997631550614474,0.4999787905392296,0.4999749309598901,0.4999737452684372,0.499972350710392,0.4999780038301562,0.49998112831600694,0.49997907469192066,0.4999728683152039,0.4999695475273537,0.49997501043843307,0.4999780069527991,0.49997201730630964,0.49997749730347485,0.49997509443580934,0.499976367174106,0.4999744059048379,0.4999766432847739,0.49997300830754837,0.49997974616907476,0.49997978809006594,0.49997395835944314,0.4999724497413409,0.4999758998824029,0.49996958440703215,0.49996965603570426,0.499970593295791,0.49998001536374076,0.4999721572859081,0.49997595911533893,0.499977063462151,0.4999727321466169,0.49997539385708445,0.4999716049440156,0.4999758005166836,0.4999711501067107,0.49997260878780475,0.49997141999063666,0.49997520188733485,0.49997471407111616,0.4999717993275919,0.4999754751958472
2.1,0.48990551813657984,0.49183015190862855,0.496393829979354,0.49814311454686133,0.49874650687876637,0.4990747409945293,0.4992649952949417,0.4994357117890576,0.49950829920589,0.49955603299662243,0.49961516232244985,0.4996919356652787,0.49969106322537943,0.499752637937705,0.49977760293706724,0.49981068505343734,0.4998217959800124,0.4998438188438057,0.4998556889819037,0.4998541356893508,0.4998809975191212,0.49987872482057955,0.499885290582586,0.4998853776741732,0.49989926089640013,0.49990937251675654,0.4999135331388901,0.49990899899161584,0.49992276480463205,0.49992687852140455,0.4999189179357797,0.4999473906312464,0.4999289521778056,0.4999460779217548,0.4999553560455635,0.49995352464867054,0.4999557974908793,0.49994447731344793,0.4999440256987486,0.4999567473683417,0.49995704152543685,0.49995804092502083,0.4999629715415541,0.49995683427005905,0.4999587093931499,0.499958016478158,0.49996838364672946,0.4999687757136877,0.4999653787235765,0.4999671483528239,0.49994937468531014,0.4999660441419324,0.4999647733012951,0.4999718275089029,0.4999638298206253,0.49996982520234734,0.4999718850562664,0.49997171755702785,0.499966159471638,0.49996326175259775,0.4999749565199262,0.499974805958439,0.4999678546164171,0.49996903941880944,0.4999734759971761,0.49997239661143705,0.4999775905857427,0.49996671452110597,0.4999721026807156,0.4999736713106304,0.4999683275655563,0.4999672844773312,0.49997821113433927,0.4999768005545199,0.49997251253679986,0.4999702879375101,0.49997702533931965,0.49997347274377896,0.4999785261714275,0.4999722529344748,0.4999773756360132,0.49997762219063374,0.49997819302448876,0.49997297724383516,0.49997605737291506,0.4999741690498708,0.49997956020701,0.4999781570136051,0.49996598712543966,0.49997170914142525,0.4999770339745743,0.4999751924956873,0.49997233735687674,0.49998352383660155,0.4999680043838467,0.49997605719699495,0.49998159966899414,0.49998088545508823,0.4999646541533574,0.4999711230113024,0.49997503697242013,0.49997088131581163,0.49997714535387416,0.49997779330554265,0.49996982044378,0.49997630788906006,0.4999727018787595,0.4999774630275969,0.4999684117703201,0.4999695891377553,0.49997785315501453,0.49997160333491,0.4999741213560828,0.4999783761740157,0.4999746402628224,0.4999691183487067,0.4999784346877962,0.4999748611139264,0.499976139740751,0.4999744731344795,0.4999754990876357,0.49997082205103255,0.49996658495427926,0.49997095282004067,0.4999794532450701,0.4999780969567129,0.4999714630554135,0.4999775161287994,0.49997134174411645,0.49997567536252074,0.4999766264485409,0.49996757281995263,0.4999725808332428,0.49997501942644024,0.4999763026757418,0.49997779992478386,0.49996874237362293,0.49997616488694213,0.49997271058452813,0.49997256357671965,0.49997557760503225,0.4999761723075178,0.49998011646986457,0.49998277170670324,0.49997615870065315,0.49997589141826154,0.4999723976874157,0.49997176685033984,0.4999704761129119,0.4999801938317351,0.4999781884279595,0.49997477859686934,0.4999706246853231,0.49997877472811797,0.49997004707855425,0.49998308163621635,0.4999727555373528,0.4999774751101314,0.4999706110462804,0.49997150345863745,0.4999730882119952,0.4999717389937408,0.4999730918668631,0.49996801664034685,0.49997131631862296,0.4999749820170674,0.49997530936664025,0.4999809685726515,0.4999749533182423,0.4999760635161825,0.4999732882198714,0.49997181025481885,0.4999780168429546,0.4999776830331503,0.4999744694391865,0.4999736389424982,0.49997289750788504,0.4999740397099928,0.4999732517775495,0.49997421326003255,0.4999790034490107,0.49997422629319715,0.49996827113963094,0.49997445968261006,0.49996754622997386,0.499972515359419,0.4999777265470389,0.4999753648318284,0.49997931282825686,0.49997367065610643,0.4999722946931076,0.49997132233228997,0.4999802264899608,0.49997600930150604,0.49997678363527376,0.4999719691393015,0.4999696902268777,0.49997864033764944,0.4999772845750247,0.49997242406979997
2.2,0.4897849060897398,0.49179736014750464,0.4961857831444896,0.4981331971742377,0.49872310751102555,0.4990705315671728,0.49929470745966026,0.4993884377700404,0.49947343312651704,0.49958060821360584,0.4996249766980192,0.499669657216418,0.49973146188728407,0.4997252431608486,0.4997898894282469,0.4998137369753168,0.49983014607070875,0.4998228048866961,0.49985565691817996,0.49986893159827617,0.49985416348409684,0.49988037598559454,0.49988332820369824,0.4998857529266699,0.4999121833693166,0.49989594278791016,0.49991983410251467,0.499915837650696,0.49992116901759814,0.49992477288613985,0.49991936157156797,0.49993140328249386,0.49991773670577266,0.4999511835877299,0.49994208889494285,0.4999532573494772,0.4999476976378762,0.4999537908958201,0.4999507600446806,0.4999463078790656,0.4999607712836216,0.4999510067125243,0.4999569396121326,0.49996559450962613,0.4999589956221312,0.49996698794871774,0.49995204626992484,0.49995499276319016,0.49996673095128524,0.49997209877643845,0.49996564564361445,0.49996547842313266,0.49996394953655043,0.49998094724508685,0.49997627993391364,0.4999618026220237,0.4999700438108666,0.4999549544828549,0.4999718114508485,0.499967568449939,0.49996749822623426,0.49996892274422255,0.4999705096387434,0.4999853736078607,0.499979134127684,0.49997739632410715,0.49996595532878996,0.49996684984063317,0.4999704001246764,0.49996633722806116,0.49997952360308234,0.4999721042703596,0.49997229851214403,0.49996504110071704,0.49998133337432826,0.4999768894396214,0.49997624173315736,0.49995947925395606,0.4999716317973069,0.4999795261899777,0.49997964711477766,0.49997770815866754,0.49996646596594824,0.4999713210778375,0.49996835032871817,0.4999695731597651,0.4999745226711029,0.49997450064842125,0.49996720438356,0.49997577746945787,0.4999714994677228,0.499970941788666,0.4999742376679255,0.4999779677385658,0.4999648468247385,0.4999806976016619,0.49997268322914107,0.49997833089480226,0.49997663256367486,0.49996653133898267,0.4999758841466165,0.49996990750935044,0.4999738427240245,0.49997366324597864,0.4999695183480138,0.4999756420807632,0.4999797702144265,0.49997659729248334,0.4999698204831866,0.49996720051614524,0.4999805118408591,0.49997423926951534,0.4999717363260554,0.4999767242824869,0.49996958638238426,0.49997714956243083,0.49997748543132997,0.49997167020001637,0.4999666077089015,0.49997493265108206,0.4999753707721327,0.49996978637004,0.49996852600681907,0.49997317514741646,0.4999833727420263,0.4999759218650942,0.4999707389207326,0.4999695954665072,0.49997653183755414,0.49996824815008917,0.49997453748073706,0.4999771158615276,0.49997338936893065,0.4999789305684563,0.4999756997582344,0.49997283871515935,0.49998121851551713,0.4999726874853894,0.4999823691438347,0.499974896819696,0.4999713515093577,0.49997875270434317,0.49997509474607704,0.49997590499891803,0.4999773593563367,0.49997782485243314,0.49997497234844257,0.4999700624369507,0.49997820375537294,0.4999734994723462,0.4999756349881727,0.4999804833478396,0.49997089380183063,0.4999710032103893,0.4999733387532114,0.49997573441193355,0.4999713320541293,0.4999754657575223,0.49997307514197414,0.4999778354448235,0.49997472313080005,0.4999774965479016,0.4999796972748211,0.49997740632557863,0.4999745407039154,0.49997374321235327,0.4999850240748613,0.4999717707673439,0.49997599020691097,0.49997858478459434,0.4999702620406413,0.4999724239251877,0.49997667054789074,0.4999756394918647,0.4999761223174591,0.4999744022183577,0.49997354325100046,0.499977518572219,0.4999761395099018,0.499968858086749,0.49997029328599757,0.49998033681286236,0.4999782944121972,0.4999801447063084,0.4999735611382235,0.49997464205619996,0.4999778017385384,0.499975196353522,0.4999712657268591,0.49997761534459034,0.49997660954500783,0.49997716092584676,0.4999739023424653,0.4999720215546516,0.4999729375517744,0.49997480131640587,0.4999788968787849,0.49997472814406263,0.49996919472517154,0.49996864589021944
2.3,0.48987460773244246,0.49200286519283504,0.49633887144610184,0.4981393001343346,0.49874885496824206,0.4990682998801051,0.49929261021791566,0.4994069089537847,0.49948065003693903,0.4995868642172244,0.49964118941343266,0.49969167163482064,0.4997128594212561,0.4997592476561941,0.4997691859677941,0.4998043242600726,0.49982399634457225,0.49983837964262023,0.4998586482296349,0.49986640830186524,0.49987350381195556,0.4998614404425318,0.4998766647440893,0.49991394392200633,0.4998958643200391,0.49991092200124543,0.49991989106207085,0.4999054102932288,0.49993475634466095,0.4999254816397161,0.49993723294123904,0.4999400205328599,0.49993689759153104,0.49993739579394453,0.4999473882168875,0.4999538712626964,0.49994528527776716,0.49994811209952833,0.4999575916264065,0.4999569595539176,0.4999644546025668,0.49995876020907304,0.49995827000803383,0.49995596258043173,0.49995011970410624,0.4999622994336078,0.49995859246744945,0.49995239298967187,0.4999656710228405,0.4999609550484249,0.49997115748620824,0.4999562310477693,0.49996950535685786,0.4999738655789884,0.49996750637114973,0.4999618874050829,0.4999713524077184,0.4999638681573631,0.4999812843952388,0.49996460216778743,0.49996914846627466,0.49997693748753036,0.49996837666822724,0.49996527832861876,0.49996428089002926,0.49996224166573544,0.4999812304273101,0.49997100098160246,0.49997618814597355,0.4999620865712381,0.49995607338914444,0.4999787048018086,0.49997658866907485,0.4999736182419143,0.49996522225577616,0.49997627505950504,0.4999692542073379,0.499962871262701,0.49997793910395827,0.49997587865275267,0.4999759020677212,0.4999763085152158,0.4999765542376792,0.4999800536357081,0.49996818125248,0.49997216786244403,0.49997403144150177,0.4999780851616135,0.49997311246145393,0.4999742323673839,0.49997965375266257,0.4999707204189826,0.49998056552360076,0.4999755147663668,0.4999709759037453,0.4999801765998526,0.4999754669105271,0.49997155967756224,0.49997169449935414,0.49997605113008825,0.49998443058630015,0.49998286330157377,0.4999747664435715,0.4999747341597942,0.49997247026586267,0.4999809449494809,0.4999760863078296,0.49997875009757414,0.49996660366531886,0.49998389249032366,0.4999738981975804,0.4999791188449155,0.49997316865748864,0.49997501952201645,0.4999719720729733,0.4999709819193088,0.49997107361991855,0.49997488077905616,0.49996707795875706,0.499978651931454,0.4999742770773442,0.49997635509825755,0.4999747088933251,0.4999737219074866,0.4999767022184977,0.49997303198289683,0.49997584470452155,0.499977198392202,0.4999793532464324,0.4999775159538018,0.4999755698020948,0.49998302080950596,0.49997590590556307,0.4999710601987023,0.49996657517572324,0.4999775788042626,0.4999653615974592,0.4999712503285505,0.4999760678200879,0.4999738711548134,0.4999753592109958,0.49997343893595386,0.4999870231995805,0.49996864941260727,0.49997260104718244,0.49997003669412526,0.49997689517542504,0.4999768311219886,0.4999772315507554,0.49997405527443084,0.49997573604350326,0.4999690340394072,0.49997564832101804,0.49997461494433604,0.49997656076692676,0.49997761231093396,0.49997398713064406,0.49997329922597283,0.4999710132507987,0.49996684375568856,0.49997948281884796,0.49997589795913,0.49997262892556926,0.49997294866379294,0.4999644373848928,0.49996878888837804,0.4999696760774791,0.4999677195253208,0.49997206916253006,0.49997464997787494,0.4999652138091583,0.4999722319834913,0.4999762347752759,0.49997657243220117,0.49997323532726073,0.4999741791958265,0.4999743092102793,0.4999763667212999,0.4999748032601214,0.4999731910965536,0.4999745257375287,0.49997792690885007,0.49997677339725405,0.499974867600188,0.49998094488068184,0.49997281531221416,0.4999748178131606,0.49997023126968126,0.49997816493424857,0.4999711163393756,0.49997340450205013,0.4999725775799548,0.4999730320654704,0.499973069233108,0.4999781239289599,0.49996827376247016,0.4999691535676451,0.49997543757853413,0.49997572730188344,0.49997839622841184
2.4,0.48995253014199436,0.49185842891019854,0.4961991674385544,0.4980762506392403,0.49874665180171757,0.49904953095064564,0.4992948291981633,0.4994125768260028,0.49950529128240445,0.49958652550325905,0.49964996134844797,0.4996843839426636,0.4997233041331606,0.49974316489514164,0.49976457770584676,0.49978868657895736,0.4998231791292302,0.4998197810616456,0.49987605994137946,0.49986599389962044,0.4998690164520345,0.49990158484557534,0.4998684547159623,0.4998926312504049,0.49989404590363795,0.4999079910990722,0.4999131280978644,0.4999296689273365,0.49992829332769223,0.49993160914223317,0.499921375994379,0.4999456865639663,0.49993538943953225,0.49994321564926825,0.4999470559086837,0.49995330509356,0.49995284368406057,0.4999451087354893,0.49994600924805865,0.49995500844236695,0.4999447353953874,0.49995897358254854,0.49995524521089724,0.49996037951744754,0.49996010093062637,0.49996837872208627,0.4999721234942535,0.49997486000289554,0.4999653928790215,0.4999534239184097,0.4999596000796938,0.4999516195227543,0.4999697409182387,0.49996725573990947,0.49997422695461696,0.49997242485583276,0.49995915352942844,0.4999779237117286,0.49996228271471094,0.49996805120081944,0.4999758096969572,0.49997553954355434,0.49995984341740507,0.4999658152349906,0.4999697063493133,0.49997122768059094,0.49997625086394604,0.499975659301627,0.49997314100415247,0.49996838103353225,0.499970105191802,0.4999765164154247,0.4999696425615709,0.49997283678271554,0.49997087837748727,0.4999620328732733,0.4999673457206272,0.4999734491527965,0.49997006284858847,0.4999729085953925,0.4999793598598085,0.4999804550643392,0.4999743244430218,0.49997364286978585,0.4999799038053495,0.4999768624788106,0.4999762080931447,0.49997367756685485,0.4999744102480921,0.4999724094093453,0.4999775244742586,0.4999679558389912,0.49997700100585935,0.4999701150104762,0.4999818838354948,0.49996893730335784,0.4999732066891255,0.499978654102143,0.49997503489024075,0.4999706718476606,0.49997512335086247,0.4999737109237757,0.4999751191104213,0.49998423126622166,0.4999760728465866,0.4999647364887884,0.49996525453837076,0.4999768724592336,0.49997608736948396,0.4999778163209591,0.4999794421603226,0.49997513149554423,0.49997512635139324,0.499975291290846,0.49998171589023443,0.4999688011751916,0.49998122924853816,0.49997696228744315,0.4999698966028129,0.4999675025625539,0.49997749545448006,0.49997356161598666,0.49997204249076105,0.4999806424873993,0.4999749120876103,0.49996845942406726,0.49997418163069474,0.4999822640133121,0.49997502535460603,0.49997343260409216,0.49997425015175023,0.49996979067507785,0.49998299133944707,0.49997978085891776,0.49997393300762494,0.499975399746704,0.4999772420082213,0.4999775091063133,0.4999726373882897,0.49997272015231714,0.4999740102546518,0.4999730041482916,0.4999758570712173,0.49998045976238864,0.4999722969764884,0.49997588078467464,0.49997746088664335,0.4999733176429896,0.49997525415935196,0.499974009031307,0.49997304817575383,0.4999768818376797,0.4999775319193463,0.49997610306639034,0.4999736233735623,0.4999691235174927,0.49997899043729427,0.4999740863713052,0.4999761427246614,0.49997098404872786,0.49997485144988413,0.4999701411965854,0.49997646370147125,0.4999745913418678,0.4999752090789027,0.49997799996546305,0.49997270452762876,0.4999734397808808,0.4999799920466632,0.49997749610264874,0.4999710232575529,0.4999755454351632,0.49996824574920157,0.4999770691568964,0.49997588801716275,0.49997015970302294,0.499979050575031,0.49996777748533544,0.49997627373545095,0.4999745709765102,0.49997373039632764,0.4999712002898078,0.4999801262000704,0.49997320373197335,0.4999758774972179,0.4999750420001258,0.4999675277228299,0.49997780048279544,0.49997919611006236,0.49997435423904235,0.49998136181020764,0.4999733236118618,0.499971156062744,0.4999773731841087,0.49996998658091263,0.4999778210711197,0.4999727654901273,0.4999719324826626,0.499973202619005,0.4999763684820425
2.5,0.4898448073375818,0.49183576064369716,0.4961539559212644,0.49808605880907497,0.4987558438689,0.49908163019423113,0.49927225407677367,0.49942850429059693,0.4994824734035683,0.4995733505801691,0.4996102957667089,0.49969492294568707,0.4997073789273581,0.4997464456565578,0.49978448732701736,0.49978996877157533,0.49982658598879565,0.4998360077793946,0.4998364492528739,0.49987203831475574,0.4998732757844463,0.49986011853649065,0.49988727320541243,0.4998877980169668,0.4998973821452834,0.49990377475278147,0.4998929752482126,0.4998965294346572,0.49992021086149335,0.4999244077915619,0.4999410042322717,0.49994918454736,0.49995223409105904,0.49993736300988223,0.4999430122073513,0.49994247335432074,0.49995073789497635,0.49994602889738904,0.49994536744973017,0.4999413277557226,0.4999629231005938,0.4999667576715618,0.49995909607880096,0.49995620294795473,0.4999699672712782,0.49995569193030287,0.4999622588157738,0.499972712724754,0.49997290113786647,0.49996535297869743,0.499961922110001,0.4999611568079168,0.4999683189019753,0.49996571651243654,0.49996198488430693,0.4999690771161204,0.4999768725838584,0.49996664610552843,0.49997254000558083,0.4999713884985537,0.499971534607466,0.49996775299167723,0.49997192435070525,0.4999620587932447,0.4999770341632267,0.49996568284165893,0.499957998894645,0.4999771824351048,0.4999806221910368,0.4999530098554487,0.4999710339509765,0.4999667069257523,0.4999776912581694,0.49998029900474206,0.49997628481358425,0.4999768151215871,0.49997180210319214,0.49997540035533333,0.49996292860300395,0.4999676818240418,0.4999729111589482,0.4999749209041307,0.4999768526787459,0.4999781345005784,0.499973870721448,0.49998060426040075,0.49997407121018617,0.499977366915405,0.4999771719522144,0.49997176265517196,0.4999693677370114,0.4999820657982664,0.4999703939564592,0.49996790973525207,0.4999741348177652,0.4999688747381604,0.4999675343143243,0.499980096073937,0.49997631577887763,0.4999765841985707,0.4999801589607675,0.4999720682599271,0.49998446238203204,0.49997187417955047,0.49996998096349426,0.4999755400050939,0.4999657230442133,0.4999739355931226,0.49997819595255755,0.4999715569175296,0.49996053733712204,0.499967793882066,0.49996821699478905,0.4999750423041001,0.4999786144132584,0.49997863713053997,0.49998208877552835,0.4999733684808981,0.4999692422327759,0.4999820719596091,0.499977935444021,0.49997438976186426,0.49997788503915713,0.4999687885215413,0.49997431399380776,0.4999709400271882,0.49997623320320866,0.499972011810892,0.4999713431763077,0.49997880947367246,0.49997200602716935,0.49996788133481057,0.49998002054149915,0.4999765104062084,0.49996626083652784,0.4999735872643116,0.4999759729437061,0.49998149721943963,0.499972118085446,0.4999643751051349,0.49997324497450846,0.499971208314287,0.4999770551852959,0.4999771555595476,0.49998175594191063,0.4999748647680639,0.4999755358834466,0.4999774210350173,0.4999710452499986,0.49997764221610397,0.499968480204967,0.4999760274613529,0.499972247248438,0.49997869960393343,0.49998223808896003,0.49997066220646297,0.4999697400665266,0.49997888771025156,0.4999737111455598,0.4999651076302851,0.49997169852150447,0.4999726925512336,0.4999711242273806,0.4999741937926175,0.4999712575140599,0.49996461083259963,0.4999757013518727,0.4999724917883472,0.4999739131802326,0.49997107401606855,0.49998102157241686,0.49997866721719864,0.4999750009930394,0.4999772398610184,0.4999731305721806,0.4999747453202187,0.499981415708183,0.4999774984899271,0.4999777674550026,0.49998427613809426,0.49996934185152825,0.49997136895655525,0.4999753440087746,0.4999793764602361,0.4999711202212314,0.49997888637157156,0.4999727665413863,0.49997260610790517,0.4999794556735343,0.4999792772891112,0.4999766414500521,0.4999708620486368,0.4999813825751718,0.49997247469435213,0.49997381926907386,0.4999777990940062,0.49997469248294335,0.499973657472742,0.4999735696001147,0.4999710861786094
2.6,0.48984136074581697,0.49174030057831214,0.4962335411059097,0.49814723934611127,0.49874912012514816,0.49909718575426054,0.49927438750090014,0.4994040705122314,0.49950651963342046,0.49958846787303124,0.4996355862123534,0.4996832327726977,0.4997158381419767,0.4997460771941767,0.49978237404308856,0.49980187385389807,0.49980446622809555,0.4998451577118443,0.499849084632738,0.49985511824415474,0.4998730227523925,0.49988602186759384,0.49989237745413356,0.49987870708458115,0.49989438817270465,0.49990140700715296,0.4999163258153762,0.49992685559030087,0.49993232360100115,0.4999273147694275,0.49993677583896423,0.4999353451693163,0.49993517203147925,0.49993026147451425,0.49993264578950475,0.49996449598949144,0.4999607648414644,0.49993915896728885,0.49995485060790334,0.4999532228513078,0.4999610870325997,0.4999555992509849,0.49995861364436905,0.4999561555134595,0.4999582877187514,0.49995625324875875,0.49996442513329337,0.4999731713851064,0.49997755172193326,0.49996484608122505,0.49996366526414576,0.4999682197712352,0.4999688393854223,0.49995059069596015,0.4999615214541321,0.4999571435316878,0.49996646052361354,0.49996775486219663,0.49995745236161043,0.4999633369780515,0.49997318017008063,0.4999778660152465,0.49997307635801935,0.4999688740599402,0.49996431226650917,0.4999630233558519,0.49997515223581734,0.4999614631554453,0.49997870017820334,0.49997767246810715,0.4999820017219473,0.4999777006089606,0.49997735154952005,0.4999647727050035,0.49997777847888064,0.49998295724161157,0.49997882609991,0.49997761928781703,0.4999899431849996,0.4999636152884281,0.49996809138806,0.4999690816078811,0.4999816285509488,0.49997948929428887,0.49997286347427705,0.4999781830477137,0.4999758250522991,0.49997378251332036,0.4999722864949402,0.4999729714779178,0.4999758838244546,0.4999678545228323,0.49996769936805485,0.4999716839058316,0.4999631539204222,0.499970690009525,0.4999721672866247,0.4999737459012467,0.49997511800483224,0.4999716994913089,0.49996288752724244,0.4999735653468884,0.4999806768846866,0.499988230891216,0.49996784447942677,0.4999702995537354,0.4999751719431034,0.4999816822109086,0.49997171432189597,0.49997345562340717,0.4999741527945304,0.49997398462864207,0.4999741657361985,0.4999710251920811,0.4999724680755186,0.49997851805034904,0.4999658874014001,0.4999734082548191,0.4999697068899396,0.4999712561655649,0.4999751653550148,0.4999806821033247,0.4999724536080356,0.4999743669056933,0.4999715548952864,0.49997602012023495,0.4999737415184463,0.4999760289568094,0.49997331451620197,0.49996871640515134,0.49997474183414814,0.4999730990916312,0.49997901561630315,0.4999788402946395,0.49997343743250466,0.4999716241439159,0.4999780464444486,0.49996232349522185,0.49997115970297507,0.499977012220203,0.49997327759602594,0.49997172063490586,0.4999871186903926,0.49998322468242107,0.49997186846991926,0.499973656828556,0.4999803884541808,0.49997395415063417,0.49997935898639817,0.4999706527905592,0.49997434742556773,0.4999730858552231,0.4999693973571736,0.4999821709658003,0.499979646392872,0.499972382931274,0.4999806645762757,0.4999777569842594,0.49997848726327426,0.4999725080626107,0.4999785289766086,0.49996804560297464,0.4999794231650764,0.4999839126184828,0.4999778870717952,0.4999666938962304,0.49997492014391165,0.49997154792209747,0.4999667283450885,0.49997368871156783,0.49997990082411287,0.49997211093788024,0.4999747294671509,0.49997703530528165,0.4999740728271782,0.499979027283816,0.49997637691461555,0.4999790331429389,0.4999773924026193,0.4999734893660147,0.49996285004406854,0.4999812490616531,0.4999753271356474,0.499970211812731,0.4999748713085856,0.4999779210065047,0.4999801555848647,0.49998270148359175,0.499976314849279,0.49997684404355497,0.49996661019739885,0.4999714589508742,0.4999684240389038,0.49997278378652604,0.4999795367368803,0.49997960585432993,0.49998359806310205,0.499973553133661,0.49997842197770986,0.4999786986275506
2.7,0.4898046949484443,0.4917993004265402,0.4961878801396817,0.4980803926687565,0.4987479555569785,0.49907607628982786,0.4992788278079703,0.49943887655427593,0.4995109227946679,0.49954989857471177,0.49963831148215926,0.49968929184634914,0.499723295177359,0.49974442109188444,0.4997592461709837,0.4997988108233792,0.4998125960985564,0.4998171793073033,0.49985032482385533,0.499851652715442,0.4998657956537627,0.4999007193132144,0.4998837924951896,0.4998928477293893,0.4998904267607219,0.49991908863635515,0.49992734391028154,0.4999242239639263,0.49992554013836343,0.4999244796351353,0.4999238414287343,0.4999285771656792,0.4999358370695495,0.49993277686028653,0.49995140277047945,0.499939981853461,0.49994719581230374,0.4999445941538946,0.4999388137636483,0.499954404899838,0.4999633991420302,0.49995834424342483,0.4999780968421065,0.49995355635291455,0.49996775032757623,0.4999540324670324,0.4999712836556484,0.49997635300762816,0.4999629474333085,0.4999832154734348,0.4999650067313114,0.4999587740341817,0.4999641253265709,0.499966970179642,0.49996716325882934,0.4999624972575899,0.4999563458326942,0.49996787609997356,0.499970637420407,0.4999706526362442,0.49997196922100545,0.4999746419090587,0.499966981287981,0.4999719573111642,0.49996547251240464,0.4999622499431226,0.49997501557502755,0.49997583472180573,0.49997314342064747,0.4999787402823752,0.49998247757747155,0.49996486679216057,0.4999700755435449,0.4999611689947609,0.4999790719649605,0.4999675995776659,0.4999709399695512,0.4999690132023694,0.4999594891244749,0.4999757624120481,0.4999660730773404,0.4999747444018859,0.49998620405212724,0.49998188192902365,0.4999783903294529,0.49998198494195945,0.4999711417627645,0.4999759288920077,0.49997483735232173,0.4999798391965763,0.4999699478602674,0.4999752688334462,0.49997829663903565,0.49996937768371974,0.4999884903368461,0.4999712266357422,0.4999849129849558,0.4999672253140479,0.49997506871704395,0.4999771330255062,0.4999691676116336,0.4999681449674563,0.49996705506486716,0.4999755889128225,0.49996736340523196,0.49997735081483946,0.49996643543855945,0.4999799930556117,0.4999680214008224,0.4999661920240404,0.49997077749867724,0.4999635671770441,0.4999732395232206,0.49997830414390315,0.49997613636945754,0.499978046566004,0.49997316876841386,0.4999763485432496,0.49997312436647867,0.49997902003537537,0.4999743815413168,0.49996961898649345,0.49998318255582835,0.4999683633295887,0.49997563111263454,0.4999733305333384,0.499975694508463,0.4999767184183072,0.49997514020481537,0.4999676881328349,0.49997517186564017,0.4999837838983406,0.4999820492968601,0.49996471208180293,0.4999700043367,0.49997463303529616,0.499976612977908,0.49997175721522474,0.49996470596187664,0.49997387860286685,0.4999715522158799,0.4999715114103432,0.4999733384100569,0.49998440334933997,0.4999773605849241,0.4999766625008786,0.49998269248713595,0.49996832671954383,0.4999719920077252,0.4999746830059083,0.4999777361096426,0.499970473259573,0.49998302751077955,0.4999735213649247,0.49998081810153244,0.4999686997901013,0.4999846727629437,0.4999771915448242,0.4999747023391251,0.4999765787782054,0.4999706904272026,0.4999800770238381,0.4999720614752413,0.49997222277257986,0.49997022920535467,0.49996584012947404,0.49997510100676174,0.4999788582854456,0.4999740960553744,0.49997784226301717,0.49997978141392957,0.49997415178899085,0.49998194082720904,0.4999775153602735,0.49997665333495656,0.4999725495763983,0.49998067179052696,0.49998484768021006,0.49997285294194654,0.4999791944429352,0.49998063730654463,0.4999740766420701,0.4999719817578048,0.4999723857217038,0.49997183999571476,0.4999734948624902,0.4999735839391648,0.4999748429628038,0.4999770602887345,0.49998348355657624,0.49997675243834866,0.49997234461741236,0.4999769687374931,0.4999800086588767,0.4999752595857869,0.49997738079717075,0.4999696908876213,0.49997731146868896,0.49996644965084797,0.49997287042401534
2.8,0.48982796561928965,0.49176065401503044,0.4960768690638535,0.4981078007495841,0.4987440282675651,0.49906259173856515,0.49927419893217695,0.4993883629868052,0.4995283195869018,0.4995808694290128,0.4996215412476694,0.4997073631669219,0.49972213053173437,0.4997468363716384,0.49979542432539825,0.49979631265144264,0.4998399203631729,0.49985464428050363,0.49983423739095506,0.49984034635119956,0.4998933107000052,0.4998826977327898,0.49989875522769744,0.4999022416151193,0.4999005024584994,0.4999024454819336,0.49991321401437516,0.4999414106303516,0.4999364046960318,0.4999280157334564,0.4999369331578644,0.49992222512006196,0.49994954465676156,0.49993448912755883,0.4999416003451402,0.4999572825997868,0.49993432839120355,0.49995127258858935,0.49994894030016285,0.4999568841878785,0.4999509557309897,0.49995839969373834,0.4999541940628969,0.49996786442690755,0.4999513097177039,0.4999551364163551,0.49997280398596816,0.4999578025436433,0.49996524773509504,0.4999525026104803,0.4999535092231674,0.499945082804092,0.4999770315870649,0.499964134100089,0.4999740374509308,0.4999630840774588,0.4999642110328249,0.49996623872420226,0.4999627958078871,0.49996821673140673,0.49997278828218894,0.49998351435019045,0.49996525262722763,0.4999772362734118,0.49997600359897176,0.4999730141643212,0.49998014278156244,0.4999788573318036,0.4999707129819137,0.49997458193230154,0.49995680458685865,0.4999670663033024,0.4999615469965923,0.49997912569507935,0.4999899058236537,0.49998526809135363,0.499981268398136,0.499965264352168,0.4999743386568579,0.49996833388082024,0.4999679238733154,0.49997704401372933,0.499972701012363,0.49997097421153913,0.49997866880915315,0.49997095638253497,0.4999745655050189,0.4999744740975808,0.4999754735209139,0.4999670988115329,0.499978283108086,0.49997453679115383,0.49996797627431416,0.49998257801488927,0.4999795074562406,0.49997672682583144,0.49997421856456153,0.4999684687686414,0.49997615544331836,0.49997165190741055,0.49997147155181576,0.4999742474493017,0.4999693638510914,0.4999732797244912,0.4999795307871621,0.4999783748604498,0.4999723722352011,0.49998291081294033,0.49997760253217266,0.4999855290902379,0.4999720305562158,0.4999823330763967,0.49997977078674555,0.49998679637431287,0.4999837830922681,0.4999701418908297,0.4999844589346642,0.4999783427917188,0.49997292183131525,0.49997571825023857,0.4999684906359535,0.49997293841068746,0.4999768970629253,0.499973196788584,0.49996220502604194,0.49997479718792454,0.4999794731710597,0.4999708063596511,0.49997755990277065,0.4999833350655056,0.49996768678080616,0.4999669782988804,0.4999650908800131,0.4999749757861186,0.49997558800993597,0.49998058725669686,0.4999733274024131,0.499977582225786,0.49996756769495304,0.4999768701811259,0.49997465031842253,0.4999787026979333,0.49996778260504793,0.4999685668564392,0.4999730235880728,0.49997973469487683,0.49997371010900715,0.49997922437273445,0.49997901187215094,0.4999762992593628,0.49997692473696836,0.49997287694109394,0.49997399751531435,0.4999730766467396,0.49997833259968716,0.4999754274534837,0.49996927121900214,0.49996651719991597,0.49997124811291616,0.49997939256450086,0.49998385666582273,0.4999748780428951,0.49997428978332376,0.4999800986391412,0.49996984503843694,0.4999738749237077,0.49997103097670864,0.49997656234090493,0.49996840055438224,0.4999742511474599,0.499984665559724,0.4999857495302237,0.49998109666546664,0.4999840913228921,0.49997736276118393,0.49997801669535347,0.4999694755937441,0.4999720493009163,0.4999758421841946,0.49996608544223,0.49997918744781655,0.4999820101476146,0.49997778048252106,0.4999729077963852,0.4999741563332298,0.49997261938318477,0.4999693199288305,0.4999727494046858,0.4999659374702485,0.49997117649492195,0.499979137987889,0.4999766532699024,0.4999785931086572,0.4999770640171161,0.4999727998909851,0.49998025417786185,0.4999748530373129,0.49997459556876267,0.4999707193557524,0.4999743432070571
2.9,0.4900196656434637,0.4916064401455191,0.4962139530153041,0.49813241838596106,0.49876380375647955,0.4990769094998901,0.49928146617447966,0.4994090311181996,0.49952126562559923,0.4995914419844574,0.49966668820182936,0.49968136539520497,0.49969425400753087,0.49975124419698086,0.49977755972499566,0.4997933282020579,0.4997878983863155,0.4998412743976021,0.4998436730295701,0.4998640054792995,0.499896810087763,0.49987767932981386,0.49988931863524555,0.4998950211121986,0.499896304180066,0.49991520022291297,0.4999207930336415,0.4999279851122901,0.49992257818671515,0.4999221673439401,0.49992929650921647,0.4999530178752055,0.4999280466426468,0.49995087209693023,0.4999360059885051,0.49995120145680805,0.49993392973163236,0.49994331153334426,0.49996187334612957,0.4999487599079392,0.4999515510926006,0.49995098881046157,0.4999623401439051,0.49995847386866177,0.4999685857276307,0.4999544994936262,0.4999463869462064,0.49996438083894995,0.49995787674235487,0.49995688649586795,0.4999574635078373,0.4999751768563322,0.4999678283196312,0.49997018689027284,0.4999629365376176,0.4999663109695567,0.49996330533080185,0.4999642386258375,0.49997657015628355,0.49998736480098066,0.49996700774208763,0.499965516092831,0.49997336529712405,0.4999662720083764,0.49996464394994583,0.4999718644473176,0.4999818956464493,0.49997422713200756,0.4999705992537631,0.4999668561442139,0.49997895088297756,0.4999697991501432,0.49997315676510123,0.4999689806838514,0.49996906122009394,0.4999763321273849,0.4999879182754402,0.4999683704493422,0.49997640225884377,0.4999684050649809,0.49997756914586194,0.4999841636345131,0.49998021183905567,0.49997892078038275,0.4999730253741208,0.4999707728443051,0.4999826154882461,0.49996693387493535,0.49998065426338373,0.49997831266625264,0.4999748156512336,0.4999785499476041,0.4999736684182032,0.4999865465427615,0.49997532224580366,0.4999689545256448,0.49997725948698374,0.4999780549296517,0.4999774068126987,0.49997536876967785,0.49997736470636633,0.49997418317837056,0.49997107142054376,0.49998050334197275,0.499989488704547,0.49997271214412903,0.4999778188927925,0.4999783365886841,0.49996881290792183,0.4999740072123883,0.4999689901986599,0.4999868719384204,0.49998642305000707,0.49997939008870235,0.499982624564521,0.49997543234719755,0.4999625408125569,0.49997497487652265,0.4999716020832538,0.4999717634295522,0.49997043649005557,0.49997630930836845,0.49996856775909737,0.4999686579404091,0.49997495392583313,0.49997730581299976,0.49997857605963264,0.49997604334993606,0.4999797515006449,0.49997078573934695,0.49996631089063287,0.49996963648324627,0.4999707926657067,0.49998045203810937,0.4999676414730033,0.4999782096348463,0.4999729196496547,0.49997421012614135,0.4999721963578763,0.4999646812443883,0.4999786646838103,0.4999707972416107,0.4999736108377117,0.4999732410968103,0.4999768458569635,0.49997004132471234,0.4999808130167363,0.4999792091524785,0.49997494775645523,0.49997387364432244,0.4999770849824692,0.49997894717159125,0.499970577270607,0.4999783547683483,0.49997280085758505,0.49998118441390194,0.4999851322586322,0.499974442918294,0.4999720536836523,0.4999802803823347,0.4999670652511935,0.4999643694294387,0.49997661283350975,0.4999752724261298,0.49997723270049427,0.49996611217543874,0.49996991148138586,0.4999675629156003,0.4999716359854115,0.4999734026324602,0.499978795543942,0.4999790023986197,0.4999742576223218,0.49997842364433426,0.4999728563445472,0.4999688838757029,0.49997172728116623,0.4999770640797551,0.4999742610718907,0.49998025312791605,0.4999702237876697,0.4999765864075859,0.49997201009348113,0.4999783220350755,0.49996475116170347,0.49997135361103207,0.4999731282754401,0.4999754780118897,0.49996656018927643,0.4999725867896929,0.49997376931467213,0.49997542684447127,0.4999798602214174,0.499965262671424,0.4999784297491433,0.49998032771394507,0.49997809403156857,0.49997895247563545,0.4999765226345337,0.49997544102761055
3.0,0.489764367349532,0.4915297549031089,0.49618122950454885,0.4980936335176918,0.4987546966428986,0.4990816813808378,0.49929674384670414,0.49940869579376174,0.4994922345153817,0.4995801637873505,0.4996378736344541,0.4996873213479013,0.4997215265340071,0.49974815672391104,0.4997656331084871,0.49978646616457884,0.4998217277361724,0.4998082273636288,0.49985010572586425,0.4998703719114241,0.49987548712550134,0.4998949100204405,0.49989288535968907,0.4998845159524318,0.4998766695417472,0.49990454429605286,0.4999208531265814,0.4999245829684572,0.4999128404118992,0.499935776858142,0.49992926697935686,0.49994272774416015,0.49992496580908885,0.49994682125862755,0.4999318287597487,0.4999293224369686,0.49995500222517664,0.4999373098501715,0.4999416751445711,0.4999611128527549,0.499967272665904,0.4999583617222049,0.4999598760766904,0.49996168128873697,0.4999598619740321,0.4999540878026102,0.49996767613033455,0.49995616299203055,0.4999520489210034,0.49996213292121294,0.4999593910871056,0.49997751593224543,0.49996351380754817,0.499976144969452,0.4999563567102723,0.4999638993460812,0.4999815802868355,0.49995810216657294,0.49995657005648736,0.49997057271703693,0.4999656686611294,0.4999738843224252,0.4999526241449604,0.4999637873206797,0.4999723020693869,0.4999740317552938,0.49996961673764534,0.49996574194976096,0.4999862073762411,0.49996656626617,0.49997954394765537,0.4999866813464032,0.4999728165274051,0.4999818052549308,0.49996622621289494,0.4999765346561971,0.49997420653144947,0.4999707076221148,0.4999652540190071,0.4999726439928832,0.4999761932795523,0.4999776998749245,0.4999595824813116,0.49998306412906623,0.49997689623073277,0.4999801065564629,0.4999808602178871,0.499976407644566,0.4999756097946931,0.49998604920834255,0.4999786716452959,0.49996834113569216,0.4999814432611791,0.49997819085010126,0.49997774275966766,0.4999772256358705,0.4999784679551979,0.49997348776594,0.49997968819728156,0.4999739089631766,0.49996925181250507,0.49996237973176866,0.49998330771199967,0.4999661820301383,0.4999735765384293,0.4998409830228016,0.49996933184081804,0.49997413195973217,0.4999793990240439,0.4999725562145729,0.49997069725295373,0.49997802280775144,0.49996808510274504,0.499970475485,0.4999708292475236,0.49997280876553,0.499966354962354,0.4999714331375366,0.4999732564352335,0.49997039845918795,0.49997875708794487,0.4999846247687477,0.49997546218292266,0.49997950426830035,0.49997586332150995,0.4999760175728979,0.49997578082815053,0.4999816302857321,0.4999740719831166,0.4999736652099639,0.4999758438597002,0.4999816505675198,0.4999840294739155,0.4999700077836941,0.49998796354769665,0.49998129794862783,0.49997702551467904,0.4999732390122275,0.49997254425626136,0.4999759717430095,0.49996876879609214,0.49996799779789436,0.4999748565214496,0.4999723191798083,0.49997320884738505,0.49998052760323336,0.49996801660746054,0.4999749044107819,0.49997951212988756,0.499979292831427,0.49997803203525265,0.49997411508377787,0.4999719214886059,0.49997016670030386,0.49997498035187704,0.49997294253056296,0.4999802179107983,0.499972575438614,0.4999710374615309,0.4999758532613743,0.4999767484347057,0.49997791399915087,0.4999782821038363,0.4999706910136791,0.49998237896719777,0.49997510336569556,0.49997701748599116,0.49997610365076267,0.499970322880266,0.49997218826016404,0.4999715513359417,0.499969130784697,0.4999767457189732,0.49998015100118853,0.4999764127282547,0.49998388196352733,0.49997026296043406,0.4999690511924764,0.49996553290732426,0.49997299736487383,0.4999730735419769,0.49996800043324485,0.49997085195775426,0.4999697749837832,0.4999709188459275,0.499978572457655,0.49997476934278706,0.49997621311209506,0.49998052424125455,0.49997603370249827,0.4999778137748103,0.49998001378895257,0.4999735261247045,0.4999775272998949,0.499972838538132,0.499990827220334,0.4999753034280344,0.4999700954784779,0.4999776243546534,0.4999762061996891
3.1,0.4898966619427509,0.4917753553763785,0.49617891930583924,0.4980981287141042,0.49872952119797836,0.4990436506275035,0.49929730061464367,0.4993888109486793,0.49949841394578476,0.499576005945144,0.49963317973927396,0.4996757234296426,0.49972544788060785,0.4997346870662922,0.4997979212301927,0.49980256432872244,0.4998182299105418,0.4998156234571293,0.49984524971506267,0.49987600572095575,0.49986739363336335,0.4998747054380189,0.4998884518301917,0.4998939970056992,0.49991394597905164,0.4999124501271079,0.4999304905475426,0.4999097366987338,0.49994100712667794,0.49992190541152676,0.4999290071480903,0.4999245452663316,0.4999464809280107,0.499940001298347,0.4999440654325023,0.49993289488228904,0.4999486296406591,0.49996010106961647,0.49995098998861204,0.4999565306224387,0.49994086408928995,0.4999315502502366,0.4999547814228291,0.49996180850348887,0.49982946063602607,0.49995567014265374,0.4999625119208193,0.4999658061129158,0.49996226627887747,0.4999724549140671,0.4999499666375051,0.4999769034882628,0.4998346419963212,0.49997375433320934,0.4999702690666025,0.49997143151660095,0.49997105318485696,0.4999716452569617,0.4999821207038512,0.49997442818182386,0.4999603415698975,0.4999615839815655,0.49997213564317367,0.4999719924460243,0.49997493348906635,0.49996199910119954,0.49994667036965684,0.4999601604810203,0.4999585864873356,0.4998538553752914,0.49997798582226716,0.49996008295970173,0.4999799423301865,0.4999775523499933,0.4999718349310451,0.4999717242816192,0.49997496530688773,0.49996836143284035,0.499971919199531,0.4999748438479026,0.4999774356359521,0.49998298193041585,0.4999873423011369,0.4999763385702432,0.4999634186545457,0.49998318019962695,0.49997917215879784,0.49996712635089163,0.4999734278890909,0.49997639399831795,0.49996900164256186,0.49997157991036434,0.4999737364806338,0.4999787995841684,0.4999749473602724,0.499971616750301,0.4999741565811969,0.49997196392278814,0.4999877364186186,0.49997726444858764,0.4999775127954684,0.49997694385242947,0.49997353455254184,0.4999709985424657,0.49997426381028875,0.4999862118761861,0.49997731105558196,0.4999824978901763,0.4999689226032844,0.4999808650856628,0.49997827301666153,0.4999683930156867,0.4999679157207832,0.4999690424015692,0.4999852792849391,0.49997507321055185,0.4999631441576579,0.49997378684203364,0.49996979435923317,0.4999713993458968,0.49998027838401254,0.4999667855037797,0.49997508495794596,0.4999875757266113,0.4999756087079458,0.49997058845022546,0.49997098767761256,0.49997600272222886,0.4999671833676373,0.49997127104053396,0.49997493129914883,0.4999832918495529,0.4999746522791254,0.49998235060578416,0.4999750060636755,0.4999764642931913,0.4999778558325353,0.49997378026359474,0.4999848065668368,0.49996332352938555,0.49997856089707315,0.49996721832448104,0.4999780540162008,0.4999818599543636,0.4999693214643896,0.499981479020495,0.4999850062362848,0.499979738233361,0.499975755528227,0.4999738621596485,0.49997084959404636,0.49998230806891575,0.499979882284833,0.4999752425007923,0.4999684492420816,0.49996842909625216,0.4999659589523083,0.49997520978290866,0.49997334588426245,0.49997275645209605,0.49997302268301486,0.49996750612549595,0.4999799976365884,0.4999833219585542,0.49997378270354537,0.49997327296105554,0.4999721708452342,0.4999760940844177,0.49998166768485824,0.49997698365577314,0.4999709767887388,0.499978007636934,0.4999765294608765,0.49997455967056365,0.4999749612644799,0.49997819061303067,0.4999734466338867,0.4999808061866967,0.49997187838740853,0.4999800019228429,0.4999773320771272,0.49997435207187424,0.4999684213714128,0.49996697761833675,0.4999793572098357,0.49996571821819685,0.49997411737733527,0.49997375458230453,0.49998046245831795,0.4999706806789493,0.4999789830946777,0.4999730103325497,0.4999771103742143,0.4999797273178526,0.4999733313689668,0.49997520059168943,0.49996941646648846,0.49997755793477866,0.49997278314837734,0.49996989667235825
3.2,0.48972449263370815,0.49191496777605637,0.49607677942810813,0.49810779001164124,0.498735926516069,0.49912662312790723,0.4993081744887551,0.4993626790625423,0.49950815567645307,0.49954813078491783,0.49962949800898626,0.49965288480027287,0.4997195281637872,0.49977082879016715,0.4997929972455393,0.4998011269948663,0.49981301397224803,0.49981121050388755,0.49985450610515914,0.49983576344593966,0.4998781202894939,0.4998691760462094,0.49988909696708295,0.4999068712807109,0.4998745192643327,0.49990392131463524,0.4999051764427954,0.4999193209821729,0.49991871489809747,0.49993721455143975,0.49993705895437424,0.4999432895009502,0.4999398227115713,0.4999218974343869,0.4999318688085677,0.4999637046857574,0.4999412129673102,0.4999479126123724,0.49995081270387826,0.4999408798194626,0.49995708240055775,0.49994539486625283,0.49995640114414486,0.4999545611210542,0.49996600936965596,0.4998460072640195,0.4999619719361034,0.49996935727640385,0.49995897193550093,0.49996471046897295,0.4999619525669044,0.49997125910436774,0.4999676105789606,0.4999856187258049,0.4999546661844825,0.4999692080070898,0.4999717388037885,0.49996003013395823,0.49994824043205294,0.4999706848154693,0.49996606973886204,0.4999604248001769,0.4999885641508374,0.49996401971645815,0.4999728170422582,0.49997625823742664,0.49996903942222104,0.49997229296047446,0.4999638434419256,0.49998141526569323,0.49999243055481485,0.4999596993917443,0.49998355779841086,0.4999710288555677,0.4999632840934267,0.49998302632064057,0.4999789864357767,0.499973417883901,0.4999838440706865,0.49998632222060013,0.4999733725928107,0.49997542533583356,0.4999626483648552,0.4999728735783174,0.4999711328137951,0.49997270234599656,0.49997179958787097,0.4999816998694215,0.4999685090447733,0.4999562213410131,0.49996795287205614,0.4999846994180789,0.4999768220819586,0.49997949998010416,0.4999759704395901,0.4999701834138846,0.4999755182974035,0.499982466280412,0.49997159344950887,0.49997638358783686,0.4999740630399601,0.4999799602408115,0.4999727058121099,0.499967058683818,0.49996239406341675,0.49997610624460975,0.4999665952475503,0.4999700046650833,0.4999818571743024,0.4999692894695275,0.49998001931127944,0.49996943260665616,0.49998043093667943,0.4999725867906566,0.4999723847652225,0.4999773987095945,0.49996927008086717,0.49997609381717706,0.4999681706576529,0.499978762729547,0.4999726465860031,0.49997172639106685,0.49998128672885883,0.4999823084198866,0.4999795494089889,0.4998438857353675,0.49997301413443895,0.4999676690175647,0.49997817837642594,0.4999773372161294,0.49997793257797457,0.4999637979845674,0.4999732470151051,0.4999803508376937,0.49997288713345756,0.4999799539355905,0.4999820776971439,0.49997847671747403,0.49997962534395246,0.4999631727217303,0.49997425341601454,0.4999760576182592,0.49997824281177256,0.49997307215123243,0.4999826907282146,0.49997388941796855,0.49997064432389343,0.4999721306695748,0.4999805524435977,0.49998298202989544,0.49997426173159104,0.4998444892708489,0.4999753822109561,0.49997961788843936,0.4999633724396031,0.49997988825961476,0.4999718266180045,0.4999698700234145,0.4999735171286426,0.49997524854803244,0.4999724438573155,0.4999771742204011,0.4999790693607858,0.49997086859179085,0.49997300515773835,0.4999642487597272,0.4999761204931099,0.4999736737711305,0.49998529343505504,0.4999858521599493,0.4999679421076289,0.4999740840507368,0.49997243434475247,0.4999713506633526,0.49997644987344647,0.4999728465080993,0.4999869611912741,0.4999786622318911,0.49997202337043267,0.4999692862454299,0.4999775497731096,0.49997675774336825,0.4999847030901401,0.4999760266874679,0.49998389519990133,0.49997126358584476,0.49997329345616104,0.49997754316555226,0.49997526749465415,0.4999808387805547,0.4999692607831707,0.49997225050532595,0.49998001456000074,0.49997909051880574,0.4999771055747065,0.4999829438034638,0.4999839384257112,0.49997287214661357,0.49996796793992127,0.49997362676763946
3.3,0.4900513878573525,0.49184262766114334,0.49616322258961654,0.49813564403551747,0.498821264288245,0.49903684086390065,0.49927857982510004,0.49942111707669684,0.49949270513472765,0.4995774563727073,0.499660177513843,0.49967254572312064,0.499722579061035,0.4997362150980406,0.49978003572536006,0.49977520082088944,0.49985261185244984,0.4998355958363556,0.49983103018051916,0.49986700361683023,0.4998535089105078,0.4998638104526074,0.4998876396588588,0.49989982933024474,0.49991239221199535,0.49988975160799215,0.49992090366449293,0.4999134288141154,0.49991484369958,0.49995282872501884,0.4999336670264675,0.4999463441512435,0.4999386726115309,0.4999373142119047,0.4999588319772985,0.49994139294136597,0.4999521142414826,0.4999555198614932,0.4999538400995002,0.49995784056034515,0.49994939190054577,0.49994994982470753,0.49994417442791406,0.499953847179373,0.4999483889637858,0.49996505875798014,0.4999598152662604,0.49997791840637984,0.49996000690567804,0.4999521506023749,0.499967112847118,0.49996264706390203,0.49997295399373276,0.4999539466180903,0.4999574050351015,0.4999730353224271,0.499965270432497,0.499962075578031,0.49994630435950765,0.4999743114158671,0.49997172223424635,0.49997051026777906,0.4999737901912337,0.49996831852991697,0.4999637893656052,0.49997136715617985,0.4999739352729745,0.4999802529517678,0.4999727624880082,0.49996926145173853,0.4999701547589819,0.49985310006175665,0.49995904643698164,0.4999883058183765,0.4999741270181491,0.49997260504617697,0.499984135995248,0.49997444394977797,0.49997139632054166,0.49998067546821845,0.49997641942449034,0.4999684990207541,0.4999789860207618,0.49996327100505517,0.4999840555424614,0.4999802273231961,0.49997863491725336,0.49996514670185666,0.4999749069223057,0.4999756116503422,0.49997754247001336,0.49997487046229167,0.4999840037011953,0.49998314559906787,0.49997869826687247,0.49996945268146736,0.49997226813132534,0.49997331002225953,0.49997593524737993,0.49996911381096115,0.4999688100421522,0.49998177203575184,0.4999749673959278,0.4999733712181317,0.49997697066369495,0.49997032799288066,0.49997782906233396,0.49998313263036853,0.499984004598079,0.49997954246791243,0.4999691074375837,0.49997531952702867,0.4999706144980023,0.49997524671066995,0.49996482917253415,0.49995925870745894,0.49999207214026203,0.499987072880011,0.4999773844442726,0.4999743080204043,0.4999800185273387,0.4999655758498306,0.4999763503272152,0.4999791658429415,0.4999793268398782,0.49997177913941976,0.49997247629115826,0.4999758547469976,0.49997953024673136,0.49997562859648864,0.49997569302178946,0.4999722395176986,0.4998404801755579,0.4999814172177389,0.49997015098974407,0.4999779826779431,0.4999695986843112,0.49998013946027736,0.49998312971017755,0.4999773209676846,0.4999729853418361,0.4999723141244028,0.4999739990693306,0.49996886043807526,0.49997290889820417,0.49997218671621557,0.49997178121135666,0.49997243171841094,0.4999716485566427,0.49997724368390306,0.4999743329455734,0.4999726084145256,0.4998524511100578,0.49997091528917553,0.4999686338323947,0.4999713319878577,0.49998015565404375,0.4999737084841701,0.4999683543337864,0.4999738743663074,0.49998160778752376,0.4999746922844869,0.49997129714041394,0.4999819085406447,0.49997313477644056,0.4999810654092505,0.4999760131948348,0.49997475081564297,0.4999741925355947,0.4999823468955425,0.4999660894847455,0.4999738698828517,0.49997271158995343,0.4999711957059646,0.49997935104850144,0.4999738883114499,0.49997533970313984,0.49997466876390617,0.4999699000262993,0.499981829524437,0.4999813342256439,0.49997912404488376,0.4999657257505676,0.4999797731236318,0.4999625041794712,0.499971510397332,0.49997332468878547,0.4999750701837934,0.49997015500465913,0.4999761216665361,0.4999674600077891,0.4999674758261693,0.49997914264820303,0.4999754640192659,0.49996713682244104,0.49996988572373996,0.4999711417476534,0.4999673790746505,0.49997245694585074,0.4999716319989949
3.4,0.4899882592188684,0.49175865863398033,0.4961310812112865,0.4980996623596618,0.49878863690392133,0.49912840679861276,0.49924459286460715,0.49939565430636834,0.4994782890654091,0.499588581326025,0.4996409626804799,0.49967956597884555,0.49958588448468777,0.4997856554070049,0.49980708855735684,0.499794260468134,0.4998316640576128,0.49984719686004286,0.4998588165054497,0.49985615559462493,0.4998724155462442,0.49987891864460465,0.49989498314983777,0.4998787817808329,0.4999326626441807,0.49992175037313474,0.49991288967602904,0.4999195151284557,0.4999472845163786,0.4999288063238188,0.49978951312011893,0.4999332994684003,0.4999178413501282,0.49993876637167445,0.49994338485729223,0.49994716840592224,0.49982577479075513,0.49994369635908664,0.49994828142022363,0.499948203363106,0.49997547387750113,0.4999710552935251,0.4999659789846401,0.4999730386509795,0.49994532229037975,0.49982882029959574,0.4999564919259181,0.4999834326827542,0.49997905634763856,0.4999768348683526,0.49996248331046456,0.49971033017926286,0.49998996752222225,0.49996040194402147,0.4999789769159462,0.49983246535834097,0.49995733001004206,0.49997474685894544,0.4999732145029416,0.49998383634514004,0.49997214408820423,0.49997332385200494,0.4999705648873522,0.49997163067712136,0.4999702814647339,0.4999769221547167,0.4999673905940353,0.49996965885034883,0.4999735362349755,0.49996835587527977,0.49995949315646093,0.4999719033719951,0.4999729034361197,0.49997219410734195,0.49996251579861356,0.4999639351307366,0.49996408335227477,0.49996932669095423,0.4999627220334832,0.49996958092999605,0.49997808065180344,0.4999643750778618,0.4998412827718077,0.4999677027276086,0.49997492135618776,0.49997480413262335,0.49997292873695504,0.4999782608327963,0.4999735861880437,0.4999868687864272,0.49999104010351975,0.49997607614041395,0.4999837805479833,0.4999829443816539,0.4998514445586185,0.4999769706687546,0.49996637647388426,0.49997989001405735,0.49997785793866667,0.49997770475775416,0.49997140292281633,0.4999602824657194,0.49998043368474554,0.4999796155657923,0.49998039588260146,0.4999708493929825,0.49998047193790845,0.4999991663991005,0.4999755443521684,0.4999746180465394,0.4999795974979546,0.49996365501625306,0.4999761813342834,0.49998139630732064,0.49996637982391784,0.499972639540287,0.4999671680017162,0.4999822224035466,0.4998545912173451,0.49996323390885905,0.4999745574836711,0.49998506332932613,0.4999758937332952,0.49997159289337056,0.499966081178495,0.4999769751230908,0.49996456653351146,0.49998095332330417,0.4999819125298036,0.4999832235876753,0.49997524213927164,0.49997153210806067,0.4999644130435352,0.49997041087680966,0.4999731799385223,0.4999668429182738,0.4999719166010981,0.4999743955032757,0.49996956976769125,0.4999892249560125,0.4999703903004177,0.49997883274441673,0.49997639250841946,0.49997105768118927,0.4999764117601943,0.4999742766412092,0.4999717919173286,0.49996932064197575,0.49997117544830605,0.4999720694948116,0.49985004821237816,0.4999668259811491,0.499968844094636,0.4999746632435923,0.49997929816213754,0.4998389761609269,0.4999755955172857,0.4999842354177833,0.49997799698458545,0.49997899228235837,0.49998161554472065,0.4998498137163553,0.49996907536079427,0.4999690052437412,0.4999714464387421,0.499974249783894,0.4999705926042238,0.49997573991098304,0.49997665222332793,0.4999693072278371,0.49997030575935386,0.49997336005889215,0.49997542707104625,0.4999754525147679,0.4999630754723731,0.4999724499864159,0.49996862791011193,0.4999808591215762,0.4999725118327721,0.49997463868720593,0.49996930211464696,0.49996907879961366,0.4999779598402553,0.49997516144703436,0.49996748364267957,0.49998206808611945,0.49998197901222907,0.499975812756699,0.4999702017396247,0.4999802576993491,0.49997072049789415,0.49997434018075876,0.49997781220157617,0.4999653187246194,0.4999643829011827,0.49997418372761276,0.4999777706735658,0.4999803596464031,0.4999759836603034,0.49998899698116434
3.5,0.48980722244711944,0.49168140358350365,0.4959209223669644,0.49793701560086734,0.4987749260131848,0.4990695652597588,0.4992610158171751,0.4994264976675182,0.4995275249475083,0.49956183044986097,0.49965233704773016,0.499684637164994,0.49971364318001443,0.4997379838845742,0.49977715930370775,0.49977727111456205,0.499850596370537,0.49984957094897225,0.499829588553306,0.4998603095186341,0.4997427733842898,0.4998861139059297,0.4998991146596815,0.49991626087017865,0.49990832257907225,0.499900145435274,0.49991760363902704,0.4999242576475058,0.4999312660796146,0.49992691933252487,0.4999274415192923,0.49994614642437235,0.49993608434603887,0.4999478719256575,0.49993711199482377,0.4999501134399874,0.49994939776694636,0.49995646427147244,0.4999692201153362,0.4999497648911513,0.49985253702268173,0.49995617140046317,0.49984723877831033,0.49995542453514186,0.49996395001044325,0.4999762590191533,0.49982138068754695,0.49997554336680133,0.4999719153911117,0.4999656062956867,0.4998232007971076,0.49995880770577267,0.49995529147302253,0.4999600135460428,0.49996949042549843,0.49997260229617796,0.49997974020821934,0.4999581599944353,0.4999680319076199,0.4999725374596387,0.4999608623858859,0.49996576952312477,0.49998769421640615,0.49998240319963627,0.49998095560258243,0.49997034208728003,0.49996410290181686,0.49998835867323066,0.49997559178873,0.49998410136172566,0.4999785991560815,0.49996412139624835,0.49996986825891226,0.49997758805399567,0.4999749027737965,0.49996694227216776,0.49995994603019545,0.4999682666655113,0.49996796838180285,0.499840816067427,0.49997819486273587,0.49984379365836235,0.4999762522652351,0.4999822580842687,0.4999739373245731,0.49997470820309137,0.49998287929802865,0.49996130862307053,0.49996353008914124,0.4999727741586475,0.4999554538045803,0.499840301608245,0.49998114509028124,0.499988276393279,0.4999778411751285,0.4999711358015917,0.49996950445539046,0.49997807506598013,0.49996397185649305,0.4999786501494275,0.4999689304457574,0.49998102425815516,0.4999818946252521,0.4999686397708256,0.49997009503467416,0.49997492822964185,0.49996919796004125,0.49997673802396025,0.49997282932070164,0.49984306951597485,0.4999839274356947,0.4998479160624172,0.4998431806911845,0.49997891474920125,0.49996863997267826,0.49997648581713017,0.4998504221577879,0.49971058669023294,0.49996793900177017,0.49996743693647844,0.49985347992102863,0.4999661033975999,0.4999756567166789,0.4998447870916577,0.4999702451326229,0.4999773353586631,0.4999619359558431,0.49998433808597176,0.49984926091726783,0.49997460578126135,0.49996980689197823,0.49996902206161425,0.4999693487799217,0.4999742618594284,0.49998128945372877,0.49997488992242745,0.499964905870154,0.4999813231361731,0.4999692157056365,0.49997266587957373,0.49996726007739495,0.4999756355642984,0.49997176456749,0.4999749882227467,0.4999745055854435,0.49997747642590257,0.4999790293461723,0.49997009470098985,0.49997639846176806,0.49997639305294383,0.49997899772598586,0.49997818816756157,0.49985034601193423,0.49997093895335,0.49997708180556744,0.49985141526283733,0.49984831828785126,0.4999847716004226,0.499975993366674,0.4999781102781465,0.4999772712940816,0.4999768491630833,0.4999832311235489,0.49997407061125837,0.4999842488885575,0.49997883791586245,0.499851333167502,0.4999776939884577,0.49997314432224177,0.4999722030913746,0.49997724775353636,0.49997954867223354,0.49984980545426416,0.4999809292447525,0.49997013045565575,0.4998454916051527,0.49997420911471735,0.4999734608582713,0.4999729535188041,0.499964797220613,0.4999773137073502,0.49998038663190575,0.49997771534148605,0.4999833064814125,0.4999741122027859,0.49997591947328596,0.49997254193350793,0.4999744787261732,0.49997815896829934,0.4999737109901087,0.499977222396387,0.4999790309146688,0.49998121355100955,0.49984378380495936,0.49997026846288783,0.49997305795222324,0.4999798845339441,0.49997276771772403,0.49997929455957685,0.4999728242550995
3.6,0.48992687457540246,0.49177185157226544,0.4960753584392583,0.4980715505856787,0.4988538485530048,0.4990605509989074,0.49926082803278404,0.4991822035980733,0.4994809062473032,0.4996071976710194,0.49964396524909427,0.49970063743488496,0.4997441715466961,0.49974268586326837,0.49976327236513607,0.4997888120711345,0.49981039958751766,0.49983267074430027,0.4998386539572845,0.49987908643305595,0.49982677851668583,0.49989046264676257,0.4998755603527115,0.49976080218706403,0.4997941251880861,0.49988839182768563,0.49978876896210495,0.499905855638941,0.49994276001206994,0.499931350257891,0.4999332786783056,0.4999501224335933,0.49994301397089463,0.49994889355272476,0.49994768126078526,0.4999802833022211,0.499936652702486,0.4999468205784613,0.4998369743401035,0.49996085005414087,0.4999515654431003,0.49996323262262754,0.4999368087724343,0.4999629565511491,0.49995504444370537,0.4999822256036328,0.49998404505032196,0.4999683889042921,0.499948484823981,0.49998954744473917,0.4999846086946466,0.4999887474672716,0.4999695226056235,0.49997163034657854,0.49998150822518833,0.499969387108278,0.49997012990950085,0.49983435939434645,0.4999586850357891,0.4999810553938485,0.49984434927933924,0.49970210612737703,0.4999736464754075,0.49998088470117114,0.49996749411602726,0.4999728759370911,0.49997349703758603,0.4999634136289617,0.4999547618285628,0.49997129819095165,0.49997975058828975,0.4999717668822412,0.4999705822517159,0.4999725215687243,0.4998572571291132,0.49998382150517007,0.4998405660911228,0.4999764964215727,0.4999682178526234,0.49983566769691296,0.4999816184338582,0.4999713559824127,0.4999760505826333,0.49997600790089886,0.49996774023745405,0.4999733792385967,0.4999670714694765,0.4999876720498448,0.49994844920984255,0.4999841074604616,0.4999709485146743,0.4999729719128451,0.499972711134132,0.49999145659899974,0.49998741865581386,0.4998438801116372,0.499976148761413,0.4999744636295495,0.49997972768901994,0.4999605006513959,0.49996380783183264,0.4998530132678923,0.4999687783034062,0.49997730914599703,0.4999579399748448,0.4999662675954048,0.4999732208660283,0.49997093534243203,0.49997598419085026,0.4999878722585765,0.4999726369175561,0.4998387202123695,0.49996737640655103,0.4999693138886634,0.49997534295897367,0.4999694088550937,0.4999724952657944,0.49998380340393755,0.4999755018721063,0.49998349711994383,0.4999870720888509,0.4999745624335057,0.4999610692081317,0.4999832381291551,0.4999717347255307,0.499970916646683,0.49997609992311115,0.4999714328073406,0.4999699640025394,0.4999765427723284,0.4998438191586813,0.4999727816406091,0.49998236134734053,0.4999788780144166,0.4999836937269622,0.4999792783183974,0.499978937411759,0.499962107882204,0.4999832118440554,0.49997521880895834,0.49983690565505695,0.49985307125578005,0.49985186829325096,0.499851827456501,0.49997742161075787,0.49999188645458287,0.49986368937087355,0.4999750075430112,0.49998186666792716,0.49997791307408074,0.4999652296487397,0.4999699438140071,0.4999727696037094,0.499967318852218,0.49997228303529306,0.4998508871794231,0.4998467173969519,0.4999674204364678,0.49997469972345454,0.4999726396814174,0.4999762815074377,0.49984384047791797,0.49998371464582664,0.4999739309518852,0.49997171975010885,0.4999769285790818,0.4999701517022513,0.4999764827160139,0.499982893152079,0.4999789263444618,0.49998529195999447,0.49997888427821513,0.49990384425273765,0.49997742818386404,0.4998387116507546,0.49997574409168966,0.4998444683866707,0.49997684522133173,0.4999739873764467,0.4998500207787708,0.4999737580799357,0.4999720529788735,0.4999730365467614,0.4998459923458634,0.49997460306799335,0.4999803849574032,0.49997567704959467,0.4999682504115423,0.49998118154980536,0.49997205276570655,0.4998410101948701,0.49997152050610305,0.49996705750306736,0.4999761149989919,0.4999824190931207,0.4998426992728664,0.4999755652447205,0.4999676963085085,0.4998473706858728,0.4999667977106058
3.7,0.4898604241139994,0.49189492435649523,0.4960274580714603,0.49803784645019006,0.49860418149996283,0.49897569153534954,0.4992525573672582,0.49940732225080126,0.4995054291668397,0.4995938876723759,0.4994723509653493,0.49970474581237206,0.4995975304313891,0.49976858128130935,0.49976205483210684,0.4997755538034074,0.49956594356586415,0.4998342075417918,0.49987430405420796,0.49988235922101304,0.4998647570049923,0.4998895368064202,0.49988291242875044,0.49975605906987447,0.49990560250127086,0.49979250161551253,0.49991182684861785,0.4999198625063881,0.4999186100280113,0.4999412831651712,0.49993566893462577,0.49994724844241184,0.4999611664202673,0.4999723488188551,0.49992938725237385,0.4999579576477806,0.4999574278471403,0.4999512966687343,0.49994343787144196,0.49995869577756863,0.4999592440610371,0.49994480283205894,0.49995066892385237,0.4999461633859114,0.49996544630200707,0.4999394472312053,0.4999575787709018,0.49996556840756945,0.49996504312060525,0.4999613122807636,0.4999664092209228,0.49986191133915825,0.4996940755710895,0.4999693902484828,0.49996122089785505,0.49996447312915293,0.4999533362877632,0.4999575349708705,0.49996802722142075,0.49996207827005995,0.49985535633231887,0.49984678906233115,0.4999642154877194,0.49993979537341326,0.4998255496507285,0.49995658691303446,0.49996527735334567,0.4998301538898955,0.4999870121130631,0.49997458994305444,0.4999863025924963,0.49983518653397563,0.49996623876593715,0.499962479545073,0.4999788455012457,0.499983469438161,0.4999782911326215,0.4999781702704076,0.4999615991412358,0.4999638589972112,0.49999082405271894,0.49996800709980793,0.4998442523774956,0.49983513203254143,0.49997521713598964,0.4999771226999663,0.4999673795526785,0.49998499605394064,0.4998490044766801,0.499975240395651,0.49996239553135297,0.49985221721677925,0.49998422121800234,0.49998348172191565,0.49984230569379556,0.49997939215971393,0.49998024138366826,0.4999715574611986,0.4999853435557938,0.4999803293799276,0.4999805527427862,0.4999828460820561,0.4999693491751838,0.49995677667793276,0.4997252665854463,0.4999833240137804,0.4999794406078864,0.4998545810908391,0.49997656018321823,0.4999683410884176,0.49997697160617055,0.4997269113459699,0.49998644965319883,0.49985532870052807,0.49998117588120083,0.49996773907381564,0.49997252807725423,0.49997237156818986,0.499980744079829,0.49998229177299774,0.4999711715952736,0.49997797492064616,0.49997509140844054,0.49997721677640944,0.49997000423714594,0.4999821971446306,0.49996928153125253,0.49996516750873915,0.4999816182565738,0.4998580342089405,0.499974241886733,0.499976160831309,0.4999695691963932,0.49998763201310686,0.49997274560452315,0.49997690315378934,0.49996571052749605,0.499969954707837,0.49997475811978226,0.4999858260896525,0.49984761450036874,0.49984758204761076,0.4999727469624438,0.499978149127804,0.49985432653655604,0.49997163837267156,0.49997416760485786,0.4998400792084517,0.4998476551879566,0.49997175899530116,0.4999755918764637,0.49984415248631375,0.49997111214317347,0.4999676146841257,0.49997743559004604,0.49983444829809626,0.49996696756947895,0.4998465339913147,0.4999690591530961,0.4997180017696598,0.49997711579306386,0.4998414689969029,0.4999836507712657,0.49998277583666717,0.4999735573712058,0.4999891041347019,0.49997723102143315,0.49996853388771684,0.4995856727864601,0.4999718080267715,0.49984300284558664,0.4998535317807611,0.4998359443568578,0.4999732791953827,0.4999744973283598,0.4998458074951301,0.4999741858693485,0.49997329053433454,0.4999875243549891,0.4998507259801037,0.4999021001550517,0.49984233875308604,0.4999766440708774,0.4999666935375633,0.4999824349191571,0.49996849162898305,0.49997805295256115,0.4999704431764317,0.49997488946343227,0.4999743796648561,0.49997822549286935,0.4999776453589357,0.4998559412238786,0.4997228787932673,0.49997410570065554,0.49997336635070083,0.4999788806860082,0.4999766369638558,0.4999655832284671,0.49996420914199347
3.8,0.48999135303863534,0.491583936148189,0.4961584469499551,0.4980014829449266,0.4986977968813252,0.49894991736151323,0.49913506273989594,0.49943268478534936,0.4995353351576067,0.4995641653347819,0.49959953082811953,0.49967235537166016,0.49976232565616735,0.4997138507101933,0.49978111715496054,0.4997943194257573,0.49984213458373583,0.49983055702614054,0.49975549272834496,0.49983132738412667,0.49985101487957256,0.4998721234594036,0.4998759233618784,0.49987888064277836,0.49977912523852047,0.49976895236900737,0.4998980647706605,0.49991681206501937,0.49991722030872154,0.4997937602720002,0.4997895078002521,0.49994432215670315,0.4999477912933483,0.49981006194438843,0.4999442496422167,0.49997527669408415,0.4999323268022445,0.49993663815056444,0.4999751347158933,0.4999456615931133,0.4999440427311144,0.4997998283328902,0.4999560457119496,0.49996944460565707,0.49995533898471817,0.4999647625314384,0.4999575616328773,0.4999623353520651,0.49996914946235294,0.49997397967288176,0.49995982942771955,0.4999619948541788,0.49995783922710235,0.49984395861989916,0.4999759383776598,0.49984229441450073,0.4999471698746852,0.49995483969227805,0.49984112237891754,0.49997332310997467,0.4998508883636121,0.4999704858453695,0.4999560877777571,0.4999675159441163,0.4999731639137217,0.4998371378048299,0.4999699544480765,0.49996286741680496,0.49996556579831064,0.49998718652595825,0.4999658485378707,0.4999717313925448,0.49995953261202064,0.49983962019652634,0.49997694538400533,0.49997594117448985,0.49998696916466673,0.4998367009464727,0.49984011725404714,0.49997097896015696,0.4998489328419304,0.4999703171114008,0.4999777271182292,0.4999664815381301,0.4999722348572737,0.4999697334464539,0.4999759055013399,0.4999828788970499,0.4999596399544279,0.49983927102832887,0.4999828681104909,0.49998345488255214,0.4999717631853669,0.4998480826244015,0.49998575023752057,0.4998455456761549,0.4999834358428987,0.49998452015852435,0.49984444828124974,0.49998131858688205,0.4999734209598662,0.4999730600849825,0.49996028131428744,0.49996658305404196,0.4999840554628786,0.49984294935938056,0.4999784629124057,0.49996993575109155,0.4999786551681285,0.499973311010603,0.4999703319694436,0.4999698294879921,0.4998332780487681,0.49997070368219554,0.4997203049429328,0.49997199646462503,0.49985384806443006,0.49996614559539515,0.49983585672090947,0.49996113103701695,0.49997220993875774,0.4999711936018196,0.49999104743203343,0.49997933514121257,0.4999840708873351,0.49997218564115703,0.49997488102667503,0.4999702526295759,0.49985193656485166,0.49997173432962455,0.49996478989071996,0.4999700629713448,0.4999764860129646,0.4998497807185768,0.4999593551135799,0.4998427407618668,0.4999727683766408,0.49985172731664795,0.4999867759887703,0.4997065558067484,0.4999754076107347,0.499980304207846,0.49996703258353187,0.49997710098999587,0.49984801291877995,0.49999334520081024,0.4998499051545585,0.49996527494731324,0.49997660802907984,0.49997650549569966,0.4998449584620207,0.49984199606667545,0.4999650342786611,0.4998458636280126,0.4997174055645595,0.4999616576898943,0.4999652264637137,0.49997906350671545,0.4999693561370035,0.4999737576578422,0.49997759879074727,0.49998562848274886,0.49984666712516074,0.49996353927404996,0.4999915590051229,0.49997020245865165,0.4999719951020981,0.49997404651340616,0.49985527324948387,0.49997105392809527,0.4999729346683485,0.49997009517476904,0.49971995785496387,0.499969816514016,0.4998535376216116,0.49985033385864047,0.4999812930899838,0.49996806365890567,0.49983893706209015,0.4998432723402099,0.4998454237336471,0.49997661133558213,0.49997370531320656,0.49996615762653185,0.49997070566992025,0.499962010918612,0.499964887349007,0.4999728068224301,0.49997452478903665,0.4999735497780664,0.49972526225876723,0.4995860490712759,0.4999734855151617,0.49997212192796775,0.499979902706552,0.49998421214636646,0.49997927948467735,0.4999759737116334,0.49997309450451566,0.49997417639145575
3.9,0.4896848826109578,0.4918552642645939,0.49590029230530164,0.4979625220895256,0.4987429304008841,0.4990452368288185,0.4991298098282323,0.49943314899393515,0.4994870850606589,0.49954768138530653,0.499653300697287,0.4996915800061855,0.499713769266213,0.49976006052137806,0.4997703803010278,0.49981610405539956,0.49981324155703316,0.49959840132559047,0.49985735108076135,0.49980715992730623,0.49986153259186794,0.49974832335379205,0.4995028267286177,0.49991876204855396,0.49979110842148655,0.4998911531052941,0.49991563907116693,0.4997912883674744,0.4999139290072823,0.49993087434426725,0.49978429653960865,0.49981644793447016,0.4998150709138042,0.49994874081365365,0.4999543271137098,0.4999394804784845,0.49993721604456776,0.49994315524602323,0.4999347398623448,0.4999475744315683,0.4999547644591881,0.49995325358030174,0.4996999157728001,0.4997051092947082,0.49996234297214476,0.4999699264816779,0.49995867937824157,0.49984954623781286,0.49995127295716196,0.4998608952329097,0.49983959172494463,0.49997020968255185,0.499836217179745,0.4999659145518963,0.49982043596135023,0.4999646679512462,0.49997056314863186,0.4999876693136695,0.49996829045692526,0.4998395866315758,0.49970981815760135,0.49997937423411404,0.49996667345084617,0.49985619203384873,0.4999665401635673,0.49997164875404837,0.4999878100761796,0.4996983835875724,0.49997428697191865,0.4999629150882455,0.49982817375745753,0.49998612112725066,0.4999849709707258,0.4999864819462093,0.4999732483057783,0.4997131463705426,0.4999565292626087,0.4998440951823271,0.49996491964342543,0.49997182142946145,0.4999752717248848,0.49996425741058703,0.4999648215996301,0.49997696974895967,0.49971190844007174,0.4998477849229424,0.49997431398593045,0.49997683660684206,0.49972422520730697,0.49996995016218615,0.49997387069348437,0.4999736348942373,0.49996903940047505,0.4999743601474426,0.49983920401559695,0.49983723706397254,0.49997855494309346,0.4997156771869796,0.4999833411454103,0.49998039983916653,0.4998398030632214,0.4999870900078432,0.4997200113112696,0.4999769898776805,0.4999808615757035,0.49997501730708555,0.4998435666333268,0.49998635056005686,0.49997421745846354,0.4997055522258873,0.499983239226102,0.49997734153040235,0.49984825948946476,0.4997262406742642,0.4999726572623148,0.49984726995140494,0.4998588697388462,0.4999775656533354,0.499847247114435,0.4998600026538113,0.4999784562175315,0.4998377871944385,0.49997676577050126,0.499977399683713,0.49996504365280353,0.4999752831497571,0.49985860775621427,0.4998448777915072,0.4999154059737255,0.4999768290809818,0.499981767752156,0.4998381191144386,0.4999714825713679,0.4999655642552089,0.4999636395015378,0.49997215954319885,0.49998406905335646,0.49996307571912496,0.4999638274334812,0.49998416548521646,0.49984383201369464,0.4998569071870635,0.4999716659854121,0.4997231224766951,0.4999757152231153,0.49999428082389824,0.4999821165773956,0.4996999249165022,0.49997769343005627,0.49971600390174514,0.49997218529454296,0.4999716051211437,0.49997520800441536,0.4999887339581422,0.4999767262793342,0.49996579725946994,0.499985423718971,0.4999713305682704,0.4999680149344989,0.49985112311108404,0.49996534300386763,0.4999638047518849,0.4997139825447478,0.4999857818936469,0.49997414351709285,0.49997767794531595,0.49984880071123633,0.4999782541550427,0.49998349745568577,0.49984205596922965,0.49997196236185876,0.4999774105703589,0.49997522230553104,0.49984568369161475,0.4999806931778295,0.499587373872562,0.49997207328115295,0.49997090239954317,0.49996685717252976,0.49971578629309366,0.49984548059965,0.4999685062328727,0.49998728230817996,0.49998848895403314,0.49984891563313105,0.4998383692306876,0.4999751906627433,0.4999747595070052,0.4998420130971554,0.49997800284554744,0.4999766234616871,0.49997416179949355,0.49984116807572004,0.4999734122747153,0.4998541688232735,0.4999755248530368,0.49998983102983513,0.49971781165643536,0.49971904482452656,0.4998430502629123
4.0,0.48987688705816335,0.49176487425607635,0.49568266079987044,0.49794748172503983,0.4987973526699582,0.4990726789217768,0.49931717717448176,0.499391735812909,0.4993714519407487,0.49929601120571465,0.49963906763333643,0.4996778722977513,0.49957979084910875,0.4997487855080135,0.4997865239415417,0.4997802445073333,0.49981822167579104,0.4996806236042469,0.49985446144146084,0.4998245459994938,0.49987134404399197,0.49984851808287234,0.4998857819287756,0.4997680720248565,0.4998787387632756,0.49966266680900895,0.4999104141507005,0.4999358413583819,0.4998102796047247,0.49991865955547565,0.4996749374305283,0.4996805020944646,0.4999197607607521,0.49970457601819973,0.4998111332032702,0.49994413554190437,0.4999617279159196,0.4999477995661729,0.4996858323849474,0.4999538993734756,0.4997080685971052,0.49996849119216263,0.4999753752570049,0.49995297333277783,0.4998303705608912,0.4999634745266846,0.49996964202304667,0.499952063483756,0.4998489419614037,0.4998317086668007,0.499835275583341,0.4997277052666965,0.49998298577618977,0.4998494777312587,0.49998165779667003,0.499989996365252,0.49995794692152357,0.4999885727225524,0.49997923249593196,0.4999695303176347,0.49997699559636144,0.49983723233923216,0.4999784616381558,0.49984308794037624,0.49997270358646434,0.49996760905604526,0.49997838409412926,0.49983652018117236,0.4999884984845215,0.4999801562347736,0.4998395675500555,0.4998513387340869,0.49997183024389197,0.4999718224673207,0.4999747797189304,0.4997233591268198,0.49996289260255244,0.49998863367327845,0.4999649670119949,0.4998587363337323,0.4998502074200286,0.4999727286051911,0.4994653895493243,0.49985386291374206,0.49996394800920924,0.49985468190673343,0.4998225859679103,0.49997169693119,0.49984185972147877,0.49997338598139895,0.49997551736554596,0.4999837472027832,0.49996125261097907,0.49984211657257727,0.49996088159363955,0.4998552486295112,0.49996856584929816,0.4997204493340575,0.4998477224895818,0.4997094179891649,0.49997461805485754,0.4999756093147799,0.4999776363635248,0.49985288414568824,0.4999740483326241,0.4999746043560698,0.4999640658422946,0.4998450865478463,0.49971058420688585,0.4999842569682815,0.4999792496056866,0.49996625696115793,0.4997239803580734,0.4999837753940133,0.4998453184460741,0.49997034535793516,0.49983879434104556,0.49984436394314274,0.499983075689248,0.49998289778818783,0.499971161392744,0.4999859869577145,0.4999711970344757,0.49985979185951046,0.4999886629308553,0.499976973198151,0.4998413577542075,0.4998368205407207,0.49972693676198704,0.49983364611389164,0.4999572965351632,0.4999891531917622,0.49997414561955916,0.49996560310799426,0.4999764644609803,0.49984371768242136,0.4997191036610608,0.4999713255738555,0.49997325203247767,0.499723802861323,0.49996579168596045,0.49997125375448026,0.4999659042327729,0.49998223643433265,0.49996830470591286,0.4999694688048416,0.49945197085068166,0.4999697137228123,0.4999743027021084,0.49957938564423676,0.49972296653619114,0.49998011325598635,0.4998479460731758,0.4998372957009973,0.4998461422748352,0.49985606275987304,0.4998659089270377,0.4998396116031345,0.4998497484687372,0.49996691294904977,0.49998528887414684,0.4999738424439338,0.4999686505876573,0.49997123822921274,0.499976442440066,0.49997079655052873,0.49983870584971135,0.4999725935511799,0.4999731914221975,0.49996670774100704,0.49984549051249566,0.4999820149424224,0.4999735528271822,0.49990822938683155,0.4998525769455124,0.4999785835483174,0.4997132369641135,0.49998078815219116,0.49985928875276464,0.49998492794162336,0.4997194912336671,0.49971973503530387,0.499838838870051,0.49997706669892145,0.4998399268024004,0.49971816991739504,0.4999757965031515,0.49997298476174623,0.4998441542718389,0.499844904883217,0.4998375153609093,0.4999759096152829,0.4997142267818542,0.4999657227791211,0.4998401537342651,0.49998583444280137,0.4999670551621796,0.4997161635426065,0.49984811316692274,0.49984671400633496
4.1,0.4896203002207133,0.49153007752185196,0.49606854706740744,0.498065260558668,0.49860695628498924,0.4989104673762452,0.4992942977078506,0.4992843839677788,0.49947444716875933,0.4995585387906713,0.4995069732958644,0.4996692807360048,0.4997468007964152,0.49975386184830173,0.4996830929527351,0.4995464242872414,0.4997772353052463,0.49959151106310534,0.49987047712369514,0.4998973398402805,0.49975588691354234,0.499881205744538,0.49987974261922075,0.49989576026025745,0.49988958789566146,0.4998962139099026,0.49968289783080994,0.49964877509406747,0.4999131944930129,0.49991220926175683,0.4999412537963752,0.49980397066517357,0.49982257367633925,0.49978941947750916,0.49979458932286447,0.49981377142454264,0.4999540241560873,0.4999397471693391,0.49983142917994083,0.4999563502661003,0.4999247162055231,0.49996641422963156,0.49985602698301124,0.49982325251956944,0.4999582858837128,0.49997987943144456,0.4999803097846722,0.4999727369656964,0.4999640914894441,0.49995787863384594,0.49970794634691573,0.49983081162445003,0.49983673983877297,0.499981908786289,0.49970643500107603,0.4999830140423575,0.4999647079389823,0.49982297265712106,0.4999164969565998,0.49995791785187127,0.4999718133882014,0.4998582192009151,0.4997080216111437,0.4999707530407438,0.4998468050309297,0.499970178926616,0.4999599060076253,0.49984153940203735,0.49996372302603953,0.4998455843731578,0.4999716094417339,0.4997107111095527,0.4998390448559044,0.4998566119336076,0.4998456265601335,0.4997856464783462,0.4998423714630524,0.4999858064260372,0.49985498543581075,0.49997317204878605,0.4999785144418637,0.4998372102600208,0.4999828586475693,0.49996463243029493,0.49984043953387275,0.4998476061691782,0.49998104412186795,0.49959601319554114,0.49970699977642724,0.49958001141807057,0.4999519373050537,0.4999654624820439,0.4998432258705644,0.4999651184750897,0.49996917271522734,0.4999717375665963,0.49984283337592733,0.49972016406925207,0.499982424282755,0.49997451928170583,0.49971413141248505,0.49984403414081563,0.4999808924570511,0.49984843023449405,0.4999781777957725,0.49985462232919853,0.49997709667285767,0.4997235721825989,0.4999674864509022,0.4999669243552789,0.4999800589146754,0.4998419764414949,0.4999752445635837,0.4999773504560257,0.49984745634602595,0.49997468152450963,0.4998506471472224,0.49985997390699494,0.49998220664608156,0.49958604640331805,0.49984687518005483,0.499966281161642,0.499847563938373,0.49984358462609174,0.4997147588446665,0.49985054252631766,0.4998520111172008,0.4998415923862217,0.4999794520227251,0.49996890727651877,0.49971878028682026,0.4998521219748957,0.49985599024615646,0.4999729085813763,0.49997242416914983,0.4998409097253332,0.4997182526825494,0.49984734312078166,0.49985249817368943,0.49983894369233545,0.49973164205507303,0.49997415751823765,0.4999620577729571,0.49984235486276773,0.49996234117408817,0.49984791464515904,0.4997190048716363,0.4999604461767771,0.4997266203704979,0.4997178596268486,0.4999829526481329,0.4999732291910245,0.49985831525345137,0.49986141337256995,0.4998430138767512,0.4998554058760158,0.4999821960788233,0.49971637838406363,0.49998166011056444,0.4997178379072123,0.49984856490926394,0.49971760828038014,0.49978049997929597,0.49984916049941425,0.49997643381878737,0.4999697553356071,0.49984773646388114,0.49972185658564416,0.49984371641390424,0.4999790344124866,0.4998458515679504,0.49971737956363793,0.49983967283939656,0.4999721610102962,0.49998113279116474,0.4998427730242287,0.4998504183036864,0.49997122730708715,0.4998416916735262,0.4999803976189392,0.49984720204937233,0.4999719754740027,0.49997732358191166,0.4999739099993911,0.4998423506124921,0.4998393729921699,0.49996887662275646,0.49997000068162417,0.49984267965189566,0.4998503565514153,0.4997156435740298,0.4998454096832104,0.49997858165465414,0.49985187420541555,0.49998221484834354,0.499967455592834,0.4999837737813964,0.4999864251483221,0.49997173831020203,0.4998460104776597
4.2,0.49002351465762994,0.49186546685271954,0.49558587912253893,0.4979290242770286,0.49868911159042156,0.49894081244518707,0.49910197546097357,0.4994119767159862,0.49913791652801615,0.4995756298336457,0.4993741632135429,0.49928192699408647,0.4994699188516956,0.4995233084310319,0.4995194860647872,0.4996823836582389,0.4998396676347866,0.4994438656305022,0.49974366190820524,0.49984736524134077,0.499873954108005,0.49975495847042295,0.49985981826139714,0.49989018756119163,0.4997925158557808,0.4998593691335588,0.4998111630877767,0.49966767310921495,0.499910618916422,0.49993904244662263,0.499801235406215,0.4996776774952483,0.4998207986851575,0.4999465665406536,0.4999355117841563,0.4998031907776757,0.49993662835006375,0.499707354994867,0.499847665990596,0.4999537939893238,0.4999591984567373,0.49983881646446915,0.499697884540362,0.49981158526963554,0.499945410325455,0.4997106627139437,0.4998300066089657,0.4996903367110166,0.4999460476488833,0.49995698008523354,0.4998325298162107,0.4999677476646551,0.49995516681340374,0.49997991223781535,0.4997061132992398,0.49996661442928225,0.49997992133271607,0.49996185074722593,0.49984248191651803,0.49956767174892447,0.4999796859793276,0.49933351969705025,0.4999769647988489,0.49996160523147676,0.4998423284131257,0.49970334484030404,0.4997211714004701,0.4999847649210851,0.4997049306119531,0.49971261222844304,0.4995964493353193,0.4998525328939765,0.4998336212928522,0.49983093475951745,0.49947136121055324,0.4998486857571938,0.4999582762941823,0.5000019778354187,0.4998470168705755,0.49996277954737073,0.4997105226451186,0.4999655043614614,0.4998280231898464,0.4995929612500274,0.4995805680036209,0.4999750881509181,0.4998361173494736,0.49997783463330675,0.4999540652291487,0.49971725295956154,0.499989501838191,0.4998562763273356,0.4997261133452842,0.49972048239655464,0.4995991314605273,0.49971284723507214,0.49984641052422846,0.4998501797601948,0.499990812046653,0.4997273976199086,0.49960095936042326,0.49997804626232334,0.49998159975235096,0.4995912178809346,0.49985392047338084,0.4999621631832723,0.4997279502425097,0.4998441428374275,0.49971847706272193,0.49990890176656,0.4999661286595621,0.49983868093253875,0.4998488487156903,0.499712361267648,0.49995585939024145,0.49990932760849943,0.49996684524215146,0.49972041119131194,0.49959734579363063,0.499848299019069,0.499716778687071,0.49959252392069037,0.4999881115330809,0.49986426593509276,0.4999859925489394,0.4998439575541805,0.4997080827890962,0.4998440518437528,0.4998211965878419,0.4998450663750396,0.4995851242383921,0.4999794662513953,0.49997505802062814,0.4998492826436282,0.4994686276730521,0.4999780369417283,0.49996283798585894,0.49998800105603064,0.49998064336364767,0.49996406526940856,0.4999804329726221,0.49997890895663594,0.49996700442792313,0.4998332640113939,0.4999773878033098,0.49996854754549513,0.49984597715719814,0.49997490233238795,0.4998386054093566,0.49985266602931216,0.4997200769519264,0.49985363588212217,0.4999611947926469,0.49984257313075375,0.4997156462367896,0.49984866501123104,0.499718605443807,0.49984401554827873,0.49997239826322315,0.49984408473793507,0.4998475693635878,0.4999767684976391,0.49976855941477666,0.4999863953226633,0.49984718639489106,0.49971763551468246,0.4998547626246182,0.49972135673121726,0.49984859604965226,0.4998566619828165,0.4999787729623591,0.49958191077767095,0.49997283406716264,0.49997390764186117,0.4997220246553673,0.4997276990294471,0.49998175458686295,0.49983661408616786,0.499699020530488,0.4997108813756251,0.499850724652794,0.4998470162399643,0.49997350035207966,0.49946216573155655,0.4998459355740886,0.4999717032311802,0.49983851071466023,0.49996450450522256,0.4998383157296946,0.499712380028363,0.4999725713239995,0.4997183394602095,0.49984906869536977,0.49984091418535104,0.4999743117797984,0.4998327592335854,0.4997297398547188,0.49948035904396476,0.4998428955337823,0.4999720940067697
4.3,0.48954802222492777,0.49158168573157845,0.495581566694978,0.49792463769495404,0.4985930528889233,0.49884228773459593,0.4990380388054474,0.4992412839752223,0.49926000183263036,0.4994750782675484,0.49934347868919027,0.4996668122248436,0.499748745065914,0.49961165957923204,0.4996467929735219,0.49970663267953325,0.49968373650601217,0.49918590698534954,0.49984232985723814,0.4996040260742029,0.4997349941531401,0.49989296150319196,0.4999043074904414,0.49988060040615667,0.4999236959152543,0.4999186908045406,0.49952345776105833,0.49978353594799324,0.49951778637182714,0.49992032432357114,0.49967869604980814,0.49991696229323,0.4995754489193567,0.49993490350887365,0.4995799331705784,0.49944172636849377,0.49970100760669145,0.4998393600976417,0.4998388086865765,0.49975994918702255,0.49968679548152184,0.4999584571579417,0.49956605100882806,0.49996480899886725,0.4998256903178036,0.49983304838363796,0.4995629177776125,0.4999731440343512,0.49970600115127095,0.499848168886508,0.4998416826978144,0.49995528164814673,0.4999630594410617,0.4998476494613255,0.4994637099380325,0.49985278542068157,0.49971600614712497,0.4999582190796085,0.49985314215981497,0.4999929021704775,0.49971328954685257,0.4998333905062601,0.49970012905100103,0.49996150014090057,0.49986453177219725,0.499954508113493,0.49983746805714063,0.49996158169217786,0.4999767904229701,0.49997884494217115,0.49970914542766975,0.49982718059424336,0.4997161206460162,0.4998465356174985,0.4999701114140512,0.49970589257868964,0.49983995375984935,0.49959884546291555,0.4996053651574447,0.4996072073063891,0.4994694068331178,0.4996976075657642,0.49984504651647077,0.49984680494634837,0.4998460943770065,0.49972207686385506,0.4998425986460363,0.499728158096404,0.49983869921835833,0.4998445997003098,0.4998498303206822,0.49983360277833927,0.49996534281714367,0.4998338260461951,0.4995933969447529,0.49996749536265206,0.4999674911300394,0.49985537442965955,0.49965579764601464,0.4995985235162128,0.49945223894563384,0.4995899294756329,0.4999628454246821,0.4994566002837072,0.499839799990623,0.49997066343865165,0.49986589738135895,0.49983804999427617,0.49985752141337314,0.4994616022798673,0.49997067387124294,0.4997121256379523,0.4999774305694051,0.4999110934225587,0.4995861182569898,0.49984758906091703,0.49997870723051646,0.49995484929740297,0.4998415121604302,0.4998550942382885,0.4998425030789349,0.4999820659685375,0.49958985582129634,0.499713147342876,0.49984380600485384,0.4998473458881146,0.49970534506078534,0.4998482021858988,0.49984099400828785,0.49985097684246715,0.4995933661950855,0.4998447788825528,0.4999613394971256,0.4993321534635647,0.49970481353046275,0.4998353876337556,0.4998518909751403,0.4999620426395774,0.4997292214422697,0.4999762215601555,0.49965410155689816,0.49946349516620686,0.4998492672834467,0.49984470451200347,0.49972831701356396,0.4997079191483776,0.49998735505176783,0.49972654611234746,0.4997120334989433,0.49977373735413466,0.49972497626386575,0.49946420775253303,0.4997062040502644,0.4997049614066424,0.49997161496360565,0.4997214101138154,0.49996911595732807,0.49972831159488157,0.4997040755099675,0.4995923496754061,0.49983994674055554,0.4998414366784417,0.49998006140221013,0.49971565076031954,0.4998483607409591,0.4998374522536733,0.4999690222165496,0.49958994147358654,0.49972503280241615,0.49946232352264225,0.4999731667121931,0.49944818883244835,0.499595537530839,0.499576620655079,0.4998431899398561,0.49997509481853736,0.4994708326151736,0.4997100188520693,0.4997191998353369,0.4997190912744333,0.49997516759808336,0.4998397672157963,0.4996006252185057,0.4998364171390242,0.4998478909319564,0.4999822496440663,0.49978147291566805,0.4999848137375897,0.49985598788272095,0.49984412561548497,0.4995956183737319,0.4995986496597919,0.499840081701168,0.49996938239942973,0.49983255242811325,0.49958506025217175,0.4999767881994496,0.4998454915500969,0.49959520427480764,0.4998489636207448
4.4,0.4894119863478251,0.4915595979268088,0.4958672086009386,0.49785630354378224,0.49866122942754415,0.4989402152757377,0.49919972507369337,0.49942823813067544,0.49896899613642615,0.49942394945655477,0.4994839247742746,0.49945553164056045,0.4995808687469811,0.4990538025504139,0.4994002420110049,0.49955740176556235,0.4997887267700341,0.49958701023964003,0.49970937450743314,0.4998497426447606,0.49975253382183127,0.4997351904007365,0.49964032006425885,0.49976194145759084,0.4999245395713375,0.49961353603929876,0.49980100398218197,0.4999265340753591,0.49966312601518437,0.49983546165162623,0.49945094368498005,0.49967581915769776,0.4995476735746227,0.49966206632094007,0.4996943202570697,0.49968893002634834,0.49994685328025984,0.49955494621858704,0.49968667302140557,0.4997008826073156,0.49955887697286067,0.4998081883980723,0.49982521120066997,0.49969103510469093,0.4998262315248248,0.4994529661101211,0.49971357258515814,0.49996154875983717,0.49970877439939637,0.49971187798741923,0.4997119282796313,0.49982994430046235,0.4998066421349546,0.49972474214562207,0.49984786672897363,0.499695254772072,0.49959625242918015,0.49972683053675293,0.4994466458740211,0.49986373347074037,0.49986522972232333,0.49970472382301534,0.4995916755491987,0.49999375929445034,0.4994628737883915,0.4994656134993472,0.49984861484737353,0.4998283096930951,0.49970482650767994,0.49945676166116704,0.4998571068053022,0.49983738810709566,0.49985676902416354,0.49998205167918636,0.4998514910363827,0.49985667560733327,0.49973855832924646,0.49983029632427806,0.4997214630083591,0.4995922707201121,0.4996102263912773,0.49974260662103326,0.4999953043346134,0.49970344352377477,0.49947992162012916,0.49985349903322684,0.49984374399742004,0.49957601296530557,0.499852946845989,0.49946824655750205,0.49973294486918896,0.4997347406799488,0.499958955970693,0.49970746948790046,0.4997302365390032,0.49958456184405436,0.49959645864341545,0.4998424987023003,0.4998489509957716,0.4997124893864093,0.49998768655250975,0.4997157630133394,0.4995820936116327,0.49996506808881647,0.4993318319362753,0.4996089927343247,0.49945197147650244,0.49984572698751095,0.4997131327747184,0.4998426980587669,0.4995823541020336,0.49985425298687153,0.49984491823600574,0.49985165411986626,0.49933023052806064,0.4997200568675382,0.49984616199524246,0.4998433368007019,0.49996388472877457,0.4998467147555401,0.4998448352017618,0.49972012409909083,0.4998501619136831,0.4995894589910371,0.49970696921804286,0.4998368479192193,0.4998537482027773,0.4997161218492141,0.49997518810542596,0.4998403508545191,0.49958947826634353,0.4994643030506525,0.4997144964808786,0.49984009644520855,0.49984503611742914,0.49986927622173316,0.49997665182844436,0.49984550336588063,0.4997283239752745,0.49945838685368826,0.4998446804940274,0.4999044063226394,0.49959160444121375,0.4995777745108374,0.4997088461676204,0.49985745302856294,0.49972634141754496,0.4997129734840316,0.49997329644071986,0.49959763837970445,0.4994684539253943,0.499966485671656,0.49997972943980373,0.49959668127903883,0.49959476270030334,0.49958364031466596,0.4999638058320686,0.49973313194152363,0.49984753473931426,0.49971887271597,0.49971204340762904,0.499715403175597,0.4999676239047211,0.49984182376649017,0.4997095020387007,0.4997256397198336,0.4995940171141684,0.4995973435670265,0.4995881693675868,0.4998447827389564,0.49972878316152214,0.4997211386008267,0.4998369893656867,0.4998545732918902,0.4997328132472864,0.4997201199540922,0.4998490774902388,0.4998505592134417,0.4998563833392589,0.49985256649505466,0.4997185061293996,0.49997057016628765,0.4997173306118798,0.4999776619703764,0.4995813604587147,0.4998453461175788,0.499725599260515,0.4998516488887489,0.49971935342367513,0.49957922349516387,0.49984558359532993,0.49984504642598976,0.4998490403889035,0.4997250097761776,0.49959751833611304,0.49957701024369905,0.49971330289472704,0.49972467219709193,0.4997080678882521,0.4998563054282231
4.5,0.48973760111981246,0.49137779945601573,0.49574404579585246,0.4980122352520816,0.49866057172212147,0.49881765989680954,0.4988891916884508,0.49912743487394706,0.49938934945729785,0.4993227410435752,0.4995345638805493,0.49925671321110504,0.4992436936719635,0.49951227664164866,0.49977243379263586,0.4996087709627814,0.4995438986913352,0.49948643886446176,0.4997026632685005,0.4996835225666837,0.49958984645190496,0.49987958126238763,0.49964612405842873,0.4994995376468302,0.49964775621435953,0.4996142284353428,0.49977342270987923,0.4996703253161251,0.49964909207151686,0.4994304116860618,0.49943120705410016,0.4996577565818931,0.49954621274938665,0.499452977192935,0.49979647274643413,0.49943812766435,0.49950504010900776,0.4993048835073572,0.49973611824447195,0.49994445854627384,0.49954693677783135,0.49981935677979666,0.4998276811106267,0.49943294318408454,0.499447397538094,0.49981607242201365,0.4998365585535524,0.4998520865612999,0.499465165612896,0.49957214063292077,0.4994599952966826,0.4995802194523904,0.4997078044795081,0.4993452404602475,0.49984378869614116,0.49957595416831935,0.4998447152935521,0.49958114465922676,0.49985036061616017,0.4997285647343133,0.4999748985310917,0.49983247229653,0.4999425038173254,0.49983453589837545,0.4997340981588471,0.49958276610669156,0.4999742126004173,0.499589175669005,0.49959103870826554,0.4997174773963458,0.49985159705935894,0.49948156113111203,0.4997216076922611,0.49958705935252723,0.4997211585083963,0.49942450775385777,0.4997141501112465,0.49971111960376413,0.49932871149197966,0.49984249359188043,0.4997134154839641,0.4997265799242656,0.49958011425765136,0.49926993038078465,0.4995806475505767,0.499604093750248,0.49970139576570727,0.49997938997130015,0.4998253062089506,0.49973325593851536,0.49997978405558463,0.499599935972195,0.499586174267923,0.4994487196571476,0.4996130564825432,0.49946842422618837,0.49959221962601214,0.49972857944510124,0.4998709478401207,0.49961053987498993,0.4998423447993735,0.49946531182301757,0.4999643425367578,0.49895991032653036,0.49971586209878643,0.4994705227926594,0.4997180519163658,0.49971760637465573,0.49985074570893784,0.4994724857886792,0.49998231401448284,0.49959336915092195,0.4997150486212051,0.4999655837816825,0.49960049094698245,0.49932897887867866,0.4999853078089675,0.4997237158331918,0.49998302247150866,0.49948056865856727,0.49972461750821284,0.49985571349210417,0.4999918279874346,0.4999968524641043,0.4997175493092832,0.4994708407634655,0.4998464376988226,0.4995828760633926,0.4999699463752557,0.49986275936800323,0.49959258322260164,0.4997168792948463,0.49934003751749995,0.4995987792513003,0.4999660843700818,0.4995847862771338,0.499852287651592,0.4998501102154629,0.4998562741982024,0.4998508639683415,0.4997223367582384,0.4997095274203909,0.49998315752308203,0.4998342403340826,0.4995835208074587,0.49971672962058494,0.49959544250673005,0.4998507768782412,0.4998579863271209,0.4998436816499128,0.49983873597701767,0.49971697194875025,0.49997043239347677,0.49984232085878366,0.49958917778895573,0.4998541946680198,0.4999794355599159,0.49907887259204253,0.4997163190200096,0.4998491667145804,0.4995947325510174,0.4994609739891203,0.4995840663774229,0.49984963727635345,0.49946139470848305,0.49959387024792556,0.49984608247602,0.49984402335020733,0.49971467834174077,0.49932093070963607,0.4998558427938138,0.49977394543936854,0.4995883468214057,0.49960239385862926,0.4993358170148764,0.49997986712263043,0.4998357526449524,0.4997023604390787,0.4995916371062056,0.49959986275056184,0.499846330501405,0.49958429946937666,0.49984494271559216,0.4995910717687324,0.4998563814452957,0.49971857978118694,0.49933590434123837,0.49985435858725497,0.4997201407032987,0.4998493363469,0.49971781663176845,0.4993391624599335,0.49985376021917577,0.49958682545092786,0.4999728120562881,0.49944678691805133,0.4997218150426941,0.4990860438844909,0.4998467967422941,0.49971927474310235
4.6,0.48931884577894846,0.49137335666797494,0.49565045551052567,0.4978984234915866,0.4983249616271337,0.4987626901806928,0.49903687191052354,0.49912384451477837,0.4991749598381994,0.4993004983477896,0.4994037039157068,0.4993365294675876,0.4993344111839598,0.49922045655700914,0.4995399017957835,0.49966702302744653,0.49894116871528765,0.49958439196289195,0.49919927611972714,0.49922865692536667,0.49921384177700756,0.49884760404633455,0.499767659906251,0.4996589954033288,0.4992509919125556,0.4993828178558212,0.49978927255299294,0.49943346568029207,0.4992623609152151,0.4993061364550112,0.49979728643699867,0.49955495795765203,0.49952347675857645,0.4993119429532816,0.49942451008777894,0.49980473778040335,0.4996993074486084,0.49971936920333565,0.4997235394921619,0.4997515373585487,0.4997136115942721,0.49957571955017716,0.4994230804820212,0.4996996336889992,0.49942802355833876,0.49985084368533556,0.4997038648822222,0.4994713313480348,0.49957621672036734,0.499456127820546,0.4989321002014749,0.4994358095103896,0.49942486293541316,0.4994720311078621,0.4999585342032244,0.49959407362045505,0.49959350236593275,0.4992017977104001,0.49984678667408566,0.49944248239633615,0.49945363017888356,0.499853047318317,0.4996924181328628,0.4994610307868014,0.4992098586648188,0.4998493391628661,0.49959338526085906,0.49957039882901205,0.4996027462951061,0.49985702034292373,0.49943031835885027,0.4994667558160552,0.49960470310708227,0.4998437360267476,0.4994840584784063,0.49953006362147123,0.4993160078096632,0.49972150777547686,0.49984332407008586,0.499396259086027,0.4997221339520148,0.49973491745360116,0.4995803232702906,0.4994444245050086,0.49971813245524727,0.49937434479204845,0.49972435577797547,0.49998498024577975,0.49941023054604794,0.4998560327165056,0.49959299357613357,0.49934601647881505,0.49981350981639583,0.499728785522101,0.49958503730009435,0.4992070279056522,0.4997187876048466,0.4997266800296186,0.49971858002322406,0.49970047224284675,0.4992311097619765,0.4999808200250135,0.49932794299118616,0.49932929541732307,0.49959344521531457,0.49985858950284756,0.4996951249357705,0.49972514241499294,0.4995882550046691,0.4990671382962344,0.4994521783973134,0.4994485003354291,0.4998428807405542,0.4993498997223688,0.49958988242701863,0.4998479874026571,0.49966125265500594,0.49972535470017176,0.4998726264906088,0.499969719278501,0.49945915482301395,0.49957987880235677,0.4995898629124325,0.49933599753035596,0.4993418959932507,0.49946613527453054,0.49959166056711224,0.49957582858623917,0.49888213391119823,0.4994522739261261,0.4993331966681928,0.49959432179774305,0.4997130830605928,0.4995995588044813,0.4993274881520577,0.49888726323426413,0.4995872257391987,0.4999696142079729,0.49983910499080797,0.49971982737504694,0.4999728499013869,0.49984765934002096,0.4997280912254442,0.4997203837211277,0.4998383196823853,0.4998483260564885,0.49945372768573915,0.4997011605102707,0.49920271993000265,0.4994547515005844,0.4997214749668862,0.4996022299197232,0.49984963800211063,0.4994680197527895,0.49985557932247504,0.4997131983101945,0.49972283771528936,0.49959467330420315,0.4998559024106433,0.49939782144322953,0.4994621835161298,0.49946335683158966,0.49984232387535993,0.49973311835729517,0.49960381510270213,0.499701839791983,0.4994718101283027,0.4995844650339272,0.49958142626034835,0.49919639728589515,0.49970669378396576,0.49972427191887053,0.49979756132392933,0.4994523467103708,0.49972191136917304,0.4995848642073012,0.49908118512302846,0.49983973977652213,0.4994554609392923,0.49986227749448436,0.49971530540985787,0.49984521111350994,0.49971863259088334,0.49958316631736527,0.49972155731289536,0.4999803258873972,0.49985412233391585,0.4995918875581609,0.49984158319165894,0.4997253018693953,0.49971145610668166,0.4993360711621245,0.4998534385029245,0.49946681182342795,0.49958859072721507,0.49972551811034754,0.4995845511858122,0.49933359006930195,0.49972926286648683,0.49959171249778994
4.7,0.48934443190242216,0.4917589907803534,0.49516581447418717,0.4976739121564657,0.4981335777098206,0.4984106608789865,0.4987864904632866,0.499203371855507,0.499106945139049,0.4995778904830803,0.49936794975248144,0.49946648198417914,0.4994485058762049,0.499477676128709,0.49953287048192535,0.4991610587557433,0.4997922409592538,0.4997514330489406,0.49958506792323687,0.49948299917152983,0.49947593733349277,0.49900700638892287,0.4993711478215037,0.4993488292365842,0.4992983340551862,0.4994983968017998,0.49926128093740185,0.4995255755074505,0.49952237385057363,0.49939530365117313,0.49966953016132554,0.49991721020363633,0.49955993161991213,0.4996904628497506,0.4996965017288123,0.4995587024116898,0.49955498790944386,0.4996880143359696,0.4995474004773323,0.4999575320359849,0.49917426449110625,0.4995817200737034,0.4988446289950772,0.49983275252651116,0.4995764562098159,0.499434592174971,0.49931015527089967,0.49970635547809555,0.4995863561674251,0.49972711072141124,0.4994642799064519,0.4997146377148583,0.4995751162191037,0.4997114655476617,0.49998068376815286,0.49899715789616744,0.49957443937478463,0.49920384606612145,0.4994385614559222,0.4997112834640519,0.49960407257705014,0.49958769138255404,0.4998135206362747,0.49957087560119956,0.4991936369443069,0.49971204867932323,0.4993329076314945,0.49971528991830333,0.49906783202307264,0.49957132471105326,0.4988117112232655,0.49958679949554413,0.49959294456547015,0.499473997635779,0.49946247855015197,0.49914208629973655,0.4995728849896419,0.4993340116939931,0.4997162928983662,0.4998416251497996,0.49944574188524027,0.49942248419946134,0.4998363621359054,0.4994614833001982,0.4999565832514963,0.4995883704408534,0.4997257139497678,0.4994556053535339,0.49948552135661367,0.4998454409759754,0.4994715161173212,0.49999021099818286,0.4995948154651172,0.49972034735816284,0.4995877772019866,0.4989514213781577,0.49970842907121515,0.4998486222359667,0.4998492793399296,0.4994570765411565,0.49920043282692667,0.4994659983715678,0.49882840252133254,0.4997167164213204,0.49958905462011455,0.4993344370046372,0.4990739523309677,0.49984293053447737,0.4997054165123922,0.49946930447257687,0.499465905612712,0.49934887633970976,0.4993432640302812,0.49896472463240027,0.4990779900847879,0.49945369960844077,0.49971847730697483,0.49960139893333744,0.49958464777714406,0.4998412996165854,0.49945404224173107,0.4998442240178947,0.49946532962349666,0.4993369420851178,0.49970860023975555,0.4993368235928202,0.4994584631205236,0.49921944636313204,0.498696567070941,0.4997034645360917,0.4993407731742803,0.4994742664261256,0.4995829268132408,0.49958735543886806,0.49958363570793446,0.4993330862014186,0.49945669248683494,0.4999815884211966,0.49971627293090926,0.49946750464019535,0.49932725785014265,0.49946905133388075,0.49971727783619474,0.49921313389548155,0.4998504557815811,0.49944608009398395,0.49945792719673593,0.49921184497619264,0.4995767593576647,0.49972521528612956,0.4995297729649546,0.4997247485189014,0.4994610526800239,0.4995935244982186,0.49945363212038196,0.49972791871406685,0.49959954932577166,0.49932765869995477,0.4994502026852848,0.4994610655066482,0.4996982081705606,0.49945615364811413,0.49960171577179874,0.49934443370543946,0.49959861449471094,0.49958560791548456,0.49921544360490894,0.49971602045096786,0.49908917317312507,0.49984910025002144,0.4992053905002173,0.4998515936609611,0.49933079925744983,0.4988085096286224,0.49945897834069014,0.4995975702236391,0.4996463937423413,0.49934137719031335,0.4998519611169586,0.49907699957524476,0.49933580313094994,0.49970287499083293,0.49984751658698706,0.49920709741708025,0.49933752410025545,0.4997284261378906,0.49997425465597906,0.49945721749792227,0.4998534210720709,0.4993481375184128,0.4998398715408713,0.49960008533098255,0.4994583691960046,0.4995953808344157,0.49920936136830263,0.4990756771294799,0.4995895922658209,0.49958506931632063,0.49933323241852123,0.49996884591343527
4.8,0.4894712276766477,0.4915500159491171,0.49472516306342756,0.49764914159766294,0.4981857556755118,0.4984671739213564,0.49850976704947086,0.49903286567235533,0.49883520242638413,0.4991744449479427,0.4990189413811846,0.4987481813751743,0.4991814983702837,0.49871215709756306,0.49923677104472325,0.4991263170186396,0.4990435993088905,0.49943488372781436,0.4996140389279802,0.49986091204798205,0.49923068798063663,0.4993624965179351,0.49922308899268525,0.4994111079234593,0.49940414096752045,0.4993958124672166,0.4992750306964023,0.4991611463969537,0.4993869067117529,0.49965087015457565,0.4996051389080187,0.4990671022111834,0.49915893965974256,0.4996544044954579,0.499445269034414,0.4997127650295645,0.4988648576962333,0.49943947663253474,0.4998027708446007,0.49914963607322005,0.49905112388514733,0.49951482572118217,0.4994422846006587,0.49959572672773406,0.49896608936459297,0.49985222109705724,0.4994368408985681,0.49931604678112596,0.49977448129347224,0.49934561561468216,0.49920403753536263,0.4994628406225646,0.49919205284604407,0.4990858147727504,0.49959943911760196,0.49946355369176626,0.49958205974018327,0.4992016608989965,0.4993308412943847,0.4995739640422131,0.4994665707068695,0.4995688613379216,0.49984595464704695,0.49934114686376074,0.4995923243615409,0.4992057933346231,0.49920507228589955,0.4993340197690276,0.4993237955826049,0.49959241092919277,0.49907653823415793,0.4991424049310041,0.49951402440862774,0.49946668043463116,0.49947183580418786,0.4994688985382443,0.4989547431806788,0.499193049149449,0.4992031525537851,0.4992256275783133,0.4995840595246524,0.49973383551767214,0.49958997293034885,0.4991837879241721,0.4993315279895857,0.4987022949279509,0.49946992972445126,0.4988090414698404,0.4997239986049427,0.4994595506279398,0.4990822383006567,0.4993457465441621,0.4992078840992067,0.4993382059693979,0.4995206251091793,0.49959802106267925,0.4993398106896483,0.4990879245078947,0.4993352711064158,0.4997210689644962,0.4995865205220707,0.4994693006282952,0.499070798449767,0.499086154240663,0.49920244935612906,0.4996610023027526,0.4990673635942808,0.4994490606297683,0.49960611852760467,0.4995816852300366,0.49958723993027754,0.49920550306535383,0.4994510758573443,0.4993385403175412,0.4997060468680971,0.49910034137817644,0.49958877111437267,0.4994607373839547,0.499200631641597,0.4994496834323542,0.49984542927656417,0.4999723494280631,0.49944847267981646,0.49959222521940316,0.4994530404664485,0.4997192621288883,0.49882730559818267,0.4995962721380057,0.49945389698149445,0.4994589882565165,0.49979874760129894,0.49882957104519965,0.49997953560259173,0.49908278393163397,0.49933327321147125,0.499671215883813,0.4988364863508274,0.49856687463508764,0.49957547219955506,0.49921809588399774,0.49971653421922696,0.4993487696080485,0.4992636742315604,0.4994600070085019,0.49919887941529656,0.4994504096852164,0.4992103355713511,0.4997178982099961,0.4998500253700967,0.4994626349347623,0.4991930901690563,0.49983614517789987,0.4992131023744786,0.49933333974941746,0.49958756821867945,0.49895036116360303,0.499388001649859,0.49908397251668096,0.4994722856159295,0.49934275348800317,0.49958994296803144,0.49958672209449584,0.4989629352010967,0.4995889537118944,0.4995200509272707,0.4994458168981548,0.49971349082455024,0.49959500889851294,0.4988153729893938,0.4993498224437668,0.4992066139739082,0.4994542810340169,0.499716722040415,0.499345422055036,0.4994579161750468,0.499212301323633,0.49933854126885857,0.49958940266618745,0.49958681855021086,0.4989420964097428,0.4994668964409936,0.4989607663083344,0.4993932613376491,0.499204189257812,0.4993409924465633,0.4991935589729082,0.49920884345663213,0.499826440425162,0.49958825471924867,0.49946043914746396,0.49971871928961736,0.4990836030229098,0.499075405177756,0.49906994178021125,0.499580633565504,0.49933534651904155,0.499726190737756,0.4993390300597499,0.4993391075072239,0.4998467928235837
4.9,0.4898415867933113,0.4914876650913838,0.49480782241155075,0.4973655423660397,0.497364598910898,0.49820032858911895,0.4985201720024402,0.49837288439263655,0.49899462124547556,0.4989846508435583,0.4987581338165184,0.4989108177376905,0.4992198665655681,0.4990235176094344,0.49904005454704653,0.49927733713813605,0.4995366298707434,0.49868902409740073,0.4995960547675459,0.49918193839796676,0.49925179266155634,0.4996061030133786,0.49937890553254166,0.49885333113538144,0.49915614624185134,0.49951867508684306,0.4987638903056789,0.499570420550751,0.49954666006580534,0.4991143732519077,0.49966402275388005,0.4994434279456562,0.4991561056537853,0.49970290980689425,0.4995688183726712,0.4990522091079605,0.49948070742431705,0.4991601742442539,0.4994360915800788,0.49929472062125535,0.499181814897241,0.49932486936862,0.49958915245504076,0.4989087169610294,0.49956191551777945,0.4993260859447775,0.4991916158790336,0.4995729622702997,0.49945146845951083,0.4994414894180835,0.49944406269130426,0.49919089380655735,0.49907727203182045,0.49959497703912475,0.49905798232962295,0.49957548688299286,0.4997022782444286,0.49868887908525417,0.49931634586379553,0.49932044702033895,0.4989559874750853,0.4989505744243647,0.49894893507294036,0.49934869590175524,0.4994710250168518,0.49970859762537495,0.4993226308104989,0.49946189361555593,0.4991937983814956,0.49906416078898,0.49947185784824805,0.49905547231721126,0.49921356961203445,0.4995882133029106,0.4990675490022628,0.49883152255473606,0.49906422213617463,0.49947366792402437,0.4992049510241638,0.49959352101211885,0.49972120475860243,0.499529593349372,0.49909053413149795,0.49984995398047594,0.4990921153507351,0.4990760218343213,0.4997064008500637,0.49895379361012737,0.499723339239469,0.49958120168579895,0.4991985362760376,0.4996014115958783,0.49958393785478805,0.4994703549949621,0.4993274919934605,0.49958148524708235,0.49945218556093246,0.4993431185737718,0.49958471861941917,0.49944343392133816,0.4993351976205635,0.4986895307505175,0.4993089784922071,0.49983428678957376,0.4986875290497183,0.4991010373227406,0.49957060852237783,0.49931263492028927,0.4990910519160519,0.499589950700586,0.4990677860456208,0.4989440777978258,0.4997259958806563,0.4993351225147887,0.49890059942056847,0.4993360371500421,0.49882891120131223,0.4995940504876917,0.4992148933806463,0.4992028581484104,0.49959059365271236,0.49919543540243616,0.49959894882882344,0.49882438366425375,0.4994493695075162,0.4993502313412548,0.4989521218657295,0.49894194685890897,0.49919625171328375,0.499456861574547,0.4997189611423425,0.4985596063218645,0.49971792813615135,0.4992065174693108,0.4992049480929248,0.4989540032036019,0.4994802941702762,0.4990870873082337,0.4990803215484284,0.49927730646616564,0.49946976730561543,0.49908633125569224,0.49907942526897964,0.49907767305444733,0.49868521062362353,0.49907628106186996,0.499590630833256,0.4994554355398573,0.4989394538445576,0.49932917768689467,0.49959386685003876,0.49887127993335095,0.49957955682479444,0.49882109905643884,0.49894423855352643,0.4988300725150678,0.49971445176052287,0.49947493297404766,0.49947227856055415,0.4987718430474639,0.4993366887388814,0.49895641892924397,0.4989526092489814,0.4993352455855138,0.49919910327578704,0.4995735165813871,0.4995967371561828,0.4994643879390429,0.4998345745343902,0.49920178446628843,0.499281413825254,0.4989545249283322,0.49921341541248615,0.49985141562509666,0.49934026107820095,0.4995980046167215,0.49933488849414764,0.4994577376059047,0.4994717744189728,0.49920539513424,0.4992219238018927,0.49946929870044515,0.4997149869485137,0.49921289880473196,0.4989484285916115,0.49920883208465444,0.49894849879844294,0.49971900931629354,0.4988296716716278,0.4990781196674572,0.49922350709932284,0.49944800669068534,0.4993363126174614,0.49926004397587254,0.49945150298216595,0.49901517919553406,0.4985747101606348,0.498633607580742,0.49933634939219573,0.4997187810511904
5.0,0.48972082834534325,0.4902093450840185,0.49495431615508517,0.4977019529382327,0.4978061451457832,0.4988308328334654,0.4987808304763032,0.4983006554628089,0.49870034429512355,0.49871764846864247,0.4989489657094113,0.4986450380025258,0.4990872804019936,0.4989178094823764,0.49859006085606655,0.4990140761619104,0.4988232677964678,0.4992246339701702,0.49933597426537274,0.49918263915344346,0.4991221307956093,0.4991094902674729,0.4988930646219928,0.4989625891850082,0.49894295547099937,0.49918920503488007,0.49875310525863453,0.4987682258065168,0.49884130459634246,0.49918503631093375,0.4991722070415023,0.49942646644038907,0.49838831852217297,0.49891657794460614,0.49833384554862,0.49904930364045463,0.49925619969698165,0.4992713830675288,0.4991590568210524,0.49884035673204064,0.4991954612870691,0.49944747253153937,0.49854964934080565,0.4984136249915233,0.4989922996884992,0.498541470145238,0.49901638273378757,0.4990696869945581,0.4991902641189259,0.4994245813859941,0.49932450836356357,0.49880091320595005,0.4989638583497763,0.49970494769761087,0.49945011843785264,0.499318375289104,0.49907550490348696,0.4992082743291023,0.49926235891590964,0.49946280975999474,0.49921117098384027,0.49958118322378836,0.4991924780984405,0.4990695604778989,0.49906931719152897,0.49908008719310654,0.4993251353570791,0.4989638213085279,0.49933322744402464,0.4993383284052995,0.499584959028448,0.49932902161457876,0.49957940448799143,0.4993546932669867,0.49922255585968495,0.4997203385833838,0.4992211864107487,0.4988383926837708,0.49932782800714387,0.4992163194050691,0.49918308913402465,0.49934097667184396,0.4994457514688216,0.499717488225207,0.49920733764078606,0.4990867319505489,0.4994758532934941,0.49921165659449246,0.49960378874443656,0.4990999304218924,0.4994628585919186,0.4993362262280945,0.49893463470855154,0.49871349144484634,0.49894703086701214,0.49922615310219576,0.4990774896428583,0.49932782919935953,0.4990744302850166,0.49894442348194484,0.4990156272816869,0.498692724163693,0.49946705921994694,0.49921196544119906,0.4995711755858186,0.4990858814670604,0.499343248546244,0.4992761031014626,0.49883156591867367,0.49921851816271196,0.49933085993121873,0.4992268599501895,0.4990057921464923,0.4985129546127664,0.4992107890483324,0.49877524345832,0.49896630720272195,0.49897417314590575,0.49883088655858,0.4990654884071448,0.49932369499795587,0.49919633820379644,0.498710348355192,0.4985636169712855,0.4992077504380466,0.4988231653113331,0.4992122487767254,0.49907865282466923,0.4993344792373577,0.4993383672280376,0.49921453171741664,0.4996056666654677,0.4994583483125229,0.4986787467270301,0.49895196696633226,0.49945490370062057,0.4988476058607164,0.49906486499687197,0.49895115684604036,0.4987476772456113,0.49919977364532053,0.499081695563646,0.4993321320800101,0.4990124537626217,0.4986875858832917,0.4995906447748099,0.49901739278907836,0.4995861517477306,0.4992728377291736,0.49920917781843743,0.4990673948441636,0.4994431100271487,0.4986992103129999,0.49921781353362304,0.4991292430864031,0.49908337211312365,0.49909033598530794,0.49857001557823305,0.4992126626330851,0.4993227111459689,0.4992075249818569,0.49882660366880704,0.4988210367573177,0.49919832946703685,0.4989499228874823,0.4993351541857855,0.49868706864524465,0.4986997573546538,0.4990787096290865,0.49895268403183923,0.4981933312134966,0.499210486666999,0.4989613213517885,0.498946229391583,0.49939276251024733,0.4989632898704562,0.4989625353538231,0.4989698520124396,0.49945440159471144,0.4989568923901999,0.4993325986399331,0.49919815593980976,0.499141154019875,0.4994727608639579,0.49958650856371756,0.49857395474670346,0.4990616269490745,0.4992082939736706,0.4990762164308605,0.4990864035438188,0.498706819616685,0.4992709587380503,0.49907785730235577,0.498706959092123,0.4983104726072861,0.49895100939616727,0.4989500920834863,0.49909607550743323,0.4987617503588765,0.499068560426056
5.1,0.4890535618235205,0.4909160241265076,0.4950081128786406,0.49689993089637996,0.4979173372224321,0.49830313300948303,0.49825088276449103,0.49860501271901886,0.4984968855625972,0.4982938576184948,0.4982249084984672,0.49850761309897446,0.49868993013141183,0.49877415592211277,0.4985028133709256,0.49925953146729335,0.49894123094124543,0.49892357500979573,0.49934857975910213,0.49921734505439513,0.4988415925922224,0.4984669384711817,0.49900654525142474,0.49936848379611154,0.4993775134756795,0.49952598728074077,0.4990447277037039,0.4990114906430058,0.49902398031177153,0.49877648184986,0.49955325730021277,0.4993082231538761,0.49878251227941517,0.4990255218363519,0.4991628240609319,0.49860178902762015,0.49854008326080246,0.4990089511976958,0.4994652368324617,0.4991038310331943,0.49968247350452116,0.49918889344822875,0.49879722198873494,0.4989495390711596,0.4989044884426918,0.49911143403268043,0.4991823086695679,0.49874012298829146,0.4989253795439178,0.4993363920816299,0.49882572357961796,0.498573378582507,0.4987102454316754,0.49855660212700725,0.4992653054572719,0.49922292868766843,0.49918446309397096,0.4982055339849935,0.49905534810585117,0.49915666434986616,0.4989367765815831,0.49945712020985517,0.49907452112792605,0.49880844893255327,0.4989308655604338,0.4988378690372231,0.4994772849438989,0.4991924775957062,0.49926824592559155,0.49882758832654495,0.4991376493196642,0.49918750206512086,0.49947815553974256,0.4994483640950089,0.49921926395815497,0.49857203716036097,0.49908146176020873,0.4990774184488175,0.4985673395384057,0.49933610517352045,0.4985904458535985,0.4993430390678844,0.4986792670292424,0.49957450832938194,0.49956934298802114,0.4986808916416703,0.4990713018602776,0.4984301206967624,0.4994630177060038,0.49933513061886725,0.49845846034393804,0.4990842059929309,0.49869556049097985,0.4998321043211766,0.4990933958346174,0.4991421996843287,0.4989410759300068,0.49882315851871284,0.4992026914665011,0.49946771005322516,0.4983184428837689,0.4990802146310048,0.49894248138511405,0.49920463616798727,0.498438505051256,0.49957927736956836,0.4989547064079337,0.49958818550081807,0.4988228123081567,0.4994531568231839,0.4993294410830698,0.49895469531741593,0.49855206161449467,0.4990820073057475,0.4994529156218752,0.4992904264835473,0.49919707865874563,0.4981873438353185,0.4990653460231347,0.4994558605794256,0.4991437380976382,0.49830055629008024,0.49945971183973753,0.4990078720309303,0.4984391506120951,0.49869952549288404,0.49895255417929657,0.49966180379986896,0.49907179179330985,0.4989587947872916,0.49908371983352323,0.49907558409819974,0.4994566059656199,0.4988298775509217,0.4995807882695051,0.4985568044587824,0.49953068878939483,0.499332810926807,0.4989410315606644,0.49895462691318515,0.49920828406825246,0.4989427671104091,0.4989463088736282,0.4990773675507969,0.4993495556859534,0.4993415103648071,0.4989557797972267,0.4993308458697852,0.4987126865675745,0.4995914880471848,0.4993474519075836,0.4994627947063093,0.4993261173256961,0.49882200245684977,0.49868296072844176,0.4991934785705632,0.49893601752637556,0.4991958230967097,0.49856304414277186,0.4994530013174372,0.49882400009757744,0.4989657777707536,0.4988309081489068,0.49907241319908163,0.49920995999687784,0.4989460858742567,0.49895680411374177,0.4992067200523747,0.49908744037908453,0.49921575838330984,0.4990544818343448,0.4988041653084346,0.4990632005352951,0.4993293557509164,0.49907898995624517,0.4995981535564855,0.49908662763159267,0.4986378021925165,0.49818977831280586,0.4990869817925233,0.4988936898488694,0.4992123202607876,0.49934063318406846,0.4988185899405802,0.4993444249888294,0.49869308173966104,0.4990936577178485,0.49921068551151726,0.4993251680503929,0.4990898228875915,0.49862621985274785,0.4985722599832848,0.49906903945543085,0.499191586454204,0.4991919736686777,0.4989501310196652,0.49908418381352837,0.49831166907291563,0.49882919952814575,0.49857091663604375
5.2,0.48890413912013914,0.49077533129818757,0.4945759931458765,0.4969029837724551,0.49797866741280294,0.49769126217756965,0.4981270722618781,0.49850568520723215,0.49857204562294244,0.4985071026101312,0.49796134476520537,0.49833112392960466,0.4987355177669336,0.4979630874905909,0.49831091692142854,0.498260522098395,0.49854725964257257,0.4984423594911964,0.49893197099433567,0.4988560910806334,0.4992391225068695,0.4985887114643829,0.49913671215600497,0.49875073332615655,0.4991396261647013,0.49873932113173164,0.49826260840602976,0.4986366573184095,0.49877258041230527,0.4988998225085382,0.4984131031854286,0.49903569013853866,0.4984009267799596,0.49943327799765047,0.49898059529033023,0.49881010510981155,0.4987228124238875,0.49905240870850265,0.4989453961126037,0.4985109523744002,0.49867700488649136,0.4989249908072743,0.4987179324436295,0.49855430897744313,0.49944550236894397,0.4990489931702732,0.4990530068015294,0.4994476188565941,0.4986144378581053,0.4985540115582346,0.49829082251339046,0.49944809080822716,0.4981872494432135,0.4980070017403084,0.49907989018787285,0.49869035086784846,0.4989592539079273,0.49935767028703054,0.499069854960234,0.49907088812768563,0.4988106360476787,0.49839706646963927,0.4990711918616452,0.4984425093240038,0.4987468806919985,0.4992579982089229,0.4986572525915913,0.4986402309414022,0.49904851862551947,0.49831193407711666,0.4993436289877556,0.4985495638239212,0.49933134502755555,0.49910268640734473,0.4984519277567977,0.4992008202221914,0.4983122381902625,0.49842965926149463,0.4985814639855829,0.49908593372805626,0.49857083057298107,0.499216421404681,0.49894518289855716,0.4983042683651221,0.4980512504457339,0.49964595638262854,0.4994457461176981,0.498302063117376,0.49958147142221815,0.49882043495092243,0.498687968628252,0.4993286588557449,0.4993234396654137,0.4986951696129269,0.4992115624743819,0.4989478325632988,0.49932757635988306,0.4984380859800889,0.49856712572935824,0.4989505419939635,0.4986684053369743,0.49883835839692037,0.4991921833065086,0.49845283699985427,0.4988107420147771,0.4989549198839238,0.4989379334818592,0.4994730647021726,0.4985746669287487,0.49919747978057966,0.498826854817617,0.4989652150897298,0.49908021269068875,0.49806435390429776,0.49906913120277263,0.4983178974123086,0.4984431590757151,0.49959539991501856,0.49881981593625213,0.49906424305971947,0.49870323927104104,0.49869013459458505,0.49831731164448234,0.4992197958849169,0.49921400245470804,0.49881704711399394,0.4986838713651972,0.49882226567853066,0.4985702871577394,0.4989443799137268,0.49806102724131296,0.4993217662115169,0.4989455419861324,0.49880797680657285,0.4995911071479233,0.49858763501117376,0.49920419847083763,0.4991388236559412,0.4994552792392933,0.49920045275832803,0.4992205356162038,0.49959623974673645,0.4986332237943722,0.497991687768591,0.49907191717360755,0.4993307786281239,0.49831146953882316,0.49862416271998233,0.499458872175164,0.49855803526244585,0.4989422086794577,0.4988024943639454,0.49959585823918445,0.4992045359879083,0.4987068965570834,0.4988176423990673,0.49947823250602463,0.4980561862856908,0.4993571814799331,0.4984329515968246,0.4989435637743881,0.49934374018214467,0.4991948169978044,0.4988154497452094,0.49868585444776464,0.49884050524023116,0.4986996483062083,0.4988165237779839,0.4993413747182938,0.4995942744463064,0.4992183871000428,0.49818806376158253,0.4990878884323194,0.49857033191170225,0.4986967077683804,0.49882094345599043,0.4977309409250541,0.49946451383704027,0.49895720191779563,0.4985755334183511,0.4990781898067678,0.49869246694874714,0.49945252546511354,0.49889350070739596,0.4990796958003261,0.49970448419559416,0.4989687675143336,0.4987048046007035,0.4991977055909398,0.4994054736541643,0.4986919290961799,0.49894434845678737,0.4985692315407854,0.4994669094966221,0.4988335317296775,0.49894688850261254,0.49881368316143526,0.497939218924404,0.4990828020046562,0.49868892637877504
5.3,0.48868149958117535,0.4904105696911302,0.4940239067155547,0.49702997011632394,0.4973195495825767,0.49881487256321755,0.49716790554015244,0.4981097187329766,0.49861660311228295,0.4987026101241046,0.4988772273577021,0.4986176511897498,0.49806019158144915,0.49820707831241934,0.49911454092689733,0.4990383567550421,0.49861664534498895,0.4979216363619821,0.498934926590571,0.4981014490974329,0.4984375323030031,0.49876432448488217,0.498375213901976,0.49859897328177877,0.499281698617077,0.4979864375499117,0.499128056126666,0.49910757185379373,0.49814719170632105,0.49969564665976385,0.4983702138688377,0.49890488887233064,0.4985720470658327,0.49919791005530095,0.4984031997723792,0.49824214774488157,0.49855064753448636,0.4988195245350761,0.4980930627190959,0.4991916410693715,0.4989381119076981,0.4986903415093137,0.4983027390404201,0.4990527855351659,0.49828767781322075,0.49856344511631295,0.49840473588059186,0.4989038099624472,0.4991970815864561,0.499450287127714,0.49866713105718896,0.4988080731395368,0.49881825851181094,0.49894097122823283,0.49832956423910624,0.49895173551619254,0.4985564829251945,0.4987025153569853,0.4991811208055135,0.4993491113820132,0.4993272181218202,0.498930456737247,0.49908069846645686,0.49773133052288815,0.4989467176800224,0.49804803517101615,0.49894553330695474,0.49881865905742767,0.49906814852537956,0.4979401505322562,0.4983158825842297,0.49879970733781426,0.4983312803524569,0.4988289333151235,0.498798426180673,0.4981279559208664,0.49832320936559465,0.49858029228337153,0.4985634966228533,0.49843755944755425,0.498951477545229,0.4991014410806991,0.4985629074528198,0.4984527680755857,0.49902853876792935,0.4980079998198571,0.4986962871453055,0.4990684628019504,0.4986835144420501,0.4989518741625438,0.4991875955451442,0.4981777700174017,0.49858854479461884,0.49858050911020935,0.4986901479606936,0.49909777878933737,0.4993311998054875,0.4982958211323816,0.4980540235410997,0.4992105260418457,0.4988409512600652,0.49824320343216894,0.4981777583188221,0.4989531104662789,0.49894471931452616,0.4980598119770397,0.4988301256616428,0.4985553406610794,0.49933493427959447,0.4980580442547441,0.4985833055862616,0.49831529114958506,0.49894320446511664,0.4990582619732037,0.49868996541496674,0.4977983139620872,0.4981812701394331,0.4989603101238966,0.49794676303319213,0.49908095190075447,0.4988256247771442,0.49845350885087775,0.4990228500945895,0.49931833947585896,0.4986830451161639,0.4989391451731232,0.4984354147185468,0.49870455033617417,0.49857344824531546,0.49818687220798946,0.498827433047875,0.49826303846005654,0.4989607148557161,0.49894136877752254,0.4986891590034535,0.4988281798712351,0.49817804411397393,0.49818704739774494,0.4981927635850072,0.4989454715265507,0.49844405571001954,0.4983124270966378,0.4991997128583249,0.49845323793091795,0.4985590776776838,0.4989509493649976,0.4979891596289951,0.4983217826876935,0.4985783115864795,0.4988332544073509,0.49907546423784027,0.49818878089778074,0.49894935507761934,0.49869391888834513,0.4984396377828513,0.49869828807796973,0.4990813121905934,0.4980620959768984,0.4989527089513132,0.4984328557129257,0.49843642181214154,0.4987567866952355,0.4985524961363891,0.4983011822930276,0.49831554846753384,0.49786417299469027,0.498947981178791,0.4983026358076806,0.49881380780560514,0.49868608797123537,0.49805416605163355,0.49825812728516533,0.4984364369119466,0.4985148232821063,0.4990893727528623,0.4981948440172303,0.4990847997788555,0.4986947823650022,0.4983075389327905,0.49869911581479975,0.49869313165023144,0.4986976543432025,0.4989475838936247,0.49831999096610574,0.4979937205820278,0.4984505767917269,0.4986932697799107,0.4985658524017302,0.4990827366000563,0.4984464010193449,0.4992039095877071,0.4989552606211529,0.4984384791894964,0.49830707396216173,0.4990712634047945,0.4992043835694746,0.49896245873829614,0.4988137837261096,0.4980684575169749,0.49856345463329843
5.4,0.4884744589737018,0.49116559347347144,0.49538546359046115,0.4959574831498882,0.49744950244299985,0.4983965022247389,0.49783268921022483,0.49798932064064444,0.49735280908337504,0.49829864999903956,0.49842361374056243,0.4979997501212613,0.4978211925129692,0.49822367435949777,0.49771051302656083,0.498384793432955,0.49838348694969775,0.4987816089983815,0.49867199183948685,0.49889616730119274,0.49857462529771956,0.4983589934269851,0.4980914953124925,0.49897592304153243,0.4986896760894271,0.4981564125818552,0.49819881925072157,0.4982865981740967,0.498764565233163,0.4992972622537799,0.4985279837250842,0.49862154332188147,0.4985388585595297,0.49903440174749003,0.498920991038812,0.49880711979163944,0.4982821370049517,0.49879898341134205,0.4984026442688415,0.4989392696716734,0.49865397633677777,0.4993044233874793,0.4985443211619688,0.4994503794106055,0.4982325434980271,0.4977841468353325,0.49870083520422875,0.4993198333195165,0.4985819362773155,0.4982028601228212,0.4979251390470765,0.49881144971950453,0.49766620668637185,0.4979745936736868,0.4979904309084515,0.4987984331852803,0.49843487946208825,0.49869411992094215,0.49892851238552743,0.4982966282816782,0.49831371476593034,0.4990631029874931,0.4986390357590723,0.4985872235458692,0.49868415214642886,0.4977804183298514,0.4986776858760714,0.499201449193386,0.4994403798961059,0.49833190398511645,0.4985367862699275,0.49768395687543093,0.49904446554127335,0.4980471946941397,0.49790531689228973,0.49921671675411344,0.4985880451446512,0.4984574217721281,0.49805135094440345,0.49855503954012065,0.49882465748385735,0.49882634095624045,0.49831014504687815,0.4983069598493172,0.4989667426468945,0.49845410343224494,0.49826005655181665,0.49825355288654616,0.49880262743588405,0.49833349029331087,0.4976694892436764,0.4981998051101856,0.4985714691400531,0.49825186833866963,0.49883700402567116,0.4983088091700275,0.4980417654524065,0.4980499747872873,0.4989631944869842,0.4981806166053589,0.4980011158883074,0.49907957992462065,0.49860309586662876,0.498055645990958,0.49729130513511166,0.49843196327785316,0.498893325463719,0.49766362518854124,0.4981631623534356,0.49792383268753637,0.4983275580972992,0.49818820135440883,0.4981930646111858,0.49856518122957805,0.4983291772336053,0.4978713225231928,0.49844703023653497,0.49921590619062356,0.49819945881725347,0.49832641656589877,0.4990759167641854,0.498976630578292,0.4983247392408474,0.49856459304361955,0.49882231270457783,0.4979258408002818,0.4983307579651835,0.4988196814157946,0.49811299810252685,0.49869189719323975,0.49830058232987817,0.498807032129289,0.4993365240346431,0.4984340021683061,0.49855690385780493,0.4988145058363865,0.4988283104163119,0.4986877984874929,0.4985528265021141,0.498020117832876,0.4986920593090871,0.4993268569185038,0.49907894905569467,0.4985211104241993,0.4988270895070959,0.49868437528885295,0.49932804162006045,0.4972856988705243,0.4973633078023788,0.49855814376799984,0.4981849689483363,0.49869607818899636,0.49832706267458005,0.4980592610028306,0.4984363707998507,0.4985521557208818,0.49838973526184166,0.4983132292510396,0.4975518349341825,0.4984466950358735,0.49829995041434477,0.4989505877002668,0.4984304814792559,0.4980598686089209,0.4983195688314842,0.49855532581128076,0.4988267167200609,0.4988401490019938,0.4983122866259521,0.49831822049908736,0.4981890875399333,0.49894872418966724,0.498442320688457,0.4984523068663164,0.4986980278389498,0.49862197895489235,0.4987002671768505,0.4980692444431709,0.498196865673743,0.49958423882948816,0.4989535979458616,0.4988192238611509,0.49882089707627086,0.49819114434670875,0.4976049570079782,0.4982018022846997,0.49844441025014896,0.49780553392386084,0.4975553473192697,0.4986969561036946,0.4986921078854186,0.49794839352134734,0.49869051568925676,0.498690740401205,0.49894895881993584,0.49851000210047036,0.4980626037917591,0.4986355925418728,0.49851446160869983,0.4988348264902535
5.5,0.4888218047250251,0.49054993811089914,0.49439003439432,0.4965387498409065,0.4970608120140561,0.49655883807133744,0.497335840404924,0.4977342807616622,0.49776301191228695,0.49740932289878736,0.49852367357468297,0.4984301570260006,0.49830980012827847,0.4982122084171076,0.4984802858716244,0.498016176790815,0.4976924558042351,0.4977399875748222,0.4978890650070662,0.4985318818777229,0.49869524699115514,0.49806837189832376,0.4978723363943302,0.49736094524112145,0.49786650986382114,0.49838453442377384,0.4983974749974138,0.4982587727620256,0.4986358014783506,0.4974889173618175,0.4986706100775385,0.49891290097628865,0.49812744170026935,0.49777513475937335,0.49816260748842905,0.49899890353306214,0.49839471836557014,0.49791051490425303,0.49726255675002473,0.4986671907114186,0.49830011423142845,0.49794732224547605,0.4989873794467265,0.4982979569560616,0.4979292865544582,0.4978926323420338,0.4984393957838384,0.4976685338245533,0.4982578036569804,0.4976692628502831,0.4969951473650854,0.4988133410004238,0.4983174931270779,0.4976544839883617,0.49832148641184093,0.49896800733463453,0.4970424961067328,0.49896461947902965,0.4983232393983557,0.49855782154401496,0.498673059341487,0.4979228989974275,0.49843888692534155,0.49754493651397425,0.498064235570462,0.49842443211335263,0.4984403522780561,0.497786461184652,0.4986823071623703,0.49830027162301704,0.49868784921506626,0.49855629143682995,0.49819321648408116,0.4977582435848084,0.49798562819752146,0.49780503483981986,0.4989825072588251,0.49893094786358605,0.498437969895516,0.4982558559820222,0.49846473207136593,0.4989637509487547,0.4981978923088673,0.49844701046848644,0.4969756594861997,0.4989558276407548,0.4976705749579217,0.49805156755770114,0.4980388025634322,0.49869832619216703,0.4977890334612281,0.4979253471853673,0.4977954528606403,0.49804356496226637,0.49817643883070617,0.4987326002564749,0.498693304951182,0.498305791687169,0.4974208741219726,0.49817898707951397,0.49845643878836793,0.49864098841501237,0.4986356688516723,0.4974298310064088,0.4979243112096142,0.4980650689676355,0.4979479061876541,0.4983178449561493,0.4978148724817501,0.49817955812432196,0.49806447987371466,0.4988334942252634,0.4977865378323235,0.4983785794705113,0.4984858724646714,0.4988247318570334,0.4976730151404944,0.49882486087363914,0.49755650331880885,0.49858023980824906,0.4983217885147588,0.49767559009434126,0.4982979244060948,0.49805518791406567,0.49842061825843664,0.4983173347713888,0.4981971114825697,0.49806233414491646,0.49811935432896504,0.4983044119290529,0.49805260233268916,0.49921193210180376,0.4983139456549524,0.49830545837166845,0.4973068592900048,0.49831669951120466,0.49812839509789175,0.49806840050521134,0.4981722372568376,0.4985844447652216,0.49830265785480343,0.49793677564463934,0.49780481031302165,0.4980045736439797,0.497483527128096,0.4983220816668943,0.4985049386600114,0.4983163240599922,0.4986994357877553,0.49906755305423783,0.49869767523592395,0.4990126138043101,0.4976876645350641,0.4979852129201322,0.49813627928090065,0.49818612240143073,0.49858369925755053,0.49909422482038573,0.49793078846983463,0.49919874583690693,0.4990972310956457,0.49830424400640433,0.498046415779302,0.4986904233582126,0.4979476620962715,0.4986884071736012,0.49768849760665707,0.49723792004497874,0.4986321198174785,0.498313020032532,0.4981865862691314,0.49913999091420497,0.4990139757496176,0.498432391005628,0.4978145423315419,0.4981919372063419,0.4984464956624496,0.49881446796488127,0.49728619702743293,0.497178883263936,0.4983107702843623,0.49793838666008317,0.49773879206244453,0.49863054215503166,0.49836852638940105,0.497425346363119,0.49831487570852223,0.4985612790998663,0.49858100528293214,0.49793256862236196,0.4983103490945166,0.4974186343517467,0.4986335766622124,0.4974228337860141,0.4976773821791887,0.4979201217982129,0.49660312448565913,0.49830778727941955,0.49818093119145,0.4986958471272817
5.6,0.488326140969704,0.4898024401725251,0.49456072643394533,0.49647440153212496,0.49701592262074706,0.49738701212548253,0.4972419563396407,0.49735804649920856,0.49697507208033137,0.49817301882798165,0.4972694255807523,0.49758053699716964,0.4976165811820039,0.4982579802931452,0.49785771656540484,0.4979963008408573,0.49764787651549713,0.4972803347829029,0.49834446017952344,0.4977967135285517,0.49885769787377454,0.49781666946658043,0.4981545768763528,0.49840382058982186,0.49859790729354053,0.4974845414316346,0.4978810756212089,0.4971136044470307,0.49863860358731377,0.49763141706582414,0.4972722750186399,0.4980254032398639,0.49808661845752294,0.49789643399977984,0.49789443571554076,0.49698684264488124,0.49878542724536806,0.49777387743707324,0.4985357254951749,0.4987945226352248,0.4982899692948521,0.49788462875185485,0.4982868347140019,0.49792230683634153,0.4979392306415197,0.497521665863749,0.4981455184944141,0.49805375624074705,0.4981742946961516,0.49817409779886856,0.4972653310515746,0.49906797230788497,0.4982821373825864,0.49855988371309157,0.4969092947918791,0.49793655463074915,0.49883765791326246,0.49819245299762704,0.4979403849388323,0.49603174876410916,0.49729388723435797,0.4980568021314957,0.4974193847705148,0.4981569581893556,0.4972146633781711,0.4981617176779513,0.49717899446784664,0.49856378458340456,0.49855116912441566,0.49822299987408564,0.4978982990904305,0.497426549958947,0.49773589069649443,0.49769197953881683,0.49836791780668643,0.49856437383698,0.4986366194216659,0.4976755885323295,0.4987600009983762,0.49769211127400925,0.4985718661571043,0.4981847234043369,0.49765130667967944,0.4982366152931358,0.49829261093426336,0.4976259723262874,0.4991971368262013,0.4975440146306787,0.4976143863553777,0.4983133313510329,0.49819271469384474,0.4976093104195062,0.49857658249906606,0.49754198588744203,0.49782665371938184,0.4976770089746111,0.49804455586812796,0.4984324036892794,0.49844436034832884,0.49818937197790214,0.4983134536982328,0.4985711708424843,0.4981702991109929,0.49759667600864665,0.49843995314631906,0.4986761248958873,0.49883213236127466,0.4981845554529764,0.49767206986660284,0.4969229769184205,0.49806324587804485,0.4980604300031468,0.497544941914973,0.4985561970301444,0.4975622039652576,0.4981778683173369,0.49768089118861186,0.4975550012522557,0.49741852058028235,0.49704012617842214,0.4978160950682692,0.4975464611796903,0.4970904567471315,0.49794844858698967,0.4972962968127945,0.4979192205469894,0.49805839000467583,0.4990901636208268,0.49766874379867704,0.4990780461036316,0.49768017765684364,0.49767530307802743,0.4974193697738609,0.4980504125920819,0.497317342145034,0.49781551513950606,0.49792369738350173,0.49817962342540334,0.4992163369831365,0.4978228904004689,0.49678147234417147,0.498439541598969,0.49831217891970303,0.49755140426169264,0.4983597542596485,0.4981887866081709,0.49818612688101716,0.4981895338310708,0.49831456753821124,0.4980724944878122,0.4976888969077781,0.49806794784329383,0.4980527043666784,0.49895980640894483,0.49849207373058146,0.49780081144451116,0.4977952079115305,0.49739859962681204,0.4980562894889174,0.4980638589991264,0.49831616172075777,0.4984396644332996,0.4981964510582717,0.4982950367725491,0.4979262790562518,0.49805027297758575,0.49818296370072185,0.498178126946555,0.49798804845429484,0.4988034568870831,0.4977499792525363,0.4980577767374146,0.4978057046281151,0.49742564174155385,0.4979382362275015,0.49856319986376946,0.4988143301536491,0.4976731695715777,0.49666699249585405,0.4974288853836156,0.498057225092148,0.4971722190586264,0.49799878035626854,0.4983081582778177,0.49780565807845123,0.4976869818919754,0.4975423677063839,0.4977426452476057,0.49818573329206806,0.49780701909159475,0.49830806120483595,0.4979404029851597,0.4981865938300826,0.49806249739063185,0.49767642635541376,0.49780318208861957,0.4976860106414607,0.4971589043572104,0.4981841601637637,0.49804264654106395
5.7,0.4883179913248616,0.4897556335586916,0.4939425564682997,0.49670440944174055,0.4959075962417302,0.49615159986977575,0.49673209379422406,0.49708952902609616,0.4973716961970022,0.4973595875514486,0.497340369686848,0.4969192475092252,0.49742712140625356,0.49769405867562744,0.4967914034763241,0.4979411838504933,0.49845795615808924,0.4983259834874944,0.49834528768155456,0.4980673766313175,0.4978660253377997,0.4971844524373721,0.49772667087992956,0.4981486091273522,0.49799329038316664,0.49787823877220383,0.4969319597538743,0.4974855037184544,0.4979870776969253,0.49801157826058823,0.4975259027990156,0.4966312576628276,0.4972670785755847,0.4970404192034664,0.49779134920912727,0.4978248103500907,0.49727182475887444,0.4973823293896418,0.49728587240488764,0.49780817452404713,0.49821297484442073,0.49726753109637734,0.4985565976309206,0.4974883915157449,0.4977643998112507,0.49792495142754495,0.4981682215286671,0.49842455132746244,0.49790683119355555,0.4965100039241943,0.49741223308818355,0.4975585142701022,0.49782290747681046,0.49804061041820746,0.4979399969374761,0.4980600939771898,0.49705361666390174,0.4967194330921904,0.49653330535508894,0.4972884362437486,0.497273514389432,0.49818845219261765,0.49779985925329606,0.4984412086906429,0.4969388483951796,0.4976618690592398,0.49691946000311504,0.4980580264604393,0.4969764948628497,0.49804989153129264,0.4973403109478906,0.49806771719851245,0.4976856401579356,0.4981814491789943,0.49837845350495996,0.49739552212013105,0.4982922882704797,0.4980413793154742,0.4979427481552888,0.49831428034730346,0.4977971132506773,0.4970395323583581,0.49735994135007805,0.49742194053327776,0.49683117393333776,0.4980698677171175,0.4979219182227598,0.4979460412890407,0.4964103453412884,0.4970609516032173,0.49709616397851625,0.49744118972890855,0.4969264167227139,0.4977858010705041,0.4968008166441627,0.4977899685163441,0.4970497646715439,0.4978122276170027,0.49691193395504024,0.498310667243882,0.4980565929038346,0.4971828607871555,0.4975584131713287,0.4979412537641908,0.497937770492728,0.49758522918868386,0.49805573175190915,0.49820197558384505,0.4976842030850558,0.49862640629715504,0.49855837293370364,0.49692142231279424,0.4976656120533923,0.498377510237608,0.4978651359589733,0.49767615093167433,0.49793325513480013,0.4974022699178715,0.49679219064423963,0.49768072508985034,0.49773603506923436,0.49767286067741456,0.4980652946050266,0.49832714818869395,0.4980536424357318,0.4975499671800334,0.49831438376345516,0.49832677509188383,0.49871838168523397,0.4979343785975862,0.49766760155087764,0.4986750148610559,0.4980520820449987,0.49704239012156654,0.49788001370059953,0.4979879913043687,0.49824327413284875,0.497671246055254,0.4972801772306331,0.49710749715632147,0.49653165949641176,0.497359700284252,0.4965395808258776,0.49728392440672076,0.4969224208710628,0.49798920390972035,0.49705822299121166,0.49754072041237585,0.4971637167767952,0.49831107481948717,0.49773648331259907,0.49756560900720076,0.49660116304628465,0.49774292083183,0.49769133795729936,0.49731236868643824,0.4974406411012356,0.49754981107601337,0.49817519559760837,0.4983120197171728,0.49730687253645,0.4980476938809988,0.49794824188670134,0.4971827857040901,0.4975577287633581,0.4977399713664725,0.49825123530013593,0.49768319161131985,0.49823358463950057,0.4985690724059632,0.49779140135799727,0.49665070681028406,0.4974156667225873,0.49722339341301813,0.4980033349199306,0.4979946471007363,0.49716142822057613,0.4970621044971163,0.49741555051115455,0.49793630523336907,0.4973098195935586,0.4968056254652645,0.4974267389541066,0.4980697683499994,0.4969020088729836,0.4979320819463893,0.49715975148931735,0.4977922296741957,0.49756642197114753,0.4982910607634238,0.4972957934377437,0.4964028875149524,0.4971588046473338,0.4978113215821725,0.4974139540367182,0.4985821384078124,0.49742654972663114,0.49794076935967646,0.49768841707818373,0.4979991059913715
5.8,0.48791155180727935,0.4897425435611312,0.49323511238841283,0.49530357681381565,0.49730674720275664,0.49576757411770955,0.4970580698623035,0.49677204058587504,0.49655647340335557,0.4964640947819862,0.49693377196246613,0.49711845810591254,0.49739888308800145,0.4974427928130154,0.49772875928338145,0.4976752956783561,0.4979040326090358,0.4965794814620242,0.49707074780174393,0.4975561636748237,0.4978279949245237,0.4969270318423356,0.49752218279836746,0.4968703150748216,0.497613100781033,0.49799123370207815,0.49746508076607193,0.4974974843100731,0.4966625457166936,0.49749726700622243,0.4975139340390099,0.4978783339317421,0.49725989514590285,0.49752028874270077,0.4970757700938616,0.49677880963977217,0.4976654660434955,0.4974557410980488,0.49648613321421026,0.497321673283058,0.49734987738074105,0.4974762368458436,0.49725391908120636,0.4980014707375858,0.4978866872267349,0.4970363273552188,0.4965084831138131,0.49716817757800263,0.4971361694916924,0.4967617436015817,0.4981627288582783,0.49828628456921403,0.49710281394455824,0.49778614229322204,0.49710245554055793,0.497518852151508,0.49576119335536495,0.4972882706014045,0.4979684681827785,0.49848898368873806,0.4965390438074272,0.4979317013592937,0.4981859768021417,0.49759308216525294,0.49705104232688885,0.49766992021183803,0.49769273641415757,0.4973330520696624,0.49625756196393894,0.4964193390807738,0.49730148039796424,0.4975158206077587,0.49719902385756337,0.49770161104937655,0.4980836306709027,0.49771202691324007,0.49773858026406775,0.4976709562404074,0.49806732223191186,0.4971760785518166,0.49716758448140763,0.49805722819295234,0.49615055427503646,0.4975375014686342,0.4974778433802656,0.49742565865338,0.4975693925455777,0.496522609427078,0.497300181819589,0.49800478091702083,0.49741868899990815,0.4979584703061225,0.4972892950640428,0.4966597780237579,0.49755883789666777,0.49741692854721636,0.4969226588855752,0.49729245330631006,0.49696289424441564,0.49679012375699216,0.49720877005889696,0.4967784010710016,0.4970295681622047,0.4974723322154428,0.4967365955097194,0.49765451149481205,0.4972996095431188,0.49680557958590266,0.49755189379414505,0.49717772385474956,0.4974200458785845,0.49717363669974235,0.49767555976612865,0.49754114849078507,0.49697885024855887,0.4969769942486591,0.4980623634635917,0.49723614252299614,0.4967956949744687,0.49781919234085703,0.49666916923138105,0.49792499532523277,0.49672103190913225,0.49730488777376075,0.49731495659288977,0.49667620568883175,0.49781358467923975,0.4973021341251529,0.49781485575475987,0.4977048306832123,0.4971752492445944,0.4969370756148014,0.49818169326685124,0.4973606574881164,0.497301204360326,0.4983708565528988,0.4966627036980524,0.4980611091552423,0.4973144324887365,0.49597972508231586,0.4974219054986159,0.49773792199972283,0.49742650937386457,0.4975597425464315,0.49806166596299845,0.4975352994341267,0.4973048995253193,0.4985718808808088,0.4976798934843802,0.4979428989004761,0.4977275555717333,0.4970463501133149,0.4978150596851495,0.49705203517133006,0.49742830645368574,0.4975482903969273,0.4973531856479942,0.49768812877460883,0.49768121110893043,0.4964187729523167,0.49641282317270685,0.49761791986170884,0.49704582363768157,0.4976686658258909,0.49843336294242285,0.4974297629432256,0.4976739675446279,0.49761782713401964,0.49691523577937974,0.49780332487647777,0.4975243108712608,0.49744437398293784,0.49775437162459396,0.49812461489938265,0.49755177317292903,0.49729169253937056,0.4962679274145348,0.4984530911891907,0.4971727229485305,0.4974259378216258,0.49684113218619513,0.49736260104306645,0.4960314541506472,0.4973082594941506,0.4982964574284253,0.49793268322256967,0.49816575816805264,0.49724228896307454,0.4978635570247833,0.4976747384474512,0.4969179967099212,0.49728251596778894,0.49716709952925386,0.497409594852212,0.49703218388971276,0.4975502817777874,0.49691701602810245,0.4973010169430441,0.49736513586171455,0.49673081303405364
5.9,0.4866112787838573,0.48809538221560617,0.49363718766742015,0.49615490651924726,0.49590078669054904,0.49609349290670407,0.4964452626290841,0.49612636840064805,0.4973011563262944,0.49655924025157366,0.49532062968489005,0.4962416887612095,0.49623716486508734,0.49642183578547694,0.4979749153960595,0.49737221795769165,0.49712293634463595,0.4963977941954082,0.4973365412525489,0.4975839810314445,0.49777603582531826,0.4962880483921519,0.4966983798046552,0.49587787399484673,0.4968459060542498,0.49669915346579246,0.49572867291083583,0.4969767030016871,0.4975200901242771,0.49751855531294936,0.4965392241411671,0.49694973769199957,0.49666556268183176,0.49789041433467796,0.49754388867707855,0.49612530492572116,0.4971131413199969,0.49755870634649013,0.4963853664883829,0.4978884375039465,0.4975902188173169,0.4968489516287251,0.4974016841992363,0.4969697881738018,0.4972213804628888,0.49604778865504895,0.49690127296524317,0.4967921546013638,0.4965155683707985,0.4979139595654119,0.49689936999562856,0.4971945726710653,0.49679249374276235,0.4978959448793806,0.49705559393458715,0.49729040434963595,0.4976279861350403,0.4970363873045215,0.4978510302395416,0.4965496064340971,0.49741375860274456,0.4973526043729607,0.49632814374741463,0.49780828199323407,0.49729266145532586,0.4976839078666147,0.4958681496710095,0.4973244141727454,0.4973889404801923,0.49692923608402556,0.4970436766419148,0.497542766104088,0.49803511220553043,0.49690900900748697,0.4975600810890294,0.49658552490012103,0.4960899148311697,0.49757481005826504,0.49622044867768045,0.49627643556838746,0.4965035890921635,0.4972221172985592,0.49639443905733144,0.4970966301995834,0.4967251830383104,0.49768879846676006,0.49673454814475326,0.49677537744421724,0.4973602663298436,0.49660893886013324,0.4986965611080707,0.49703020380243107,0.4976251205015197,0.49743766985491683,0.498327417502402,0.49647607172741126,0.49678854575112374,0.4971607775753712,0.497176276950101,0.4970590309566989,0.4976645565140703,0.49699585007120045,0.49770077248194927,0.49742598538394467,0.4976838758602865,0.49766863130540795,0.4973109415306782,0.49742552732453404,0.4962348820251116,0.49698611428975953,0.4969213773654467,0.4958551167673486,0.49767128779224906,0.4965337310646813,0.4967751342897564,0.4970986421490734,0.4976354666591494,0.4971882187535225,0.49691973861462563,0.49675705539357196,0.4972307710143773,0.496528696413625,0.4967965919247553,0.49604122734263517,0.4974182747641613,0.4967915166927081,0.49690699865496796,0.49673931455107323,0.49730025394551003,0.49723951913090136,0.49750754558779114,0.49806885067937706,0.49655197785364863,0.49729603058117755,0.49603237210267115,0.4971560895177931,0.496227158270388,0.49679602425726577,0.4975411100372265,0.49731003147068215,0.49641372352723845,0.49597884586602814,0.4973524415425329,0.4975598779983168,0.4978072110778117,0.49679241039980826,0.4971771638456409,0.4965371408974108,0.49793539919644153,0.49767927400184714,0.4964097621852842,0.49629590944902385,0.49772369748281897,0.4967891934211828,0.49779926282962766,0.4972621482652025,0.4970346672984802,0.4971841046767229,0.4964155655937063,0.4969170973519144,0.49767019224389886,0.4969192720034454,0.4962243850969933,0.497545950641999,0.49742761614859643,0.4970426959895507,0.4969218612781874,0.4954840963990288,0.49696843243062955,0.49722031100809033,0.4975457330165547,0.4967385134933308,0.4970493175006134,0.49773971347507573,0.49684062349659786,0.49723418595889335,0.49654179015704225,0.4969200807614734,0.49690625660161153,0.4969327233662347,0.49577364193908147,0.49729017692709776,0.497308963825933,0.49717069374073986,0.4961497255544631,0.4962797004118089,0.49692288296065573,0.49666715736281375,0.49676952307704203,0.4970194910537028,0.4962889647857555,0.4969163593121322,0.4970449379101543,0.4967843572709047,0.4973015753243996,0.49724205155786416,0.4971605127480289,0.49634685808914397,0.497797192371034,0.4967135038364048
6.0,0.48771824560635096,0.4881802574949264,0.49134528700722285,0.49457681010302756,0.495065062124749,0.4965557407433503,0.4960028353088614,0.49616290490562936,0.4960292167592777,0.49718261660685115,0.4966824665582923,0.49720066185211137,0.49660319848630446,0.49546923283309413,0.49741100716057157,0.4967019233127359,0.49653012364793775,0.49539744274425085,0.4964697193802995,0.49718166359817556,0.497178150014096,0.4966737372004529,0.49575264142273656,0.4969049308767136,0.4962735083005664,0.49721919359119343,0.4960847310447072,0.49762269463230485,0.49672599574413095,0.49662409741170693,0.497596346609605,0.4968307344084579,0.4971369853642213,0.4961241126503637,0.497005509370602,0.49610043731368686,0.496649667563125,0.49618084713385385,0.4973311813634274,0.4965157076397527,0.4967669577828873,0.49765955311387383,0.4971456166591839,0.4962898484354541,0.4974354345613193,0.49700783682060945,0.4969184547723093,0.4976443832066626,0.4970506784839856,0.4966193564159478,0.4952667746363831,0.49680126195580454,0.49678598364548243,0.4979167676449929,0.49614476815917397,0.49626133014082074,0.4968466058102049,0.49779082741991937,0.4975257820588437,0.4956566968769999,0.497358810755668,0.4965338207220627,0.4954064843355466,0.49729016034309836,0.4964762100541267,0.496911992657405,0.49685115395531226,0.4974090690791901,0.4963299564612989,0.4972821970084759,0.4975776220208329,0.4974968540070689,0.49665889776196853,0.49578617052122903,0.49639974827862826,0.4966878364356675,0.4975506856551316,0.49464734582911424,0.4953994795539169,0.49602017626444167,0.4968507864077607,0.49595662711410604,0.49615700715823885,0.49627722025413257,0.49678658264397424,0.49559661122769677,0.4969121898105384,0.4975580870448517,0.49516345460416594,0.49782821413962874,0.4964200678157478,0.4979440449806661,0.49692236922146,0.4952876069679706,0.4982996345518373,0.4966739656478896,0.4963562465436099,0.49641961963955483,0.4966748685403485,0.4962728565017639,0.49692365625985496,0.49678199601285705,0.4969209111662499,0.496155368242326,0.49648368932120157,0.4969329942600278,0.4975438247241065,0.4960922492738302,0.4970480931252518,0.4964175708480451,0.49628071502596255,0.4966738393292994,0.49690714833106764,0.4960550289324795,0.4957779178938042,0.49641115804749636,0.4976930429782741,0.4975979297750261,0.49702634798009115,0.4960421732956369,0.4965369392506369,0.49591522436214636,0.49578833137232364,0.49495004680515403,0.4955398386063411,0.49742761532205554,0.4953952369258046,0.4961126637251494,0.49793813204202675,0.49715743987331157,0.49666609230388725,0.4972839239184456,0.49684149533880007,0.4961306611074563,0.49583629795917494,0.4959044716472139,0.4976898750408932,0.49684678953696043,0.49628734439195665,0.49577711160582805,0.49753515381323665,0.4968040879274585,0.4972286992192145,0.4956572207561805,0.49742202855387624,0.4961004773489711,0.4964654114283189,0.49696236315524644,0.4960334129239113,0.4976229095177476,0.4967979188299945,0.496548494876175,0.497294312201813,0.4967962143080253,0.49578406419869103,0.49678881370563505,0.4967835233262893,0.49654523513387566,0.4967265638826081,0.4955380067635704,0.4970437133205782,0.496603958714169,0.49748638642502013,0.4970241591476999,0.4961576049998423,0.4969292651479123,0.49742612459015356,0.49665395557996406,0.4956352218739366,0.4962882917904958,0.49780968878516596,0.49615202859621427,0.49730738755646686,0.49553054504071586,0.49677534347686103,0.49641999467587283,0.49718171227925195,0.4978113813925328,0.4967883069451491,0.4967716943467999,0.4966777703647864,0.4959735217636419,0.4957825124159884,0.4961464443499504,0.4974380663412313,0.49622374772964206,0.497166476718593,0.49716094504914576,0.49609234042585815,0.49615618493315755,0.49723217324203534,0.49742728709374157,0.4977885417950491,0.4960475702785205,0.4969187205290485,0.49709557941987137,0.49552895801415814,0.4966717318162991,0.49716590002685995,0.4969159387589843
6.1,0.486185141100777,0.4883815040034092,0.4930034740199856,0.4940355179380951,0.49424166732140573,0.49484653056596317,0.4953341408248992,0.49548403955140263,0.49536403854817296,0.4972397421816005,0.4964381735240543,0.49571388833558877,0.49635027699744566,0.49554590971019324,0.4963240713278811,0.49675953695881986,0.4968959489741199,0.4961292933736706,0.49641291557129535,0.49578671981864114,0.4970352888681358,0.49617454753765383,0.49761832040883436,0.4953821362808524,0.4968164150205943,0.49670625865429396,0.4948801204332649,0.49648640183366094,0.4966830314892542,0.49636581824425063,0.49772307559773543,0.4965032621995375,0.49605214806594816,0.49617547942530793,0.4958770424574724,0.4957238377236392,0.4962321481928802,0.49513863321152063,0.49674910836615427,0.4956273020307235,0.4970828889634593,0.49683553530726937,0.49564212259954615,0.49717477445398506,0.4959052651538716,0.49639156930567063,0.49603969454479097,0.4959651253602914,0.49611875167503877,0.4966464692826724,0.4968705376212862,0.49618706897925646,0.49553745094863316,0.4960805235171419,0.49614526344373466,0.49716309003316805,0.4958464619147129,0.4956518943469152,0.4970453493874236,0.49579707732622097,0.49632212043127116,0.49670474332118947,0.4963154615058209,0.4965279420820408,0.496849804287216,0.4956415321865426,0.4967780544605921,0.49663593280415674,0.4970609829837756,0.4957893786008405,0.49628672190335277,0.49579432198085105,0.49715447063828627,0.49629330220728346,0.49477443223292106,0.4962892464574283,0.4960427940913153,0.49548128376660555,0.49665854328178116,0.49541587398244724,0.49678817878122966,0.49546197714862034,0.4960241267223164,0.49652821281216797,0.4960309839773264,0.496856543689408,0.49729050956528076,0.4953929545976842,0.49695982776869235,0.4959163334528137,0.4970244762903717,0.4967108894687351,0.49735820036174233,0.49584219439677435,0.49480731704795794,0.4966588912102872,0.4965322993970966,0.4958553460725138,0.49704591802133646,0.4972967181123633,0.4962178340658192,0.4973047405234656,0.49597280506340624,0.49572433436822405,0.4966627276358461,0.49573581977955217,0.49566676275682864,0.4946706576502363,0.49659957050003795,0.4962811251359101,0.49663948267275715,0.49691165079264865,0.4970424884073781,0.49628282713378835,0.4972731756543102,0.4957801392617914,0.49603724801597404,0.4961018630849234,0.49534361047882863,0.49628908698942503,0.49615413693977745,0.49610980960857337,0.49403133423190304,0.49615482645780395,0.4967899798506983,0.4955856227881286,0.4952875541118245,0.49615606770321,0.4943938205104658,0.49576919868446495,0.496764462123009,0.49521436529864793,0.4971738609637901,0.4956673094415376,0.49620629462380295,0.4962919415131891,0.49693148792597874,0.4960342329857173,0.49633688353653826,0.4956644570647773,0.4951422764103358,0.4960364899664022,0.4955929912519779,0.4967057585256821,0.4961733881276012,0.4961558400030113,0.49653812582709095,0.49679943703640017,0.49558738888745996,0.49692114393083164,0.4955180145048462,0.4967201446613691,0.496523125661233,0.4965335213029467,0.4954682689290137,0.49527532418703835,0.49667108224113404,0.4960381996865867,0.4972235067278338,0.4960348843893625,0.4968056435777052,0.4975472210220894,0.4950247050235095,0.4957852869660723,0.4964043359281964,0.4968550749324817,0.4966459662618186,0.4962392742976987,0.49756546435614885,0.49620873448886427,0.49482513629222896,0.49660567259603033,0.49755215428652644,0.4956699208411459,0.4959613378418633,0.4963440508047128,0.49716090534990304,0.4962353502751778,0.4964717298280613,0.49704480075076507,0.49640547884377184,0.49634519806039096,0.4964198303983875,0.4959187647629181,0.496982830540638,0.49501570078700313,0.49609377361643875,0.4959059798369924,0.4951422827401878,0.4958984925429319,0.49717549430729696,0.49703940250215306,0.49754941016500853,0.49655210744852485,0.49755718928599574,0.4957918760745144,0.49597379872798364,0.4960448331135241,0.49666439868744666,0.4965413351645276
6.2,0.4864874335005525,0.48761398595524946,0.4908634461506767,0.49339059712467787,0.49522068990419466,0.4942153090537657,0.4952608900972742,0.49722906936090333,0.4962163247643391,0.4959138229484635,0.49681812876391634,0.49583741983828944,0.49580394632929575,0.4955444794455234,0.49497759838001465,0.4958204494241254,0.4969417882253711,0.49568462788314815,0.4957082666613899,0.49670509983115185,0.4955029345844132,0.4953000951299044,0.4958915444695779,0.49533135404031947,0.49622349073450484,0.4954631327992472,0.4968381148904333,0.49613934918691927,0.4959660755286354,0.49590059086449906,0.4959175243176322,0.49585207456407016,0.4958503682670895,0.49666879334793385,0.49587686421819543,0.4966588102133569,0.4968621121441395,0.49764642145238447,0.4971144813397431,0.4962204837931615,0.4946021248118388,0.4948309264011938,0.49552663077287834,0.49500468742511117,0.49659178103377594,0.4955343921887196,0.49477324651767224,0.4972094490320516,0.49511690581787,0.49619586433293367,0.4968027393590262,0.4951574843428378,0.49557536908259825,0.4958826618415837,0.4956519999110212,0.49564740505510185,0.4966329853135547,0.4961438388375431,0.49550969470998246,0.4964155609881692,0.4960411918300309,0.4945820986040463,0.4952170539820083,0.4969275970143825,0.4957043666355699,0.49526090871398587,0.4957564102037504,0.4944965964173653,0.4955331597421255,0.49515466987989687,0.49576069990008786,0.49594344264089407,0.4954608845923987,0.496804213317508,0.4959788788908054,0.49625711967999164,0.4977048400203774,0.4969157662053435,0.49496165491467065,0.49697958799090697,0.49540373560296785,0.4968708154823797,0.4949509263698085,0.4948990447773266,0.4959064898495829,0.4948858549333174,0.4955176239093971,0.4947831967343685,0.4945961691400877,0.4959633298906159,0.4960940057800675,0.4959156493648095,0.49640586871417003,0.49498766779356135,0.4960262436799581,0.495225340741498,0.49678018778369726,0.49578221571391967,0.4974296761950957,0.49627594799181307,0.4958544504603976,0.49578444369946145,0.4953968593977199,0.495787667817669,0.49539661649628497,0.49641863408981945,0.4967950557844981,0.49601759313279103,0.4954092409283782,0.4961667135586718,0.4955354477871894,0.49495684578032584,0.4948950331938295,0.4945852019689404,0.49578915350371755,0.49603107505506894,0.49501676308418063,0.49577657224742944,0.4956719259874142,0.496405125018449,0.496542884519181,0.4954554511238859,0.49714349247561646,0.49667349541436867,0.49576363148771274,0.4966591867708416,0.4967728285105229,0.4963983135494229,0.49552587131590964,0.4961701669740535,0.4967804808663114,0.49616889240228934,0.4961579676611616,0.495281264404545,0.4972819079902688,0.4958637046546052,0.4958958598408804,0.4959046851541697,0.4946617317903278,0.49629851594829455,0.4969250103684093,0.49553313368961627,0.4955237894387233,0.4955828951484613,0.4959071441753286,0.4952282461832906,0.49578846931067727,0.4948795920111415,0.4971610460727906,0.4957829626743657,0.4958965617348432,0.4954079009841604,0.4951540062431137,0.49585322596557396,0.4955318107693997,0.49589991534009237,0.49692898600306357,0.4954057002101121,0.4961559022541864,0.49547683513425933,0.4946456663177568,0.49564803204292324,0.4967764590815189,0.49495900189034114,0.49691958100134276,0.49502602930480405,0.49573810451474426,0.49602759519286077,0.4961618846081285,0.49718086158772573,0.4964259998859739,0.49566298054565416,0.49552845913246385,0.49603711206354567,0.49527929817159305,0.4960510741480663,0.4952813449054336,0.49704758051230563,0.4954598134666876,0.49559505197432574,0.49578353521798185,0.49539635145835365,0.49629119400555544,0.49653122792093557,0.496805796270087,0.49483001389266307,0.4960467762638003,0.4959055148602964,0.49566099758663723,0.49724185881153266,0.49634640860440804,0.4975621927476958,0.4963559328789841,0.496670456474093,0.4952670340299205,0.4959008715909094,0.49528477811483324,0.49634945395353364,0.4947123256961681,0.4959820940973741
6.3,0.4865298469283548,0.48794827831978754,0.49070740651138844,0.492978677226022,0.4936986903247273,0.4948002914615274,0.4951159887091455,0.4953805747493248,0.4959660560104483,0.4957824279407967,0.49492817257796184,0.49572686973497326,0.4942460396096423,0.4962006029956167,0.496202235802943,0.4961718105993252,0.49564303764177114,0.49378803977818236,0.4973217760189532,0.4952025294040042,0.49503105375877526,0.49481793064314933,0.49613804892421065,0.495574312898911,0.49546597426501593,0.496232936708578,0.49388023201096665,0.4955975216178298,0.49555429372250387,0.4956147464498089,0.4951766424384589,0.4955159162674134,0.4959918399298338,0.49613277109710735,0.4962946858534029,0.49649822720252623,0.4956879174046389,0.4954399565184962,0.49562548458296346,0.4962728103055127,0.4956213590329893,0.4936736875955714,0.4957014647035193,0.4962089975767054,0.4958354290685722,0.4958972340974074,0.4959004754144421,0.4957722560987888,0.4955276307706782,0.4960488935139994,0.495087232331894,0.49382831887432976,0.4960368474234091,0.49602131798520693,0.4950091151363618,0.4949757880429664,0.4970183887047173,0.49588925298403846,0.4967409879921973,0.4950075549047889,0.49472496007116057,0.49600339621092304,0.4966630201059062,0.49641298778952586,0.49499495878271266,0.49575462978632195,0.49597986391255916,0.49500670071218306,0.4965459131165525,0.49653365590147647,0.4957454026754878,0.4956246517548556,0.49576978349200074,0.4957695058254712,0.4947216897397441,0.49551041078424857,0.49589470197888164,0.4956507869050463,0.494879733636469,0.49615465625157934,0.49527973998790364,0.49509453061486797,0.4954605887715645,0.4961908004888137,0.4942449075054467,0.4941535292396662,0.4950931839957249,0.49475850324271153,0.495223779785178,0.4944817902576299,0.49578500431177625,0.49568212302084347,0.49697646507120485,0.49401940691007895,0.4968521700982174,0.4945307303419878,0.49576345917225084,0.49540691135208637,0.4959760667797598,0.4958146187972189,0.49513574835401586,0.49576799818870365,0.4937791561516338,0.4949079932238199,0.49477308508134105,0.496663570259133,0.4960366166431834,0.49512857785953496,0.4948415511822896,0.49621455154005767,0.4942056732243684,0.4955844892773027,0.4948312459581087,0.4946391748546747,0.49565587935763566,0.49641436741982725,0.4950154806323515,0.4957687635165301,0.49577546673602424,0.4931364379240153,0.49450120318795426,0.495792892817496,0.49544963366846906,0.4957398918243963,0.49603296438021555,0.4957689754332348,0.49642780804611425,0.49603036110966725,0.4960475775523494,0.4972843993877247,0.4956598601454809,0.49640709103291464,0.4955489364871622,0.49527737919479303,0.49452872882867854,0.49541158966645077,0.4942772149288517,0.4947133057411706,0.49601830432004107,0.49653074677808196,0.49627400772062047,0.4956585404128763,0.49565270287446345,0.49440866609146666,0.49586082509725704,0.4962733828876137,0.49577479073618685,0.4952782968492381,0.4947207100560788,0.49552939392654816,0.495599635280537,0.4949691579176185,0.4954076438825647,0.49432670830490505,0.4949116722535811,0.4961587098497193,0.4953443135965265,0.49627561589315067,0.49508879911482395,0.4943314002003561,0.4945812397628901,0.4964152695118777,0.4950861638843714,0.4966587711790853,0.49527062100455527,0.49464730987744215,0.4957257173466224,0.49387667400257196,0.49553148183670553,0.4959566407413619,0.49533440236960996,0.49377659397533435,0.4956534869405131,0.49563961461003003,0.49552039846952023,0.49508505131171454,0.4956645391922633,0.49627189044346093,0.4963478599486802,0.49460937397771276,0.49539267264176245,0.49527437458669427,0.49589083759353136,0.49558584689396923,0.4952161243377807,0.49566078485840165,0.4956638085924876,0.49781697205909425,0.49578571113836106,0.4950321866360574,0.49640434153163715,0.49526944919184346,0.49541883222654676,0.4962140327143026,0.49717965169327627,0.4948332438402387,0.49490048342413206,0.4956579434572522,0.4951548677570233,0.4950253773579586
6.4,0.4865393342944852,0.48502925513530387,0.49114899187509026,0.49264797940616106,0.49349128891830074,0.4930064803577364,0.49398551697691195,0.49469604110120513,0.4947020047863823,0.49521298246646456,0.4952615302124314,0.495239255342348,0.49489956024582316,0.49531670535113353,0.4951952814696885,0.4939709890182039,0.49609102516797643,0.49490795447348973,0.494114075888609,0.49472323997864953,0.49460936042527115,0.4952430191955188,0.4951130843352149,0.49515330135627095,0.4950314458989305,0.4950107019132007,0.49506392688030604,0.4943397318853177,0.49571172198892605,0.4946691487753786,0.4953457548668563,0.49535843134327895,0.49455566385541927,0.49549470986129374,0.49642709004243507,0.4942959581143967,0.4947012921195231,0.49587346018563166,0.4953809592499915,0.4947704058187845,0.49475347675987463,0.494983361453249,0.49502992094276044,0.49574538301485915,0.4951974309991822,0.49419997781739455,0.4953399011189595,0.49503094847725126,0.4964201474597206,0.49583661510215227,0.4943329698134409,0.4956586386307371,0.4945689196619707,0.4944949143420522,0.49713666382020916,0.49503415152665775,0.49502886445894406,0.49539314759388736,0.49546884862586343,0.4951380319315869,0.49497919921915623,0.4943373939790459,0.4963124775561864,0.49482134188093596,0.4955199793759578,0.49432229311289816,0.49391355519309865,0.4947685804141976,0.49376414190480034,0.4950249352761628,0.49539417132630553,0.4969365375180699,0.49466293252740295,0.49511394997272584,0.495471809079044,0.49627877221014866,0.49403114839712886,0.49588869953488396,0.4941614627634281,0.49541006742800664,0.4952695155735099,0.4948545187776625,0.4958535925439909,0.494452465232483,0.4947795740359089,0.49623482847357525,0.49583802835244073,0.4945717086635746,0.4944722737702678,0.4948537011270757,0.49592133477584843,0.495343016592708,0.4955347717859466,0.4957763100272141,0.4937568423079872,0.4961642748132831,0.49609401497339,0.4939065432192057,0.4946527704755342,0.49379457200566357,0.4948299248010279,0.4941000247148415,0.49465143311398957,0.4952809472949928,0.493957784770986,0.49589473232851317,0.49594941806319687,0.495468037831282,0.49496306715947375,0.49434065688146406,0.49489750210163025,0.4949052621970117,0.4951455705089704,0.4955553459888368,0.4941331604508444,0.4940267243320657,0.4960543885925977,0.4941476926772198,0.49633095280456774,0.49377955555724984,0.4943982414525577,0.49547296685493486,0.4946562757127507,0.4942715521627011,0.4937935862663223,0.49585440221170773,0.4953575706628745,0.4945327299753961,0.4937764643226884,0.4965473650712662,0.4957938229671456,0.4950944749395011,0.4961613005275647,0.49459913575699627,0.4962929655802339,0.4940220896529951,0.495420848513596,0.4954013804504322,0.4955335561815294,0.4951536562218734,0.4957810527013727,0.49573014974897633,0.4956473321647797,0.4957086648871137,0.4952236114182016,0.494897776875175,0.49440207156296606,0.49484850965689614,0.49545613555204876,0.49526705319261405,0.49489452497716846,0.494973035896071,0.49520306119802115,0.49590963998221826,0.49704724326015487,0.4937784871333016,0.4947740041115977,0.49604120132060847,0.4953941440716799,0.4940309291024903,0.4945958840382895,0.49427287416075766,0.49540394659096226,0.4950864100291768,0.4940273952298361,0.4958377950199846,0.49453773395387707,0.4961626599714217,0.4947623482152857,0.49445378778319965,0.49508750706385435,0.4942721601850335,0.4945154323283589,0.4941508402156848,0.49464379570981165,0.495339105391554,0.4958983189640368,0.49514549279872866,0.49452672789739976,0.49471895657576603,0.494900639250134,0.4951272915147255,0.4961702493694937,0.4947065899295648,0.49414717952341786,0.4948324984595342,0.49679243952779273,0.49365101382934967,0.49490941661229865,0.4952076308217437,0.4950236960044568,0.4941471332288928,0.49502436260612814,0.4956497656260703,0.4951557299468447,0.4959665566975301,0.49451746125948093,0.4944601937915526,0.49565645901015953,0.4943852362139817
6.5,0.48615831615892746,0.48622427262195966,0.49090270791950474,0.49293307625356836,0.4933987036999558,0.49278159684516026,0.4941128076554848,0.49476148863426866,0.49320145432750867,0.4937935240370446,0.4954839956486969,0.4924205263449123,0.49427279709160915,0.49376300263183887,0.4939766654607909,0.4940996243599193,0.4956540510698255,0.4937408201690849,0.49474173257836257,0.49491541589037513,0.4941075443465686,0.49457761589920274,0.4958043205501938,0.49523251843597055,0.4954896732994046,0.493958948038086,0.4945983728787679,0.4948661004544966,0.4948564791210476,0.49422272688834207,0.49256518571133956,0.4948385640013163,0.4955548337430904,0.4942958532390089,0.4944806904222099,0.49494814504937523,0.4937319274195886,0.49481310152875446,0.49411516637935105,0.494449794029256,0.4960615381211487,0.49474508384468757,0.4932380414420247,0.4951040997881322,0.49237497897545157,0.49301354795822905,0.49511429088108627,0.4949469914624934,0.4944732808201114,0.4942486248335439,0.4952696069969723,0.49390515255129025,0.4955442196986575,0.4937797149812615,0.49428855126176613,0.494620499192596,0.4959144837865007,0.49592017837559205,0.494996416926418,0.49475161637391735,0.4946353719524961,0.4953516816301798,0.49514508807587343,0.49461058422589,0.49498888653265716,0.49469685085803494,0.4946391776661361,0.4940622400214053,0.4945913419529904,0.4953677976892384,0.4938207572817607,0.4941257653385504,0.49631516995182506,0.4948999442880507,0.4951745783755188,0.49483830075300345,0.4940785883622181,0.49145596682996623,0.4950288516462644,0.49414912096909885,0.4938763456904651,0.4931207278721872,0.4937219153222774,0.4950236880203083,0.49366630968959013,0.4945776389207634,0.49474871177852126,0.4947369787177974,0.4952523936008401,0.4950167972449866,0.49516723743989577,0.4950289774746773,0.49464240218029537,0.4948858954839009,0.4949258326734335,0.4945067329726682,0.49471902325581124,0.4953560290325236,0.4957669589388947,0.4946946477209242,0.49475801029367744,0.49333122422225406,0.494155594884385,0.4952635685431464,0.49501867440299896,0.49415431229394374,0.4952768704926667,0.49313550228653397,0.494153918405281,0.49426171963706983,0.49489906607769935,0.4939735962868632,0.49297667071170537,0.49403252611374654,0.493898332541293,0.49476684011054706,0.49471113235253256,0.49452428621153954,0.4934151588772255,0.4957746229779375,0.49365435778222794,0.4933829588038668,0.49370158398999336,0.4938836409059509,0.494513598724742,0.4937609222509075,0.49415009149273303,0.4949756417822547,0.4937190499426213,0.49446371830340446,0.49531750066249747,0.49571791647707114,0.4945900373952013,0.49546445113302195,0.49376763938524787,0.49427534623624086,0.494656564753055,0.4957223638691781,0.4947728134961986,0.49540473496687776,0.49565853608986404,0.4945811130184092,0.49579376685885806,0.49514934678483846,0.49472504122374905,0.4929556521388754,0.4950207447616141,0.4951641404420721,0.49428162734836945,0.4944138925377257,0.4950326230218127,0.49496954296089685,0.4945156767658887,0.49401179470171563,0.49464041417805416,0.49521985619672554,0.4936333978015122,0.49616806540011527,0.4950314739268305,0.4957902142955133,0.4949654144978621,0.49495160409967953,0.49351800413095476,0.49376613020892424,0.4949696195655596,0.4943947556525363,0.4946395824495797,0.49463463198337565,0.4934528684882097,0.49396022838888326,0.494705761066242,0.49364853234824707,0.4950850582127122,0.49426057026465625,0.49502503899821865,0.49484223394356197,0.49409206801903,0.4952722302466816,0.4945892018580066,0.4942616939333693,0.49482496278202387,0.49428383363353223,0.49458391701232585,0.4943839528261978,0.49541268286662477,0.49550554064960234,0.4935277759919895,0.4938329409411605,0.49527180187274594,0.4935878161898958,0.49513762196366384,0.4952845235392837,0.4945459306028417,0.4943264178114015,0.49565509143345177,0.4951577982176815,0.49564851255655157,0.4958387996638402,0.49477743742602937,0.4931482587888264
6.6,0.4827670915437272,0.4855089443846595,0.48978120467437375,0.49270315069493864,0.4930684133910391,0.492887469926968,0.49333369133343974,0.4931418462092361,0.49518115398152607,0.4942573581465694,0.4940918429057913,0.49435980772784505,0.4944878337929387,0.4945367132722264,0.4946507968301899,0.4931518214695909,0.49470167747940114,0.4937970940850712,0.49370222379438405,0.4951448789036291,0.4952769334992522,0.4936972091894455,0.4931888390251177,0.49446950961098896,0.4938055370420903,0.4938491933031785,0.49445713438021316,0.49445013329515736,0.4942312024240928,0.49452761841323895,0.4926181381157646,0.4951740473300009,0.49524607823601385,0.49452448769704355,0.49347482064240034,0.493714977608562,0.4952517448573537,0.4937005511085032,0.49293983058767926,0.4931062816093986,0.4934562273692055,0.4934295129398374,0.49429972356936813,0.4936251020539573,0.4943115208120271,0.4927431068580265,0.49442929070239205,0.4936151217768369,0.4938724954703677,0.4942666887663831,0.49295783756710665,0.49382779621201145,0.4935827084256306,0.493088274395674,0.49402224312869564,0.49442305632867867,0.4927413489381854,0.49520497746725956,0.49401949377278304,0.4931616736917473,0.4946584991450838,0.4935007786770276,0.495161835734192,0.4944065935330715,0.4923304660085888,0.4943627048153314,0.4942823292869131,0.49440341657922066,0.4947681133139782,0.4940125972441093,0.49561810718458743,0.49451946616086356,0.4939212744026709,0.4936517943445012,0.4940365747983938,0.4925473167480773,0.49521500899244414,0.49377211716516256,0.4940235661024741,0.4951407115651256,0.4929728306122709,0.4943307463012691,0.49338504343234624,0.4931388541630298,0.494601561073039,0.49426725545196243,0.4941434491852421,0.4947577995023001,0.493621505271222,0.4941596259696518,0.4932016034489294,0.4954313002952562,0.4927656959721205,0.4942923223139617,0.4939353065647812,0.4934117402988505,0.49377070286743063,0.4925394277489453,0.4945167556955131,0.49414910386257227,0.49438032477614713,0.49422185620829734,0.4944587488409922,0.4937290324573065,0.4941020975657928,0.4927740294958618,0.4935821845466384,0.49413264339534624,0.4937103116126625,0.49437947756003314,0.4937636499178714,0.4943329087369913,0.49340238833634514,0.4950432888730256,0.4939710661220525,0.49617359627460117,0.49427107097383394,0.49382798206003453,0.49474267479392564,0.49384113754320663,0.49445324239114286,0.49479815502167673,0.4944692054779485,0.49304647527930334,0.49540592309440906,0.49300844186685455,0.4946582724516995,0.49272249934560447,0.4941585079059042,0.4937133241623811,0.49318800036465477,0.49408335140129306,0.4929131796660771,0.49272412046399205,0.4944835764558392,0.4943695806971729,0.4933363533907394,0.4946507685757566,0.493042491942345,0.4939115064193244,0.49290831881162395,0.4942110409223363,0.4947167984040586,0.4957909720922925,0.49301535387002454,0.4951600694979998,0.49339507665463606,0.49502960053448064,0.4958275319309554,0.49296465829601754,0.494409523638808,0.4947072274125022,0.4941551862452872,0.4939161040629178,0.4940178839596301,0.4957918462303278,0.4947163473218619,0.49390494482891273,0.4933968855246562,0.49439963511996515,0.4944020564620721,0.4935221177782618,0.49378773834473616,0.49371947640261105,0.4947587200687715,0.4950106387191793,0.4937178583207735,0.4935269269513013,0.4947659469237154,0.4955769460162225,0.4926583311378147,0.49490187606296343,0.4929216129415333,0.49457742682375155,0.49326687482419146,0.49488358304488317,0.4948464014930815,0.494084904826159,0.49308651805222015,0.4949097686508682,0.49440130104090874,0.4961892556951259,0.4935789645551271,0.4957873156001086,0.4938393820702869,0.49516327635838836,0.4930147662947385,0.49528421446879095,0.49396270612462306,0.49289455563356865,0.4946396862840329,0.4940317730100229,0.4946380816110678,0.4938365977141928,0.49209432972156203,0.4924510578128649,0.49242786498805446,0.4945194107402993,0.49514333690130974,0.49322878789359664
6.7,0.48508284886965225,0.48547335136637904,0.4885301736744837,0.49002253186509637,0.4937177633277844,0.493365095103637,0.49334319008531746,0.4937554918452087,0.49359974754938274,0.4939258243593373,0.4920815740615733,0.4942841966573477,0.4934260666276735,0.4943049219270471,0.4934853876764464,0.4941760461448557,0.4918665421077857,0.49449619598588473,0.49333501957356574,0.49413547698209626,0.4927633249929798,0.4943425469574066,0.49333197510588606,0.49397731025404407,0.49267284780417375,0.49331706667105074,0.49231233791147117,0.4938811202890475,0.49275182460572065,0.49284131612263454,0.49376078462447914,0.4956458674413536,0.4931157274899302,0.4948454969220186,0.49303345361136885,0.49271173580231464,0.49388610305829905,0.49332792823702537,0.4932137609962814,0.49488752689583443,0.49567281164503607,0.4929226912009125,0.4950097173308824,0.4932710710837002,0.49349784694994486,0.4926095886472323,0.49441380628435316,0.49388994720200285,0.4929637446241924,0.4930241400176904,0.4942186706808717,0.4936304954911591,0.49377219655451254,0.4945488603219906,0.49288952168370587,0.494022737302846,0.4933820028953789,0.4936360033670212,0.4934034731299273,0.49240570819671503,0.49402714476345805,0.4934800908510487,0.4919740854250479,0.49224608347179,0.49375140342477186,0.49470432639807504,0.49215381704922073,0.49299038203991313,0.4939127315402448,0.49417320317758284,0.4929597861631891,0.4950814842884878,0.49292518981971356,0.49257033725283966,0.4923998296237816,0.4937388143474003,0.4937863724018699,0.4919424529741887,0.49493841526475285,0.4929744508888708,0.49313332953042804,0.4939969356138419,0.49289433503129454,0.49471151696824084,0.49332427421744746,0.4929232772095461,0.49251360776933184,0.4920269782957537,0.4944558169513464,0.49286893921723957,0.4927280423259311,0.4940126458930014,0.493391639020343,0.49352843409897507,0.4947989013420791,0.49274097686164636,0.49289011936741456,0.49377141762342486,0.4920879286561889,0.49226926551500205,0.49361858040175094,0.4943981823288844,0.49288034790644286,0.49458499100785447,0.4939027102719139,0.4932173507386698,0.49233255007562154,0.49290387952095804,0.49300552126472275,0.49363032721987,0.49344748260982996,0.49396649826871797,0.49404179910022067,0.49186882748316413,0.4922049416810879,0.49202266522647947,0.4935113560835008,0.4923300718376348,0.4944807225429721,0.4914238028440924,0.49410882788110844,0.4931571054770351,0.49205755956859165,0.49472861446363936,0.4923184074925234,0.4930211512483425,0.4933997725650609,0.4942541006640048,0.49616370978160945,0.49445518104214936,0.49358904544250837,0.4934067987532504,0.49437913862177485,0.49178690140482506,0.49284755197615904,0.49397278158570473,0.4927805044767385,0.4936439936435808,0.4936471798462596,0.49589787067855357,0.49364859645174786,0.4934004920958223,0.49358673913175716,0.49233566839173604,0.4937849742715082,0.4929425821454763,0.4921691949480021,0.49464502084183076,0.4937261924755331,0.49421313145966167,0.4927103347634899,0.49177446636514593,0.4940145776873703,0.4940102208413356,0.49504067159686727,0.4942811208700639,0.49313964739001903,0.4940415475288199,0.49284912967125705,0.49466066527677943,0.4940286223926945,0.4931573070817349,0.49121136899958173,0.4945705298206222,0.494529352540375,0.49302598176718515,0.4935832991210165,0.4943442354967094,0.49471636335714453,0.4940112077320403,0.4941521066423759,0.49421998236148795,0.4946352749320948,0.49370692714897024,0.4929035884008942,0.4925379486341535,0.4934546306452486,0.4922200031150653,0.4940865529463301,0.4930197138016481,0.4922193444320722,0.4920363861250168,0.49301921273975874,0.4940260841455862,0.49297230853630986,0.4946366039410153,0.4920443938687859,0.4938958161687645,0.49351258647264423,0.49464050545157756,0.49241608716831553,0.4925245862074021,0.4932134956350379,0.4933852506732177,0.4925988961622294,0.4909043722762923,0.4942124575640163,0.4922729555186806,0.493902842469896,0.4939671856315823
6.8,0.48403105028767884,0.48536991601556406,0.48985120865934917,0.4897388558041037,0.4907281224257819,0.49188671506800563,0.4912572507291079,0.49298255834857246,0.49241256477894413,0.49193709541602537,0.4937824079079639,0.49040211328818106,0.49248373507119225,0.4932102112005082,0.4897968108646205,0.4935101540994941,0.4935751192296742,0.49211231203527184,0.4932554113240603,0.4941708788997021,0.4926002078081664,0.49321805143067826,0.49245636765498263,0.49415201514601415,0.49314832830786065,0.4926859022173759,0.4946120420730324,0.4918449807307477,0.492878577489233,0.4933972035633446,0.49399222992424535,0.49471493325212634,0.49362947656172795,0.49221720330712576,0.49352557266117075,0.492762595251491,0.4924486189790607,0.4918493381104952,0.4934372556209078,0.492718481155965,0.493022069226723,0.49238289175512484,0.49365378871815097,0.49276266666593604,0.4932123438421171,0.49188688569959516,0.49384663445510735,0.49224040330562124,0.49176663247987407,0.49329659223805805,0.4927577537382076,0.4909023454409981,0.4933438091888113,0.4930077929528093,0.4927462248813676,0.49475097369605087,0.4926481550987887,0.49249406829336284,0.493769528676133,0.49294119235411354,0.4943576353509359,0.49436469986397297,0.4931573846162939,0.49383383983304646,0.4937773155787554,0.4930492006670615,0.4926601223475345,0.4937091719813711,0.4917829592553003,0.4928891855214985,0.49230895309216766,0.49171281037956505,0.4912686314491826,0.4932757118572814,0.49417124600331847,0.49265630544718586,0.4934393194388208,0.49242513400998783,0.49277168759184153,0.49305878849698104,0.49227703662473465,0.492949726669748,0.491302859697778,0.4922151592278837,0.49240999892519716,0.4930152330399441,0.4934891653166164,0.4948880963742055,0.4936932577457057,0.49405633555832873,0.4917052401131382,0.4925894089376303,0.49509741167319093,0.4928788030260792,0.49413031613900493,0.4936665158648199,0.4920632422798057,0.491737973406433,0.49436165087882045,0.4931226030118231,0.4919138193294582,0.4916859717458672,0.49426377855984516,0.49347540462881256,0.49205314749942136,0.4913036984900731,0.49214130271161705,0.4933850470395152,0.493375833719403,0.4933925247012098,0.49347714346518706,0.4927037724961639,0.4937739757056414,0.49332257513698496,0.4928794856363203,0.49165264334852915,0.49376603369720146,0.49370246640105164,0.4928380312456549,0.4934463133436754,0.49364102359428874,0.49202841521610974,0.4934460054266783,0.49170352851924276,0.4912344859767628,0.4913439958098326,0.4929034243674766,0.49053511361783636,0.4938473031771504,0.49358041722869805,0.49282596979289406,0.49390522994816866,0.49165683590782316,0.49261432762639074,0.4926078009899851,0.49421088715705336,0.4931427772539296,0.49277061633736974,0.49188417148907393,0.4915374728681797,0.49284228904508454,0.49252267570387487,0.49333079377720246,0.49363634529220585,0.49259197399337185,0.4935003476971749,0.4923920232168567,0.4922667344025605,0.4919729533147298,0.4940291603930983,0.49204047283733876,0.4943960601975973,0.4917739454616388,0.49266207209803803,0.49290415781763786,0.4927661455894022,0.4931339082780142,0.4930929715480052,0.4922728941077451,0.49238793042042844,0.49222108065239295,0.492760766807189,0.4923955716990117,0.49295470709625294,0.49389389675054757,0.4925852369966365,0.4935338204635162,0.49334552666638865,0.4938454755429463,0.49226960029693934,0.4935839529297053,0.49177020257452625,0.49280838498181795,0.4935602205062542,0.4919078239470857,0.49117896024911295,0.4903622668809736,0.4926989868352035,0.49370741904108983,0.4914193497492086,0.4931491844277548,0.4907815273118377,0.4917774931844608,0.49370958943464294,0.4917837302123135,0.49396521086476486,0.4940235389380663,0.49201787852736056,0.4926708321411771,0.4925274012552745,0.4938903230945618,0.4923825692848402,0.4921532101925192,0.492817653300713,0.4922748567884586,0.4939055515616564,0.4933389879088361,0.4927778612523258,0.4944107426747001,0.493572505043791
6.9,0.484757150351348,0.4859990169807119,0.48729105819391727,0.49186557725149627,0.49248966289127716,0.4921844632520019,0.49328235753051947,0.49257664728597095,0.4926046513874673,0.49140556034819427,0.4919822532947948,0.49318774946440325,0.49170771425251447,0.49365735858577237,0.4911895363434433,0.4927037081067396,0.49078308970131207,0.49193168297416756,0.4915180487668007,0.49119498745065543,0.4935029241856258,0.4923153575144604,0.4930303456624653,0.49330654690755205,0.4920881241196521,0.4927083241576896,0.4932224271105749,0.4927141314328888,0.4918487408725451,0.49047311227716284,0.49086314013618626,0.490271793464889,0.49043524154645657,0.4907618719263792,0.49225303258386527,0.49050240094435993,0.4926195383042156,0.4931288754142324,0.49301864796400957,0.49275515315938634,0.4924349510513615,0.49385806957696093,0.4923572451521647,0.4931126217432005,0.4926806107870301,0.492394200266306,0.4935115783755392,0.49248715143831157,0.49219261315406193,0.4928967869248066,0.49350260826318626,0.4933657087465757,0.49226709465711666,0.49117205043745576,0.4933854601805347,0.49240887965449204,0.49195090070076414,0.4924718202510525,0.49353685966461674,0.49219789106081563,0.4915143567043855,0.49185402773443276,0.4937427289042847,0.4930870087720874,0.49181301953734674,0.49187514557539225,0.49409738865198977,0.49213477204166595,0.4927873993376811,0.4911895351487892,0.49176394083101915,0.4922519238039459,0.49350670847506,0.4928479144912205,0.49324598652814217,0.49267501752901754,0.49495527034061154,0.4929510888025057,0.49315262009330324,0.49041037672784776,0.49305490876737523,0.4924668759770315,0.4939064230033009,0.49221166135147904,0.4910333276720243,0.49196308951036616,0.49222932251290497,0.49201903399847957,0.49351544068596176,0.49307953461237575,0.4927772119672403,0.4922648221344405,0.49302511588171904,0.4909702463165631,0.49228010081577406,0.4925961279724835,0.4915717765549101,0.4917130682649969,0.49235786445688956,0.49427555729702916,0.49085416701265916,0.49290106679608053,0.4907828763693788,0.4912208808252096,0.49314689249654936,0.49192757768176804,0.4916552630708864,0.4923801094959454,0.49345545338235336,0.49221503015014945,0.4920365001306284,0.4932677439615303,0.49318194467233445,0.4921551403251591,0.49115318892948134,0.4931932818283231,0.49201813107623865,0.49209492015751344,0.4919012813310368,0.4934673808250001,0.49423418466574215,0.4931449822320121,0.4913007893029094,0.4907284544617909,0.49166834701407197,0.4932781166549547,0.4915184669088281,0.4918385363606031,0.49128026535650776,0.49135047802839166,0.49109428135814115,0.49191166404185976,0.4929125549480232,0.49278663895134617,0.4927274626921297,0.4923562429983153,0.49296474016161235,0.49246668876602784,0.4901969905092276,0.4930188920989474,0.4928246585823794,0.4926536078498371,0.4925183734333225,0.49126766804783323,0.49332048428144243,0.49207752772810975,0.49473835927994314,0.4924770935302362,0.492778271759594,0.4942138986701156,0.49109955601583277,0.4925313141570494,0.49333513573777166,0.493575397722924,0.4924075810056405,0.4932122704267946,0.49309517140647036,0.4904230446298194,0.49192147861199487,0.49366115635209346,0.49229315251237404,0.49203653411441894,0.49264859944873973,0.4935112165310227,0.49109130122067,0.4910239758178727,0.49196179171674004,0.49232152245854527,0.49327333259650646,0.4921616027990098,0.4935208293487919,0.49288474914899655,0.49140971486858526,0.4919793942850756,0.4923456732286427,0.4910513598859525,0.4906827945774651,0.49113708199878203,0.4913271884564576,0.4907879183385956,0.4925256947061614,0.4919594959571159,0.4911775711629943,0.49258899813971335,0.4920272690937583,0.49378408582659633,0.4932284010354272,0.49139848388323065,0.4912271093184568,0.49271038150452445,0.4927094281163126,0.4921571173271423,0.49364834447089945,0.49359904237649976,0.49375449021176415,0.49146772441276515,0.4922715108962055,0.4927725119753321,0.4928462643968849,0.49363146350470166
7.0,0.4833941332657881,0.4855261337663488,0.4854176698344753,0.4884652304288517,0.4906769990941069,0.4921877627270514,0.4909301546901575,0.49187492437509445,0.4919536081368296,0.49003259632299495,0.4916557632394015,0.49142937448393226,0.4907394701146992,0.49276892929391514,0.49094695774538094,0.490686548359028,0.4917614599578662,0.4907442388912774,0.49374993014206753,0.4913191642869575,0.4908001114642569,0.492226188249458,0.4916995129968474,0.49251395805194603,0.49188635775286554,0.49187690577859033,0.49371210926272907,0.49161055170612755,0.49287557168376445,0.4931041352977146,0.49339608653834904,0.4906670097529298,0.49143329445871947,0.4913322110389572,0.4913689347781457,0.4920623086713455,0.49242940088571,0.49115169278255016,0.49297386864109377,0.49170147575630396,0.4936221156847828,0.4917369088878824,0.4924631881334077,0.49315858573640287,0.4912490352730101,0.49326800094299705,0.4916839563760317,0.49132736640214725,0.49070169323129736,0.49145938884653495,0.48953847882721246,0.49127182089970967,0.49085519437943403,0.49277881476221064,0.49213050977881034,0.49121240126309523,0.49193726929549225,0.4927664791388819,0.4918430041693719,0.49327002369213196,0.4911403113339865,0.49342987907742797,0.493378502689227,0.49102669518548747,0.49318842923600525,0.4914718510921994,0.49175856221177183,0.4933766368348389,0.4914820110830505,0.4922932132958417,0.4912654664744256,0.49269661505349366,0.49162085243519327,0.49332351646204964,0.4902671489616802,0.49144827993713613,0.49115393474706354,0.49333320891697624,0.4919758982051484,0.49312721700693796,0.4936413826981566,0.49183077081774224,0.4911258526977207,0.49129255972890185,0.4947442404686834,0.4917713494147985,0.4916109571117775,0.49111506644837966,0.49239917995368,0.4917789578994159,0.4900249475376188,0.49165271174065917,0.4922644326060712,0.4919114306197734,0.4914951045404893,0.49300523435614285,0.49185277048384707,0.49316085036582646,0.4922517635744992,0.4915315547835172,0.49054101071068806,0.492106135458144,0.4920929028779554,0.49187600760153144,0.4914193653513384,0.491696902388079,0.49061159518250247,0.49061532851243245,0.4917335821522457,0.4930893155349709,0.49364209829492706,0.4901752569107922,0.4913463949060454,0.490779841067921,0.4926545105728793,0.4912449859544834,0.49291814980704196,0.4930402692730833,0.49240302712937883,0.49178769468369615,0.4924189273122759,0.4913897916124386,0.49308337445676875,0.49319199629948957,0.4939163914478492,0.4930830312629558,0.49271001110594337,0.4924678674913471,0.4914395371216361,0.4928290126605089,0.49208071764296657,0.4920881411710286,0.4910362891924423,0.49414785786309046,0.4911662150432022,0.49153002946845087,0.4916529566372955,0.4916637117541485,0.4915328209356898,0.49165460066474076,0.4934053006454948,0.4924546668343205,0.4927770598340118,0.49190730077357225,0.49042351930091926,0.49303944895769375,0.4913356188922594,0.4917905418814244,0.4911090391641634,0.4927196298874922,0.49127854620564193,0.4936518772023,0.4939241144720567,0.4922884577650106,0.4914325695968391,0.4916545391884906,0.4912716589813583,0.49334044846433134,0.4938901514026292,0.49059812711954576,0.4927611653589893,0.4908560131664683,0.49236705081510496,0.4918297723468637,0.49078019605342177,0.4924101089983296,0.4917174051840521,0.49283080010189895,0.4921482616245533,0.49262121470063824,0.4910885765173877,0.49241157361412585,0.49227312272149254,0.4920131112925084,0.4929034487522396,0.48990949689479474,0.4913957732849877,0.49239770900095514,0.4921443252704093,0.49122468922296086,0.4925296036588213,0.4907863968600895,0.4913646730561846,0.49075090028056684,0.49015980573966206,0.49090076510406244,0.4914669970881425,0.49134399495255504,0.49246590121929107,0.49248267467051304,0.4921440100474633,0.4917973348974698,0.4907778808334036,0.4925190395095066,0.4912921784462787,0.4916766863175006,0.49066530944621123,0.4929648727286086,0.4907203549314607,0.4911155753556241
7.1,0.48213453672212025,0.4846659205031073,0.48727119587348383,0.4900169906902442,0.48925767775132517,0.49123832232070314,0.48946904172602396,0.4908022576374205,0.4916689514197259,0.49176845678488423,0.49046787522847596,0.4912205599486395,0.49153024228025927,0.49122180577591085,0.49120686077467485,0.4906139369643453,0.48858147829240695,0.4905294621340585,0.4919133629834954,0.49093418907301384,0.4917165826635728,0.48947970779001393,0.49101149673698485,0.4910278444866478,0.4925381435063481,0.4910927160266377,0.4915776623865085,0.4930583172365046,0.49091848159238277,0.49347488436462533,0.4920131040663686,0.49067604985461305,0.49140166059876944,0.4906107814833333,0.4895635349432243,0.4892580648103706,0.49005959462002596,0.4905270140527456,0.4909893452710689,0.49094444708305207,0.48844234435164147,0.49020973912480975,0.49148198189970066,0.4910786316679949,0.49127355688216745,0.4915161437355318,0.49094717768818485,0.49027736320096055,0.4917575030943213,0.4893173524214304,0.49159293423034434,0.4914316109728505,0.49164113405899984,0.4920016425044651,0.4907594169798649,0.4902211931295261,0.49188518813023796,0.49287579041878266,0.49059852904234985,0.49117903173784544,0.49115778899638657,0.4892470155644492,0.4908061839921664,0.4902222338444137,0.49081902377896836,0.49041594331098404,0.49175662031481726,0.4922047153732502,0.4926467036502846,0.49103434981024713,0.4898704782454303,0.492130071775046,0.4901507241925772,0.4926272402573983,0.489308531553771,0.4899715045010715,0.4913222667127001,0.4922390618237521,0.49156690033566613,0.49205926750621776,0.4913890874365283,0.491150420184682,0.4914881431359283,0.4886357647961947,0.492039461249134,0.49154412111193246,0.4907149262271185,0.4930376114150842,0.49090691576983153,0.49185107793039207,0.4922054919563588,0.4907651172206407,0.4919115324100076,0.49165087179061956,0.49018719584741327,0.4945766172328062,0.4926320443514993,0.4904236669221133,0.4920371250057827,0.49160678294295246,0.49157259951454396,0.49251514411492403,0.4897905693280538,0.490197398305143,0.49235871129744757,0.49104082079394823,0.4905371435896202,0.49245822345829693,0.49193334881817735,0.4927159741585264,0.49016917601119714,0.4923476586198098,0.4913467400550623,0.4897385286685116,0.49256305348424956,0.49110144434012426,0.491260490120358,0.4928207998554764,0.4913420219684748,0.48998801643491097,0.4922153303324547,0.49104894842351576,0.4909075075302567,0.49213858665841986,0.49115902949539825,0.49011659382882944,0.49235966873166603,0.4917893747600453,0.49075638274556566,0.48957015384080815,0.4896194707935824,0.4926625932086051,0.4911623042172339,0.49091459714905505,0.4928418115226032,0.49264122832951157,0.48997336583042744,0.49210057698589266,0.492538696976262,0.48955746448843634,0.49214009988629637,0.4922234168001295,0.4921919937438803,0.4930081561218956,0.4903134013641347,0.4922094676828097,0.48978792430034596,0.49182264081402943,0.4899279753213142,0.49066845699019757,0.4924044136954178,0.49177045836338856,0.49128095405748995,0.49078395576750194,0.49153149444873023,0.49276401126913266,0.49016600885856165,0.49169783033677306,0.49073188272037976,0.4919518756269694,0.49040354525836416,0.4924206790107731,0.49277390538445753,0.49235104890387066,0.4911482483681507,0.4916098963629128,0.4930097120347097,0.49189010019430784,0.4912719995494701,0.4921713968027007,0.4911627555601234,0.4897467990157565,0.49167193363437045,0.4904262285670521,0.4924651387920752,0.4912618362678604,0.49114477754881414,0.49111351300579037,0.491408876605809,0.49080020458234214,0.49078240003397544,0.4918040590045214,0.49022994319743446,0.4913536767417499,0.4920971730355551,0.4897925098135178,0.49029847690408523,0.4908486784674129,0.49017573102354595,0.490415019013102,0.4899336051267063,0.48960970123468184,0.4916552558350537,0.48992229227306844,0.49091138642029464,0.4905481363421077,0.4909162398370439,0.4919024630435424,0.4901016294135852,0.4915195618740749
7.2,0.48339511341791064,0.483131489587902,0.4852881471232657,0.4898349690599686,0.4896712331355439,0.4873263861366398,0.4910660847852665,0.4896116428527419,0.49000394957283094,0.4904716589770096,0.49147849761595774,0.48927106082605726,0.4896971095399075,0.48964304160821426,0.49040796645678375,0.4898721811838153,0.49026652435647605,0.49261962490922623,0.4920599837720367,0.4899213926367967,0.49048854216329174,0.4915408498843666,0.49000206423193354,0.4907188794071305,0.4924550455927581,0.49107033727391797,0.4917345575702083,0.4929262035488502,0.4913981031657475,0.49202353725168935,0.48841075348653556,0.4898510198576688,0.4932254150133306,0.49110564566396736,0.49116220266977095,0.4912034759385691,0.49041084480959607,0.48952328649054333,0.48927804217880577,0.4898258640013094,0.49197651399152414,0.4891853403527214,0.49080802592147005,0.49109270448266,0.4886041794742254,0.4900240909815114,0.4927498582478116,0.4899687407475964,0.4919739877428293,0.4905570927898822,0.4906613420782364,0.4894886495811691,0.49101930465764365,0.4912627212183761,0.4905239450884743,0.48996013700297025,0.49108628985088276,0.4900706444779373,0.4903760512685651,0.490318972279607,0.4906597759648643,0.4905496266758989,0.48967534571402,0.4900846734637381,0.4906687445421991,0.49108830252206753,0.4909446704838237,0.4890230379228678,0.4890645067591978,0.4909195178054665,0.49177807794561745,0.4908920238637127,0.49010452933176946,0.4898325565328537,0.4890470661201356,0.49113516822392744,0.4920342489926851,0.491041882013955,0.4912301039973337,0.49063227699665907,0.4893723015853475,0.48938667374541606,0.48934267371007517,0.4888410738418533,0.4898549527341337,0.49085271237701444,0.4903737982305391,0.4904071642012422,0.4917240023803729,0.49037030602501147,0.4906654080313361,0.48852649620008415,0.49179444132746497,0.489476763322507,0.4892919163264625,0.48995830763892056,0.4903709316635634,0.49208990785346224,0.490058686630673,0.49202637788957304,0.4908501127643275,0.49007342811000093,0.48861360939423737,0.4914011406792735,0.490353601344259,0.48882982210298914,0.49079137836836095,0.49042628067846106,0.4906751458396595,0.48985158174229537,0.490763329609548,0.4886850771732167,0.4896665303898684,0.4900398436339663,0.4899997076804003,0.4920346405273503,0.48950748570329095,0.4906600482069354,0.49187642287758515,0.49140559522566457,0.4924169005166004,0.4922521676374656,0.4892591301162505,0.4922115793463262,0.4891217882006686,0.49147080230031515,0.4901781383814953,0.49169272495267513,0.49153646247350785,0.4923520362593724,0.48985822380478383,0.491593076895283,0.490905724650529,0.49004179379383545,0.4908039731752569,0.4910817485989542,0.4898179865019482,0.49180709732140704,0.4904052377952803,0.4917645945372572,0.49158987413418526,0.48912492332092605,0.4901848141359235,0.4918483253145471,0.4910273119644086,0.4899832879789831,0.4937223421682655,0.4909768407466069,0.48918381424333834,0.4888215937186152,0.49178698879640076,0.49190675248273674,0.49192272081627636,0.4898861511387605,0.4906032501140639,0.49072981532007187,0.49116696405948695,0.49253333601292226,0.491085167869566,0.49120110320017446,0.48881747202574083,0.4906650752470681,0.49067678538548515,0.4900657196215158,0.49110344633154857,0.49009896157648186,0.48913559322974565,0.4919622154363934,0.4919627370686316,0.48914014649333915,0.49110150295526334,0.48937186177716796,0.49129208093635246,0.49180009557856824,0.4887154060591889,0.49116341563724125,0.48949862243512426,0.49117187888481806,0.4918435347391113,0.49068571440376507,0.4910910478330405,0.49114830301152207,0.48877352323616835,0.49257404388101045,0.4893766933909297,0.4891878878999306,0.4909806465491497,0.49054788220977236,0.490116519678317,0.4901673010925078,0.49245487650123443,0.4910543611799102,0.48777558248223163,0.4904152367382928,0.4898642545902759,0.48901288049446806,0.4904727533401872,0.4917821995206106,0.48919217339758386,0.49018629943523456
7.3,0.48023691975205096,0.4823963792754129,0.485920436100235,0.48820731222706193,0.4904569267641114,0.48905464207392774,0.4912751540044129,0.4887228827904927,0.48934292338634183,0.48919079373731567,0.4890530223235863,0.4886821681006595,0.4881728997417313,0.48977007888021584,0.4894876829580771,0.4899553654310873,0.490092755777505,0.489952692197118,0.48909316995207636,0.49021570988791074,0.4895433660940814,0.4894599610270299,0.4899890442192223,0.4902979979590579,0.4906871038536822,0.48919983398629047,0.4894009906459369,0.49066777129488737,0.48812059466957575,0.48961813252903025,0.48979157297086856,0.49108301567990226,0.49057561420600165,0.49162887947776207,0.490367579437731,0.48973447559243616,0.4914953201649154,0.4923513148498106,0.4887703007081667,0.4892524690572822,0.48885337404736295,0.49117775302464,0.490850292078394,0.4902449519277216,0.4909201820120293,0.49051588856781075,0.488718800532174,0.4909942651165218,0.4903757903171276,0.4895022995153595,0.48982031236032325,0.4891795384435995,0.48970912744173595,0.49116925971661984,0.4898491960039903,0.4916983170719248,0.4890353652953687,0.48998133366384355,0.4899097149517836,0.49054320619736574,0.48796903806377084,0.48851195664101266,0.48972473627367213,0.4894135152496276,0.49277391373409285,0.49214189183757157,0.4893944230429966,0.4908403896212689,0.49128461916628124,0.49057630795080165,0.4907472121798816,0.49028060946991386,0.4892863460013907,0.48979372268266425,0.4900001445801065,0.490123254904223,0.490942862050198,0.4912848991961893,0.49054687237850664,0.4901208370892499,0.4909965375069479,0.48979329380030273,0.489238139759718,0.48929553403601017,0.4883348176687807,0.49003231938405367,0.4907860882046204,0.49040888711844616,0.4889366076244648,0.4884491427955521,0.4904145910561242,0.49029451437737764,0.48974087363696217,0.49028005391978735,0.4912969364337274,0.4901807984482584,0.48808580173152705,0.48746518873356265,0.49018549123118205,0.49019113551095433,0.4887206517561474,0.48962682365425086,0.49004585119940447,0.488013017921472,0.49098234730177626,0.48778460159109677,0.4897788408262714,0.4888137923395099,0.49001508184582543,0.48973916417756636,0.4880868419384404,0.49100017796042716,0.49160786468855516,0.48949405569746507,0.4915391275176037,0.48859390799124597,0.48844790919479764,0.4895967310190233,0.48985508668290184,0.4897725766335959,0.4909033037260663,0.490187040323537,0.488474543052656,0.4907929875901139,0.490229730905468,0.49022114005496276,0.49116148815995636,0.48820356438017937,0.4897379933299658,0.49091645482202084,0.49043932946364877,0.4916691733291359,0.4902934774526451,0.49108038502841045,0.4899251442948409,0.4888796440816402,0.49091186191292796,0.49133652379782805,0.48860539777368134,0.48783674874271205,0.49029761666377897,0.49048691652727905,0.49158887738782847,0.489315775066264,0.48987737107529944,0.48916898123394414,0.4899268387295359,0.4887834237875471,0.48913405549371125,0.4876547640000782,0.4893179143020568,0.488588198188881,0.4882410924832444,0.48968488529461013,0.4901345025362843,0.48968431564505155,0.49098161707403576,0.48894335167963715,0.48955581098145673,0.49017390532338007,0.4894208455878423,0.49042096389654366,0.48905216318763706,0.49023529508440783,0.49151077800216,0.4901288949576049,0.4904793238488643,0.4888940781775021,0.4892101169539595,0.488706687521134,0.4896152954074245,0.48899782407510767,0.4915225728265454,0.4891903249917816,0.48926234560766513,0.48968372917217834,0.48956580541442846,0.48968446133257615,0.49153254485168574,0.4907127137510777,0.48911050223462166,0.491352467428531,0.4898705663822294,0.48767073348679335,0.4891713164539378,0.4879507495599404,0.4896658004359538,0.48950146499060304,0.4915855189828942,0.4891842466213788,0.49011293577605386,0.4885844562452799,0.4896723503155946,0.489615359835269,0.4890017837412728,0.48747699627597874,0.4904672389337575,0.48998632510182705,0.4893914312829739,0.48858781058239403
7.4,0.478301172737195,0.4803672997745711,0.48375753945173605,0.4866452411898691,0.4883677090559651,0.48721269216719876,0.4906003378199228,0.488647582125031,0.48949217506489184,0.48917126585304693,0.4871778670991664,0.48746046884896727,0.48958929101310017,0.489599145110541,0.4883483167307034,0.48995986103629674,0.48747524591930846,0.49078803962534917,0.48745853008596945,0.4888355604922572,0.4903940040184778,0.4898794928155929,0.488204234046928,0.4879918024778646,0.4900221028788525,0.48769982950108104,0.48921796484201546,0.48905458773554233,0.488057219638231,0.48802219732255314,0.4893917855123323,0.4885640158100055,0.48854776438420644,0.48894809908159315,0.4875800293281151,0.49160121385863315,0.4899388903437209,0.4882505331097303,0.491395957618101,0.48912063043303394,0.4867444984622428,0.49082850316343085,0.4874207282297644,0.4896429319362245,0.48953264418054265,0.48912539888873446,0.4879302180243777,0.4889523977828289,0.490298534633329,0.4900446521619901,0.489667197857116,0.48831473594305264,0.4883113454336695,0.49012031172004605,0.48833560219669897,0.489574043266735,0.4885546281188875,0.48828814895227896,0.4883682628366169,0.48876040210556865,0.488022668672132,0.4894261339153332,0.4878383453271405,0.4900137956289048,0.48549337900904466,0.48965891049183585,0.4899304577596427,0.48807245716876757,0.49052146794897145,0.4894196551832554,0.4901918204283663,0.4909170045661569,0.48975199742616815,0.4877794550339888,0.48765618818651674,0.4901752925326677,0.48889329327047637,0.48674046060742127,0.4883254614384872,0.4882742127862538,0.4875344505706099,0.48968621280315944,0.49092387083297645,0.49011747067048356,0.4890550222710071,0.4887045440929427,0.4901089801611392,0.48663155631579114,0.49034921114376834,0.4904108258110878,0.4882196309036834,0.48748186467675747,0.4887674051387939,0.48651041170726145,0.48795197532167517,0.49034133896995274,0.4876012226773949,0.4902465863670706,0.48864030374609835,0.48873118618301314,0.4874718663438245,0.4873027874740234,0.4897860157495346,0.4888228806941816,0.49162378254051814,0.4885261661594322,0.4883299622350166,0.4882771848905375,0.489206104770677,0.48906884040940074,0.48936462728772656,0.4881176984501056,0.4871499602071758,0.4890728563125614,0.4882047885926867,0.4917103894709628,0.4892182690225933,0.4876992572631042,0.4882808925687223,0.48833682633209907,0.4884504673783265,0.48975225935239675,0.49130644566408566,0.4862477887056717,0.48900108348687055,0.48736336663743307,0.4887685167159997,0.4870776161254548,0.4850489399886124,0.48968053744616435,0.48937809484103695,0.48956420295384045,0.4867698521708371,0.4875468236955993,0.48962824683128636,0.4890718928816595,0.48999380802766174,0.48939463918484183,0.4890744624754046,0.48870203626261643,0.48842470301097674,0.48913278523624737,0.48853779104505546,0.48772233303880314,0.4916188342050279,0.4918943385879471,0.4873704968447889,0.48829940008633155,0.49067598901556897,0.4882652956051055,0.48863622511127236,0.4877894209784857,0.4894760208568474,0.48734556391943334,0.4880865528255005,0.48961641411647766,0.48957402820517626,0.48925726619515547,0.49003933470271116,0.4872964002194917,0.4891963967623485,0.4891856273745365,0.49065181828025156,0.49010151886374503,0.4873424021602127,0.4887500227374516,0.4871220586814042,0.4882751795719953,0.4882425936118576,0.4896801113729908,0.4889587762232472,0.4875375947550303,0.48892904492534456,0.48838564430086484,0.48976972622772824,0.4884003228539626,0.4903611032333242,0.48998410967121986,0.49091323966823996,0.4890011821133358,0.48802972939942313,0.4893645134088251,0.4884689198293294,0.4887148108283011,0.48960964875040247,0.48948604775401455,0.49041310208120803,0.48913303728971985,0.490667773183566,0.4862613901181387,0.4885728328063885,0.48962118246835884,0.48802730035435254,0.4889313093730879,0.487486125309921,0.4874159809428678,0.489240337891691,0.48820298467602624,0.4877040389053289,0.4888247830322902
7.5,0.4794843797029105,0.48166553923094646,0.4823696071277175,0.4884426141332533,0.4873345771454867,0.4884552836485303,0.48863182096360736,0.4873028540983019,0.48695258359751215,0.4902759887146977,0.4873753605667884,0.4872002941870097,0.48708244780272003,0.4870893169652147,0.487187662122971,0.48789364121824014,0.4890627387702335,0.48731222072068586,0.4898751884080732,0.4883114763207484,0.4879779789604429,0.4888726312188331,0.48740085684303375,0.4885028985125405,0.4879464830291571,0.4876316377776213,0.4873213691874517,0.48709801545046355,0.489249615598512,0.49085126425247416,0.4873100981187975,0.48759411543245645,0.48790946962295967,0.4867023877245403,0.48900102430743575,0.4885912967305083,0.48788190060749625,0.4870868009786655,0.4889337778810651,0.4865773224421903,0.4874809356801252,0.48813939287190594,0.4864690271986456,0.4883742537066292,0.48752538241446486,0.48920952544682184,0.487570406453856,0.49050411554379325,0.4897276415533885,0.4894265626863118,0.48953038001588534,0.4884699399119379,0.488219545108991,0.489422312696634,0.48704165256775694,0.4890396625445671,0.4878874732136307,0.48977341953618847,0.48884531993761354,0.4891157923502049,0.4881251253630809,0.4881945620118815,0.4897909215152729,0.4877535068715149,0.48828539926055126,0.48902761889087226,0.4889969724402753,0.4885901029698627,0.48839140497035227,0.48785339794054133,0.48819599640290884,0.4870542552215273,0.4880124884733548,0.4882199784726879,0.4867098539424526,0.48675664736909097,0.4886153246938016,0.4880969933903854,0.4890584287120045,0.4865633275726354,0.4870456593191265,0.4881848203833688,0.48433077367389005,0.48865669284117697,0.4881550661070475,0.4892529278538524,0.4866279597093809,0.4881829173986259,0.4876842205208733,0.48823895091597497,0.48642536152380317,0.4883316321580391,0.4879216368978126,0.4894885264824168,0.48879481589249735,0.48953990012439963,0.48916693984412557,0.4891975357228329,0.4890300529061461,0.48776582357311565,0.48773045650175684,0.48804409177940256,0.48894527226454554,0.48688131357265,0.4887650847586862,0.48919413121405864,0.48644791781989416,0.4878981142821205,0.4887373763744318,0.48762121432492284,0.488803366121533,0.4873012398167818,0.48771173056484507,0.48731998432088747,0.48796150152727213,0.4869841317050651,0.48904332095143843,0.4869530986516315,0.4878919566188096,0.48688841367852004,0.48844628132296786,0.4898543474392589,0.48680704940260616,0.49017299928885755,0.48918032956487617,0.4866491493597534,0.4883242932463758,0.48809103164647677,0.4879577399494794,0.48889993008354066,0.4898684225034971,0.48869999908537903,0.4860432519309115,0.48815794949904906,0.4880967676772425,0.48893733237809334,0.48778347729696875,0.4901035924232947,0.4878013684741652,0.48948973612774355,0.48819153694524564,0.4879050349615805,0.48731351529144507,0.48676509747174085,0.48801479277688853,0.4882239505947601,0.4883365399589511,0.48815315429676787,0.4875438463429459,0.4866709651108288,0.4894196980114494,0.48826437478621826,0.4912879720958524,0.4910945265815727,0.4891261066654214,0.4877291302595778,0.48651400947656537,0.4874889116079484,0.48730802901205406,0.4897929138759071,0.49018400471087364,0.4876004205421424,0.48807812105812665,0.48685266326103743,0.4880304859468724,0.4870413503564696,0.48740253878209805,0.4901026544789537,0.4901609354497462,0.48819943358489837,0.4882756865656732,0.4883852340428538,0.48832137013692406,0.48899125054966647,0.49048977087002343,0.48857488389300974,0.48792412702190585,0.48607271104844346,0.48741742229804863,0.48875048808083005,0.48682354271018574,0.4883342861477538,0.487602625174447,0.48778341157471466,0.48595664540163874,0.4882009637621298,0.4882087914698657,0.4850652662496592,0.487646079193736,0.48766700160821064,0.4877787074600824,0.4875238747741569,0.4887518470570969,0.48771997334843226,0.4892991894142335,0.48710652652712433,0.48645244838372587,0.4895992615705012,0.48761789946564066,0.4869897318997735
7.6,0.4785712614442386,0.4797364533591521,0.48254745829666473,0.4857741058676871,0.4854660566064634,0.48738163302570475,0.4882294693161065,0.4844498945787021,0.4868659480034914,0.4875368511605576,0.48768645735848637,0.48860574747284896,0.48657938051395283,0.48660391635342815,0.48741264701734704,0.4855637177298304,0.4859089955174336,0.4868400278681836,0.4900937782132281,0.4895117428711754,0.48623054375297126,0.4881410853494901,0.4871101456987332,0.48757253720558047,0.48753648107184716,0.4878631630193494,0.4885524307257723,0.48681951518118427,0.4873451861035622,0.4871950896960465,0.48606087045150914,0.4886741976025875,0.4874360872585234,0.49032751942764513,0.4892499600424473,0.4879448413502173,0.4879957164780749,0.4898868836488234,0.4875333298489401,0.486964538852152,0.48781030058445757,0.48889282204317164,0.4876552752648636,0.48777573255841794,0.48778053895256807,0.4887624409018348,0.4884964953123248,0.48541558156194586,0.4878880806976786,0.4890226144280392,0.48626262292549965,0.48890948226436004,0.4896892077593314,0.4861542984582798,0.48948151329538914,0.4892961215730114,0.48702828627403727,0.488917183678004,0.48726858644462945,0.4887174070859191,0.48741369375688576,0.48731895829292976,0.4860886875258458,0.48805578604374467,0.4878533994341776,0.48656532158008514,0.4862847794080989,0.487363812976984,0.48871000880263277,0.48709371676305363,0.48775579518062345,0.4881445285090598,0.4863144981113912,0.4872292958381657,0.48726527034178113,0.4880115172317606,0.4882758698972128,0.4859614295553073,0.48498964560982927,0.4902652271269646,0.488703860584731,0.48771614043651107,0.48758363360917945,0.4887048478413021,0.4882034351693427,0.48761919532431663,0.4877595996626735,0.4883706436056035,0.4876096830731209,0.48434039618625707,0.4862066588140732,0.48746464276737506,0.48402709780127046,0.48716186116004007,0.4872970504169284,0.48837319843931126,0.48807920601805754,0.48975053847726896,0.48740754047772344,0.48784942577772067,0.4868609664954442,0.48743034347615694,0.48905180434659545,0.4898056914549384,0.4886941607651826,0.4884362263879495,0.48880195805016874,0.48685536844099503,0.48862982601093213,0.4862588420591451,0.4866926146884574,0.4902925423526502,0.48657055771627455,0.48565556288631684,0.4858324742179345,0.48650292320975635,0.48452139294319807,0.4883495840811537,0.48715768113378816,0.48700064700448553,0.486076579459993,0.48614335412388554,0.48895866065753424,0.4879093509956271,0.4881994056554972,0.4865682303209937,0.4860219762115551,0.4864338131577539,0.4894551011259198,0.4891128111617677,0.4882935643566452,0.48903769139554637,0.48542849202100397,0.48774301371617795,0.4876547840282219,0.4884552625106875,0.488827894989427,0.4886395695301676,0.4874266013307246,0.4868018439834306,0.4870703020594172,0.488824516977059,0.4854133921922426,0.48797858076477124,0.4873062912359209,0.4891863739536762,0.4871864572713978,0.48809208327523484,0.48541905408689273,0.48679252489001285,0.4897994885807995,0.48638565668673417,0.48936490517678105,0.4866865026565838,0.4856682896977566,0.490305317769297,0.4886864256386225,0.4876112355780879,0.48645228300614457,0.4885876158102795,0.4882167530349066,0.48729940176964737,0.4883277359199128,0.4904107471463746,0.4873086685417388,0.4852288727674347,0.48637620039456214,0.48651531444601853,0.48730105468557144,0.487978367279683,0.48829468324643827,0.4874815741996789,0.48669954438916774,0.4857836933380903,0.48697657885447126,0.48804969621182137,0.4870712871272636,0.4854456266269454,0.4884653968835831,0.4887675703778649,0.4881303240139969,0.48680659725779585,0.48992111100388863,0.4851806411660885,0.48895683804686374,0.4891291504957401,0.489126651206878,0.48884211036875314,0.4896188935750243,0.4867691820600028,0.4875413914824081,0.48488096358076616,0.4857241545047748,0.4862274027345331,0.48516651490140056,0.48637899467543055,0.48833832508176755,0.4886230701478121,0.48548007111230834,0.4881586247567325
7.7,0.47883517134293585,0.47864792504773707,0.48223723397536267,0.4841736710461755,0.4851818913897435,0.48580942595925186,0.4858856047209496,0.4869583982352162,0.4894937908970469,0.48726498228845144,0.48643707428596183,0.48706742155183447,0.4889110987026849,0.4854623475339181,0.48532127261291197,0.4864218105143989,0.4886564335522482,0.4871668662890253,0.4879459997833905,0.48762917860239696,0.48716037592724465,0.4865530234490088,0.4859176488920374,0.487802064112703,0.487554263352365,0.4883552657434101,0.4865760261989077,0.48658184138735133,0.48655771370715384,0.48617677587456004,0.48786364497494106,0.4886933563209192,0.48506876613858685,0.4864380577498849,0.48723262595806877,0.48815647761799913,0.4842917924302511,0.48728439305950155,0.48854206306750364,0.4869655171617437,0.48622468183520123,0.4876484437141979,0.48693186688552065,0.4863853937011588,0.4877157173567982,0.4859755015624329,0.48570603093821485,0.4872105173589933,0.48593633886147286,0.486041954160644,0.48712889617677413,0.48768893281918196,0.486786193094149,0.4878122050334883,0.48762848506900786,0.4888237407711636,0.486155781772657,0.4852781557850929,0.4876821453741175,0.4832656247831897,0.4864529524539168,0.48667329347092164,0.48672553893806453,0.48499932931386325,0.4865043590116753,0.4878366662137765,0.4866755767514767,0.4865292340426239,0.48661647797097884,0.4874758573896048,0.4866078184623097,0.48709659596794525,0.48454977225219437,0.48231586398384513,0.48712153343866077,0.48824949942751494,0.4870873301918389,0.4869582837751606,0.488017336058369,0.48649152742384094,0.4863350748877623,0.4861389928180585,0.4856032198110247,0.48901684249717664,0.48708923109559826,0.48760170637253547,0.48680704224637816,0.4842892843990147,0.4869106374471714,0.4875532944303912,0.4863908002466657,0.48724459320404984,0.4849468652601272,0.48452970779747456,0.48644149036757034,0.48785063291284425,0.48665867119111655,0.48753480440189395,0.48673212197339605,0.48797634700894393,0.48772839077530283,0.48801507814485057,0.4866385223742829,0.48627520571248267,0.48844143509194876,0.4879494041552875,0.4870755230130228,0.4874698993257033,0.48741977951281173,0.48879526957136404,0.4872658937949215,0.48794585452123085,0.48703849754152134,0.4854836712907447,0.48611763671673747,0.48760725908623853,0.48824724099140204,0.4871190724181431,0.48639603581738866,0.48833892986168836,0.48757900004694216,0.48694214022510984,0.48626647558926533,0.4867308626937893,0.4876638843380665,0.48662354586134726,0.48759873861955555,0.48650500603631186,0.4888701898343296,0.48451329860211434,0.4856491909156961,0.486760851616928,0.48655200885666366,0.4862909593634287,0.48753707139303004,0.4852172931415319,0.4877322509637833,0.48711035384956647,0.48547597377986873,0.4864968626694026,0.48422974222455606,0.486448669033687,0.4866683513734044,0.4848153257346117,0.4849299326157081,0.48688591760579397,0.48819246578113834,0.4827147711872542,0.4887619178763799,0.4856697066559777,0.48675250194904857,0.4860416417961846,0.48431652267341907,0.48442533776655655,0.48815501974692876,0.48670106987808404,0.48736475259245354,0.48642292688252886,0.48765530941638685,0.4864537239783185,0.48590065591222265,0.4850498489191157,0.48399494560028056,0.48722859850423156,0.48722972376361695,0.4860954489643205,0.48523269350123205,0.4855784753588552,0.4877449452960595,0.48586690714824776,0.48693713059808486,0.4879149424274845,0.4870512945382828,0.48607902185808016,0.48732471162893704,0.4846160156217555,0.4898110060012765,0.4871670762386597,0.48427899640846517,0.4858475079694094,0.4860686716431216,0.48951571867334304,0.48628081617036917,0.487290089043124,0.4862498403731165,0.4863886145792688,0.48504296683814674,0.4859582610896066,0.4863262640503964,0.4860742687104689,0.4871034812662792,0.4870728501020032,0.48870306662896745,0.48524042344393814,0.4879645472308728,0.48559191940333835,0.486874975060222,0.48743732569532555,0.48576991947783804,0.486805897216071
7.8,0.47792346505553057,0.4783907600310955,0.4826045128806907,0.4875565699238306,0.4838017932270422,0.4855052723430743,0.4880131817417401,0.4869854718609475,0.48592404090349794,0.4842303978733907,0.48633186945767753,0.48692133740188565,0.4869988125660527,0.48324924224755517,0.48753656580398047,0.48468876827460616,0.4861376315944144,0.4839812813492508,0.4882426207390744,0.4877080584355293,0.48373486775329544,0.486197992598937,0.4876199008749849,0.48702545497667993,0.4859982511846436,0.4855965276692297,0.4846373885860287,0.48759419127781967,0.48848160174260996,0.4865854681090461,0.4857672037802135,0.4859413143031846,0.4866295794582007,0.48667767511351295,0.48688212688618293,0.48757061425716464,0.4857978971484015,0.48562613973537794,0.485262766473023,0.4846083090125833,0.4858792761055235,0.48627064774815115,0.4850752349849073,0.4855657269567259,0.483197771047955,0.48555025052702383,0.4853220288040848,0.486766864266453,0.4886677307109786,0.48666342052297973,0.48425644849534333,0.4850589744252198,0.4846323662325017,0.48530445592330346,0.48675774016721934,0.48364157340784086,0.4846954553464972,0.4849521066148885,0.4825542567348705,0.48501374557183885,0.4859833992380791,0.4865158203844895,0.4859696428554329,0.4845860323235919,0.485973242028644,0.48326799385994096,0.4857844408404217,0.48587310652672694,0.4851569564786304,0.4838150127699514,0.4841386863712924,0.4865490034594923,0.4863956790776485,0.4867193025202641,0.48406154754940817,0.4852995553412557,0.48728680054845175,0.48632465668449504,0.4863783931712013,0.48626395941229555,0.4848970947291043,0.4856351408291863,0.48403786180223146,0.48218932693895045,0.4845138593647737,0.48594648082147457,0.4855553184796636,0.4849522554599163,0.4860222807230272,0.48396963079271094,0.4859212300467477,0.4859603814864829,0.4848782016706093,0.4866804761073973,0.48584260326799267,0.4880724653814571,0.4871924147030085,0.48432570555946014,0.4854418734244868,0.48628091845575444,0.48540443505134406,0.48627072741603644,0.4861336745821972,0.48772372147913606,0.4874551126762117,0.4844591694752832,0.4857857367839226,0.4858492437959148,0.48523635822004724,0.4840115819602506,0.48510266108766886,0.4862425946177314,0.48655274805749,0.4832644611478857,0.48486013921202253,0.4846751862487083,0.484332037182463,0.4857919043759044,0.4841530091569076,0.48605718401294773,0.487298307225553,0.48552828142938875,0.4872501930208814,0.48731986439758634,0.4865011596999383,0.4896085415314246,0.48492146778642653,0.48627440938098276,0.4855980245244207,0.4854887887225183,0.485233443109221,0.4870496100526295,0.48566811355884826,0.4860622372012455,0.48525018412450693,0.48790820377041777,0.4841985583109371,0.4841427919549978,0.4882672273690357,0.48413150938364613,0.48624055144633166,0.485516776016318,0.48615406006418,0.4853059306838374,0.48750318379614754,0.48523149613875066,0.4851280063408431,0.485779453505028,0.4834974504654504,0.48545583637046386,0.48350178974805696,0.48606630175375076,0.48632639130241645,0.48565598502300594,0.48583691531294604,0.4856557097577497,0.4840969206665605,0.4839701739585244,0.4845559269328912,0.48562306042918457,0.4872095370415503,0.4858325378318463,0.4878213767137209,0.4865688713355344,0.4859715495550505,0.48713450713689005,0.48710657011359887,0.48584168053417964,0.48610122609262113,0.4850671673882267,0.4834988614561333,0.4838432010657601,0.4860764432218702,0.48712741528050946,0.48619624921627363,0.485860718359565,0.48479680222362603,0.4848167503866637,0.48615418956414536,0.4828977783476875,0.48428014333811514,0.4881387035327253,0.48621810656217285,0.4881992158402978,0.4831805785300231,0.48468735652799205,0.48511752891617893,0.4842650691372615,0.4850485648625144,0.4872991278477052,0.48615694168634976,0.4836516670550366,0.48765735695305207,0.4846810293883202,0.4873901103932982,0.48421578838108825,0.4855414975193524,0.48697572083600377,0.48246303546550035,0.4875372959814263
7.9,0.47898795504554553,0.47896747247975363,0.4791388614294331,0.4817808621620549,0.4837950214378369,0.4820922076615753,0.48296462905209203,0.4864831046896167,0.48296641112578725,0.48420774362960683,0.48415653059791286,0.4852944039887758,0.4861360035414934,0.4855637731095088,0.48548466000959495,0.48596736094055687,0.48580732304342,0.48824975198649395,0.48475697734044243,0.48389173990774026,0.4879736007847781,0.48570344753019096,0.4819447446393179,0.48564514468042475,0.48312959190041643,0.4851641336955353,0.4845804555303486,0.4838587098469873,0.48567429114382166,0.4838620162199199,0.4856889060658065,0.4855633175125129,0.48258889440446484,0.4829572782038239,0.4860827896990945,0.4838406807037134,0.48712639542985736,0.48340966938325514,0.4830128181797204,0.4850115529402971,0.4824149070877396,0.48651538983787895,0.4860706550584437,0.4868020270727992,0.484942504906506,0.487263329055346,0.48535340097122975,0.4843929148957698,0.484151564625957,0.48542496865883283,0.4854220729143879,0.4858422710095421,0.4834355508699944,0.48755914798983,0.48269969196219065,0.48493751903275134,0.4845601190011101,0.4854280962836487,0.48258213226564206,0.485925304052055,0.4852651598592353,0.4870533132985223,0.48480721854343994,0.485526726961396,0.48499233038016526,0.4856391381319682,0.4862432990981719,0.4851692668024443,0.48182488700605697,0.48718525533757234,0.4859933203019561,0.48341984909330094,0.4838528529512663,0.4863042489007095,0.48519761518239163,0.4855965129332331,0.48525051423114657,0.4864889036620656,0.4870227017060332,0.48523874821350105,0.487120277906551,0.4843652656310527,0.486507678479273,0.4856078342346414,0.485067672409668,0.4846421722384971,0.4855016654051162,0.4837800682937943,0.48620802468776003,0.4823554369225261,0.48285048920048923,0.48391523908679046,0.4847453498993751,0.48360086716312944,0.4843303407821243,0.4869454982853576,0.48636965606823623,0.4852949533822475,0.4840433064796235,0.48458296389509414,0.48192587376396384,0.4852746005201075,0.4854269060324838,0.48487277821196767,0.4855502721859575,0.48500078115266065,0.48335778157281134,0.4849612046586228,0.48627754069455725,0.48327118291073756,0.4848760977232511,0.4846227822078047,0.4839486400083711,0.4823244121926215,0.48667598731501993,0.4850710515622683,0.48505636036073435,0.48506754308772626,0.4845793648469567,0.4849894695768705,0.48486394031970814,0.4865705749257241,0.4862678340945791,0.48300506624839307,0.4843430249436448,0.48512221875040407,0.4850096804367728,0.484394685920942,0.48669107583766996,0.48577700263610074,0.48572548325533266,0.48460040976615454,0.4852900523419967,0.4856944030737234,0.4857235936745898,0.48517280055358153,0.48499162623058795,0.48553451682506077,0.48402384773955764,0.4865126911526781,0.48474890133901755,0.484943402572901,0.48522884543723965,0.48553362292547614,0.487140940976533,0.48542283937996833,0.48439420819469364,0.4836737519296548,0.4839528234980875,0.4847459153587182,0.48306682980867177,0.48797185871401444,0.48279446616082605,0.48314147563448,0.4863898807001038,0.4830540835829454,0.4835505544854137,0.48559176061092135,0.4841627792191202,0.4872946735948735,0.486694603111118,0.4860352074400094,0.48504719143510094,0.48407516736770156,0.4824205417171959,0.4855898787947712,0.4852952049519003,0.48508801059806556,0.48431970041425476,0.4830208004270583,0.48583675357741507,0.48670968040135026,0.48413966787992263,0.4853674157290461,0.4864464200425673,0.48251975287843757,0.4866257030329392,0.4866904693972956,0.48212452921023746,0.48553047928470305,0.48439423639386026,0.48441797149852106,0.48840233751011003,0.48412765522820356,0.4839263899271727,0.48486653637777416,0.4836748702615858,0.48633798518181354,0.4846671653214633,0.4865024406962507,0.4848233589476215,0.485111565556816,0.4850575575165658,0.4861856809445538,0.48541907139106305,0.48277909742987246,0.4828825937847463,0.48311671205729395,0.4843077551614347,0.4848759279955629
8.0,0.4764349893020887,0.4782507796972901,0.48020399711933537,0.48256470962599635,0.48398463405921693,0.48544969917947867,0.4827732770853306,0.48267344710941834,0.4834988094743279,0.4838824843297356,0.4862948429582958,0.48435714404155206,0.48514163545177913,0.48390512993421725,0.48224710437774126,0.48578523845353944,0.4834765931856383,0.4835334810790678,0.4842731947039159,0.48601793165494656,0.48657700052849284,0.4816143689909909,0.4864556515941677,0.48544671398691935,0.4841947192874793,0.4837036112631203,0.4823762424671893,0.4838206583311426,0.48220436361784225,0.48454291716104025,0.4874406571575679,0.4830758022034766,0.48339192261132696,0.4823726226286072,0.4852553147649433,0.48515979638091067,0.4850971674710979,0.48501130184515867,0.48439335068728306,0.48478408412109364,0.48491421699651666,0.4844809304783161,0.48453248485501627,0.48475062907334876,0.4854325461003228,0.48382795441345217,0.4841151679964591,0.48479409817240005,0.4857692830358077,0.48463519499816204,0.4842660805652845,0.48511955302041315,0.48357469635225103,0.4884713139910759,0.48521615507103066,0.481934686200232,0.48391005931528025,0.4856720529200965,0.4871922331444162,0.4851503392829307,0.48379605223876415,0.48279132115952816,0.48621642929855935,0.48557582817024053,0.4837784427789815,0.4835922090908957,0.48594709641059747,0.4845212006340893,0.4842157705469442,0.4846863944295985,0.48353545923575625,0.4841219832640204,0.48420980194863383,0.484442805666707,0.4829630787536748,0.48414187318094914,0.4843740879939626,0.4821840333705107,0.4820586838180902,0.48452830530292357,0.48213337193652217,0.4837014670340334,0.48584798740619145,0.48322087938283714,0.48481460774279983,0.4837186390313293,0.48605874015343425,0.4832856288617324,0.4871153673807352,0.4844311612878326,0.48318544278781894,0.48548880772656133,0.48330406251881336,0.4850105667740614,0.4855448759237629,0.4845846091220036,0.4848094958717642,0.48377118465634317,0.4835407306242175,0.48460189055294917,0.4815763355144528,0.48542291639912843,0.4830001386809852,0.48667631249309873,0.48503702529057785,0.48396948831908865,0.48536721335973243,0.4830144875608167,0.4810368838650156,0.4834578432761186,0.4836797376621408,0.4861394745301091,0.48403109373900816,0.48391715594736195,0.4812975655928429,0.48498511524884536,0.4851755748306508,0.4860079362098337,0.4840933924900457,0.48497669224211853,0.4841046250611161,0.48306424398955106,0.48361625035917394,0.4863274838580856,0.4840990814871047,0.4837126874290441,0.4833758172427613,0.4840860974989071,0.4845190782339506,0.48474079200047276,0.4868123074001262,0.48547318939708056,0.48457855252259346,0.48122784844255506,0.4854792935414541,0.48741826725055315,0.48735896605041334,0.4856963212674009,0.48229236440835827,0.48265262757390265,0.485837206016149,0.48320643896599597,0.48385326614438906,0.483367342898437,0.4860143081301721,0.48365782896156145,0.4860179548326169,0.4852990377148831,0.48469690064601834,0.48507344203029884,0.4815269633410501,0.4834491028338229,0.4839086260705488,0.4833639643843951,0.4860166265667726,0.48464076456694627,0.48345813138084776,0.4824161738025583,0.4842853293058983,0.48168177766749465,0.48322585974640503,0.4872247586304838,0.4838518055589879,0.4840522652779137,0.4828410553604011,0.4870604013733822,0.4825188829946318,0.4817811143884578,0.4830693261780732,0.4833096982708655,0.48516377510282377,0.48272603872371916,0.4848856818248648,0.4850672283198478,0.4809626587792214,0.48140146546291135,0.48277551889003145,0.4828835028860996,0.482954635386412,0.4842269225507197,0.48510728421236854,0.483897632516755,0.48319209587739514,0.4850235731398564,0.4818911998060441,0.4840146489952153,0.4840930450160228,0.48571469169571535,0.4837295445089172,0.4852981783409847,0.4820746090091212,0.4840146359686272,0.48303065548189467,0.4830890993878295,0.4849837937831324,0.4814463458234376,0.4836520169278575,0.48157327469965544,0.48506140474175824,0.4836208126467089
8.1,0.475251453019424,0.4766794017077348,0.48070981256930967,0.481660039505252,0.4847845635235043,0.4807629974469555,0.47884080264653583,0.48364184998171594,0.48285614219798106,0.48319648101938784,0.4830663914170746,0.48465155016553807,0.48310685714188084,0.48343047685382434,0.4834607368293972,0.4839325215369388,0.48269344823598515,0.48696826654961994,0.48368732083925736,0.483967589047647,0.48294015451992256,0.4836214046698361,0.48240063389508364,0.4826371789452534,0.4840289678916854,0.4843721503585612,0.4840181273688452,0.47991734208233794,0.4831219246021142,0.4847404787134114,0.48251836596013026,0.48334242656737314,0.48334853037607817,0.4856753554463924,0.48136603464651667,0.48512870938080777,0.4834902103273964,0.4834347303507733,0.4813130217519035,0.4823894041668897,0.48136818768166506,0.4840712269255577,0.4836952138373071,0.48080929770809105,0.4859053405225222,0.48170372999725314,0.4834324875883304,0.4813406945213184,0.48312996838879574,0.48399710598323664,0.4849888105815876,0.4829873287792613,0.48605546085465173,0.48417790388700593,0.48501311030828664,0.48195051680432843,0.4819812224978411,0.48342282784090423,0.4852948374628093,0.48490632463851363,0.4832258801221647,0.483462229326671,0.48324005388176333,0.4805980489429746,0.4840972734710165,0.48513480820873106,0.4844063386630991,0.4828259007170409,0.4833183315911397,0.4844347305991393,0.481516835248465,0.48531386678075444,0.48374577598767565,0.48383679640954214,0.48432590325693375,0.4808172820015738,0.48250997877523555,0.48249470767339525,0.48199964876311546,0.4836529247203189,0.48575647341781036,0.4816091307073561,0.4826828044391943,0.4848922527285707,0.4820019297127451,0.48284094322429344,0.48162089215956444,0.48294640025767027,0.48270470401179755,0.48056276819175986,0.4808166636688062,0.4842022545038424,0.48275122165638085,0.48474055178007175,0.4812810107337755,0.4831558952681391,0.4841143368887336,0.481161191566027,0.48197867334219324,0.4848732175270737,0.48429792267444344,0.48211543166750337,0.4849081910725821,0.4827840630347226,0.4840057218649261,0.4844055515870581,0.487054970312497,0.4807994669118059,0.4830187921281338,0.47991663194623435,0.4842887110546412,0.484086383517421,0.48398177535522224,0.48066969920615804,0.4848145350086794,0.48224317152733276,0.4826598685020901,0.48467357221119656,0.48477227649454296,0.4834073234617889,0.4815742095649224,0.4847642878642884,0.48180783572869196,0.4821396791711978,0.4851230893508671,0.484932325813726,0.48423737586878185,0.4818793926262424,0.4820517882474908,0.48231963671875727,0.4815858493874203,0.481951547141702,0.48258802284038255,0.48317063497282947,0.48323564805052754,0.48445043280831335,0.4851036260560247,0.4825858042650762,0.48192395325127263,0.48312604982986906,0.48485454743799383,0.48158195065601855,0.4856148473322481,0.48288181606822267,0.4829584139661394,0.48214373004092803,0.48159380271778196,0.4832465583229098,0.4819919832021687,0.4823562910872684,0.48144771454100543,0.48302049769507577,0.484271778570398,0.4857098670301082,0.4821642108084399,0.4833831290151606,0.48220681984075625,0.4842716967401751,0.48236219087831855,0.48578548319026216,0.48397554353011557,0.4829554996569133,0.4839645721080771,0.4838517526919783,0.48336651053028834,0.48265736793795994,0.48040877686293626,0.4818733951994338,0.482187989580571,0.4828297953279017,0.4820038433668965,0.48518175959244625,0.4806768571047024,0.48368717343199086,0.4856599693245384,0.4814072097564202,0.4816831461525509,0.48566280004010604,0.482231370232402,0.4847047167401553,0.4825931052156964,0.48344285995571107,0.4841648144592812,0.4819000382346691,0.48331356021186933,0.48662901379265405,0.48396984652988845,0.48397100531575227,0.4814667503591409,0.4845468875646298,0.4823582064670699,0.48343357700402223,0.4839185918178564,0.4822804821387323,0.4839493845311574,0.482649351566309,0.48355089960550257,0.4858490363360345,0.48336343362891904,0.48462399333939477
8.2,0.4727917944206672,0.47363581995849435,0.4792680852979704,0.48218748230603253,0.48025712255360126,0.4818629371412643,0.48100077968670646,0.48348803163345805,0.4798374079243529,0.4820037354812866,0.4840110230353738,0.4814002245465651,0.48203776141720206,0.48475811446643385,0.4827032194577526,0.48366314643294556,0.48002850196942826,0.48218950077856054,0.482329528740879,0.48405369692885625,0.4833247770126637,0.48320228282631983,0.4808284813883059,0.4813707087818727,0.4818066518160452,0.4815902783657845,0.48231074103802857,0.48242262844676037,0.48354381575870353,0.4852753388748143,0.48176167132472125,0.48128538365126683,0.48515500790718963,0.4824765495533802,0.4835487124441987,0.4822041203884033,0.48212675950374245,0.4827602856333648,0.48227342748127594,0.47975096519339494,0.48054630253986097,0.48181574917707565,0.48092639607739085,0.48166311984560783,0.4865574854797966,0.4828100512780893,0.48430680285820926,0.484321019037883,0.48342546149751126,0.4845679819524201,0.4819265221270744,0.48457854300558145,0.48433705323871573,0.48288551006273345,0.4802785208120362,0.4816289187723974,0.48438518557262683,0.48114561844161907,0.4861844989562776,0.48203421061191,0.4832021757987749,0.4834643923886182,0.48250209118926596,0.4830585811712163,0.4831307215199156,0.48419685655302713,0.48143436282931673,0.4829779231262685,0.48262752910216666,0.4833245088834132,0.4803893576858383,0.48236239068632836,0.4779005522376742,0.48106939537869886,0.48212336242762,0.4813088381797368,0.48384126062778393,0.47929549131276744,0.48233075244447604,0.48225336574280003,0.48253846777149517,0.48216824771236033,0.48328958489104223,0.4837417707283785,0.48182467474211665,0.48261085715767377,0.48255209220547784,0.4824315493874795,0.48170885608326763,0.48111621751436906,0.48403961329936346,0.4827099144891641,0.48185001018265894,0.482668268658922,0.48204477587457834,0.4837474808080687,0.4804774340330285,0.48369797214660604,0.4807766824865051,0.4841838991086,0.48314179346897235,0.48201903265526846,0.4841075890622915,0.481151888501506,0.48170429635369,0.48397742304373753,0.48276641340204424,0.4823879413273449,0.4839194068156577,0.48240373991439506,0.4811565562727279,0.4828402311103169,0.48243234593896367,0.48146152752226123,0.48134219708624887,0.4800534340169287,0.481954936290021,0.4821621689939119,0.4831301320824878,0.4825864149957939,0.4825963471605242,0.4820554642676436,0.4838174727751135,0.4836779559837326,0.4811036647808769,0.48158311854509095,0.4806703578654911,0.4847619062776886,0.4837957521878043,0.48179676565057183,0.4819780620721279,0.48271277123681733,0.47863814849135794,0.48246678719202046,0.4825975590937644,0.4815248675667716,0.4814645998734607,0.4833690955766013,0.48068774037279094,0.4834806046615189,0.4824303698154919,0.4830184957311638,0.4809307090143295,0.4844909209578147,0.4812196990497954,0.4835026816990076,0.48100000345717014,0.4828367172721745,0.48177649741289125,0.48258715003940894,0.4812214652323925,0.48352801652057137,0.4821744501276508,0.48159514194167996,0.47973552144935383,0.4801028572598873,0.48235627193279396,0.48170943462132587,0.4811491483995121,0.4804672632680928,0.4813906075880235,0.4836349868696821,0.483553198964656,0.48123305044479653,0.48135960154341184,0.4795752823944405,0.4834460344569078,0.48313186046280265,0.4829536875288292,0.4816548626303807,0.4827969427492231,0.4815097582532778,0.4830114117095544,0.4852537843480942,0.4794129452976651,0.48296022413333844,0.4814862547228073,0.482598819787008,0.4833890322360918,0.4788650718377001,0.482566529164703,0.4828858777508519,0.48098632563290644,0.48373066888729743,0.481444601886091,0.48234090470011465,0.48462603172018776,0.48057037484155946,0.4837451250846517,0.480038275565447,0.4824839741012162,0.48119747174662164,0.48444071355265617,0.4846793458301697,0.480270227010024,0.482355965908068,0.4810550084125473,0.48361919941778486,0.48378751865567193,0.4833143139844121
8.3,0.4730506864212978,0.476915112882461,0.48030599050143713,0.47649275045278455,0.48113537872779494,0.47945053045641384,0.4802673411065503,0.47820862018440596,0.4816568745179257,0.48101014434519085,0.48181986063374627,0.4804553192658106,0.4799235650531605,0.4804355822443882,0.4790507401426262,0.484291636909295,0.4813786001814419,0.47882070438778424,0.48061931412289555,0.48192682215555654,0.4819571900214176,0.47976793264841766,0.4834994676312389,0.48147237874627763,0.4845916534382879,0.48247677126932637,0.48253201135666196,0.48282838979701564,0.4837349353896368,0.4815157370375892,0.4816818214667406,0.4821189544283105,0.48378836541935655,0.4842913930512175,0.4796416510496004,0.4805025405457825,0.4822734137716151,0.4822970689969206,0.48228602393087494,0.48164293828238575,0.48366978139777866,0.48389394065164026,0.4792975619103682,0.47951578822018937,0.48166152140582214,0.4825769698333231,0.4789282941055183,0.47962066631937195,0.481404841486119,0.4807007036815413,0.4813831882702355,0.48200483783056153,0.4840256090480088,0.48085675733040284,0.4790326911586559,0.47876584941078587,0.48269451302747296,0.47995345055400696,0.4838933230185976,0.4825093128906755,0.48040950545634536,0.47901200707800984,0.4796482880590004,0.48035496698984825,0.4830163483419935,0.48227965654065963,0.4809182577807364,0.4817411803818119,0.4816844850734565,0.48075693842192446,0.48099796571238346,0.48054477805166645,0.4823355857320785,0.48033284694837014,0.47854786168901203,0.47953336861930107,0.48252934547808946,0.4850910914853201,0.48419404863011967,0.48364160838025755,0.4796179056686862,0.4809704564535068,0.4822640951180416,0.4810265740141335,0.47889071780965164,0.4818488978746867,0.48092092876548875,0.48497791583646677,0.48008036782034363,0.4808784174521202,0.4836034185123092,0.4797533389183457,0.47861860858207383,0.48195891614994624,0.4821880013663233,0.48529446780264107,0.4776571190051645,0.48338871968067487,0.48038510601083684,0.4813454624054191,0.48270061027636163,0.48020670247016395,0.4820733544266816,0.48373126228537816,0.48375717525067463,0.47988237994939237,0.4768487867479482,0.4816969161842435,0.4825916926230257,0.4796771626456757,0.4800912226064048,0.48289948762236645,0.48222748603470317,0.4792818072772148,0.4825544933563392,0.4801590313590792,0.4791537640321439,0.4801701450719102,0.48284665688274603,0.4812923708977446,0.4815409348960911,0.48554376233943675,0.4836383733418333,0.48310835078819164,0.4805631413630928,0.48120568529505975,0.4819959467353285,0.4826672522721107,0.4804534412736884,0.48094319117364837,0.4810692900657008,0.48076060430254974,0.4830386997934323,0.48011928508913315,0.4802903505729488,0.48401843665698513,0.47944348530757114,0.4837046488897059,0.4770779141020946,0.480190007000376,0.48139800083698664,0.4828947075447604,0.48072102754618035,0.4822891284379422,0.48122491307675613,0.4802803454686138,0.4782989367897254,0.4798729011203886,0.47996598317473865,0.48183226297088677,0.48106406843125255,0.4792695045516166,0.48266686257090724,0.4817531281091526,0.48058928975116505,0.4819937849260127,0.48282878416366154,0.47951837903843386,0.48171030268788967,0.4830499873414129,0.48007244019353895,0.48016962382572365,0.48113739345756873,0.48206379473613165,0.4831980004950865,0.48063184767264366,0.4812938050322213,0.48142125576666345,0.4811618100477843,0.4815825374715308,0.480757402055457,0.48071935466445975,0.47894700643121296,0.4806365275485708,0.48091805502726553,0.48073029615845253,0.48090811676724365,0.4802979104602836,0.4777625186059386,0.48218061723690553,0.48302048278233795,0.4827267114103311,0.47997004779691466,0.4805616976331282,0.48246340804555105,0.4806796379483566,0.48112511520123763,0.4821756629419266,0.48240619679972463,0.4799752235518052,0.4824079639399087,0.4806959592419181,0.48160334480046024,0.4788824916615968,0.48224685363999636,0.4819999216556646,0.4803576928538688,0.4823720490797006,0.47941730761152046,0.48093845824377685
8.4,0.46994185935323557,0.4737255462349219,0.475636809722452,0.47933954695667685,0.48062979318072263,0.4800988415228244,0.47969710844815794,0.4801512138610104,0.47844936808081884,0.48062601110898096,0.48054655323250095,0.4804182879800642,0.48132876921829926,0.4765174254867233,0.48357389145065155,0.47834487071908766,0.47922543897774933,0.4778181947796483,0.4802526794465453,0.47854425546799856,0.480574570348901,0.47970911944314837,0.48127632537482123,0.48005472624777235,0.47817468175361233,0.4803970055899131,0.4799508426403323,0.48460781908381734,0.4811516610923633,0.4807194330225551,0.4801369448824853,0.4808465304878824,0.4792474620446656,0.480531649215161,0.47733941886213643,0.48170859140587463,0.48111215508005556,0.4778420292463126,0.4795023914544617,0.4795576044669546,0.48052813424532986,0.4816445678667595,0.47821351225724085,0.47922479785330474,0.47978757337595984,0.47939897717955776,0.4801597790419738,0.47923272184928134,0.48075898245235027,0.47728522137934737,0.47936878621215046,0.4812012430181962,0.4805063271240404,0.48174697557711227,0.48018352959155575,0.48014940768402514,0.4763292444315611,0.48096346168501497,0.48090244034914226,0.478974191439596,0.4777094276799241,0.48344597360218583,0.48098631425746574,0.48027709999863066,0.47920050022193866,0.48038455436354294,0.47831771995349215,0.4787862343190387,0.4811334996780356,0.4795462151596863,0.48029348850211623,0.4810755635545533,0.48067503714426335,0.4828861625963129,0.4781314112828073,0.48253184636096647,0.4795054601159282,0.4817746685068276,0.4795559104909844,0.48128028006696916,0.4799014142923456,0.48026628782017733,0.48092194581263314,0.4783200183915412,0.48007731228568074,0.47715391741468854,0.48190328946860944,0.48143754151166424,0.48058966619059407,0.47703422768952,0.4801685014261633,0.48162617536970054,0.4803241755499293,0.47976159608004354,0.47861624045938295,0.47953755331451486,0.4810957719090893,0.4806379285940353,0.4806965578444953,0.4807181173846123,0.47891761537864314,0.4810337411570786,0.4802021317916669,0.4821765115788507,0.48028263440434554,0.481538997934852,0.4801771700880725,0.47988370850960044,0.4796347141333543,0.4796743547776843,0.48186447292764795,0.4810310011483052,0.48120102538579673,0.4789859918472456,0.479660921000374,0.4805625124877949,0.48239836140324927,0.4786756776541791,0.47963134882595365,0.4794533585296521,0.4779849960118519,0.4805921438308994,0.47963970618291807,0.48104487995840695,0.48145479771225896,0.4798215353988478,0.4815747201669818,0.480952616402819,0.47990038077688546,0.4842760189341698,0.4816168030610098,0.48105039570649166,0.48092854286532255,0.481642687592804,0.48344036125610546,0.48270721360766106,0.48034425613964743,0.4814702157259436,0.4762251084595869,0.47908603640155184,0.4799209215497251,0.47845303597225897,0.47772954971750836,0.48217788068150685,0.4783234454334479,0.4813562653887296,0.4809458973008276,0.48097326225869597,0.4807423318937774,0.4798987898068704,0.4792038796713719,0.48359993829841635,0.4804011516102965,0.47843176291881234,0.4821846295321045,0.4799286976100842,0.4825099211352431,0.48074374855910135,0.4783271671572366,0.48118313817366515,0.48095490462192747,0.4791704098777532,0.4794763831286595,0.480979378008908,0.4799906682531353,0.4804456256266155,0.4811648640578921,0.47775537364207005,0.4822938911829993,0.47832174833177776,0.47932846411015406,0.481132930549655,0.4802827297754563,0.48516038444505927,0.48048013962973485,0.4791073574944864,0.4787966373471871,0.4809259411357125,0.4807928792156962,0.48181116529007195,0.4789234052379886,0.4799786192805335,0.4793807228113008,0.4828226539268219,0.4830595049771739,0.47962638888234993,0.478670641282972,0.48228807193093143,0.48133327005093923,0.4820506937728395,0.4824204762120036,0.478245595358523,0.4822923815329903,0.47951196252166073,0.4805856930763247,0.48111184831035503,0.48219582975073677,0.4779249739372156,0.4812190618982169,0.4807344255576689
8.5,0.4717105713477367,0.4733747843610842,0.47377318294998133,0.4818686500152896,0.47727354544596573,0.4807469177230559,0.4786469118139571,0.4794697570588576,0.48014336792855744,0.4775975829391209,0.4798694924766156,0.4787169792870968,0.4768441821339355,0.47845997707633076,0.47868120499635325,0.47769932382011543,0.4799908061225814,0.4773131359129131,0.4767696967621118,0.4793265656987331,0.4790494985751135,0.4790936402913361,0.477232845766255,0.48002935584404804,0.47914670408683263,0.4794763637123865,0.47939034424556515,0.47969103444008515,0.481554502474105,0.47969882386156937,0.47947595361970974,0.4758676052904467,0.48034158948342326,0.4813327506195037,0.4797871395139233,0.47818226268965847,0.47919229347476233,0.4804834754967847,0.4785391510699735,0.47971929519995177,0.4801684192181123,0.4794508828322773,0.4799994452501456,0.4797899087605617,0.47955604146027897,0.47896475736449917,0.4782220171372847,0.47877986343736667,0.4776637234399437,0.47963063051261356,0.47852307805480376,0.4769710955775203,0.48242083650926426,0.4768653695429273,0.4789909282808253,0.4810753638994075,0.48049163518923266,0.47885048207265046,0.4787034403435248,0.4793934648895182,0.47649204640210024,0.4780403927029043,0.4780946236073985,0.47955387144934936,0.48204776444106484,0.479848749239587,0.48167471065188533,0.47606661673506717,0.47845025731219126,0.480062165192164,0.4772210069622734,0.4795554250841548,0.481151906702606,0.4772466742700859,0.47826404884724194,0.47693813895844067,0.48101712335732333,0.4776509592848028,0.47979436941328146,0.4803685001103287,0.48104977828480633,0.48122025107268107,0.47851122215943925,0.4804038671236556,0.4799270396047399,0.47907488901204154,0.47965141722399907,0.48010181085379144,0.4810367870140824,0.47955138725493973,0.4775665235226409,0.47867045388002494,0.48111107570673767,0.4779505022246516,0.47968746419142266,0.4798605336396461,0.4786198755141984,0.4766164633211913,0.4791565081726745,0.4787045066783999,0.4784306992904378,0.4792817122495511,0.478126634128987,0.48079412271036504,0.47795137886625,0.47575381160084035,0.4790067957411796,0.47987856827447,0.47987040974382644,0.47952168512616594,0.47990705926338295,0.4806487820051417,0.4807448856237503,0.480708364267152,0.47740103925417066,0.4808016741287331,0.4799401897014595,0.48019334883406634,0.47846109712122226,0.48365552821160684,0.4797439551897084,0.48123455690305234,0.47961965114004357,0.4779819408251765,0.4789620833115815,0.47839308058288976,0.47909823194364387,0.47749940442632943,0.4804497679576016,0.47917891789374784,0.47844667435433275,0.4785151491868883,0.47926881123730386,0.47981775587102865,0.4795556560159349,0.48034738968103136,0.4809937922638596,0.47670331195000404,0.4789737464453975,0.4775169081299263,0.4793306659021156,0.4798612530391287,0.48033726234987334,0.4794010337847057,0.480588939233851,0.48053277047099485,0.4796814605975935,0.4800167654632263,0.4794565707112207,0.47874608379403155,0.477159996848309,0.4783862105632897,0.4771892464640248,0.4786712396074781,0.4826743458734504,0.4780822193623878,0.47729214525931324,0.47896053870524774,0.47934466307356033,0.48044790012783084,0.4795671515679817,0.4787965030849746,0.4780323643091579,0.4786640136797031,0.47946847268930676,0.47915365123002995,0.47920290523091513,0.4785664309551855,0.480221938913469,0.47971571546372327,0.4794471710532312,0.478569224017674,0.47685018341783064,0.4793355848978136,0.4785660118885818,0.4784748477493276,0.4777099758679157,0.477332280419857,0.47951701886522513,0.47945661309883275,0.47697158961970226,0.47944543262526507,0.47839162351304365,0.47984124266264766,0.47844464312557367,0.47662299189135987,0.47956959766163915,0.4811482718856796,0.4793121050763339,0.47874175953967785,0.47885731670866566,0.48139919575766316,0.48259944690965306,0.48122544920486027,0.4785582481432613,0.4817744699995039,0.47633597021641755,0.4766657124480505,0.47922906071921834,0.4781022518614825
8.6,0.4659217409257339,0.4709979865787568,0.4741265809273352,0.47702166491112646,0.4795257505980029,0.47551790888437284,0.4767109260107129,0.479913539816913,0.47449738543855136,0.4782563316763013,0.47814038040704115,0.4779988470561874,0.47866316973136036,0.47628206669599704,0.47961769755295386,0.4801523867604238,0.4776793670715953,0.480616655937234,0.4786682495162708,0.4802389041403624,0.4751128238681607,0.47640824836439927,0.47898862835508105,0.4781261211973245,0.47935835595340603,0.4770201435222596,0.4767011739575355,0.476789745279149,0.47575033756996177,0.47839879220063825,0.4785128059089084,0.4772837669249309,0.4771602961510515,0.4774212051118549,0.47682722452969617,0.47806801565136775,0.48081464411953023,0.4781746145575071,0.4772924699375448,0.47902964355974803,0.48009947844821077,0.4774348707313023,0.48078098511991296,0.4790580778548732,0.47873597319994976,0.4775799600774155,0.47734425219574245,0.4806714519721244,0.4779957999022039,0.4783324363113075,0.478713756797552,0.47897191781985216,0.4775549877040592,0.47709961796011097,0.4797956198052937,0.47938323045826864,0.47907900729830877,0.48000924101006726,0.4773309360810822,0.4791119088602441,0.4779207509521607,0.4767901960286924,0.47719624792333043,0.4794618146239765,0.4786664632125947,0.4783506044710154,0.4796303847012795,0.480512023068603,0.47870988536274733,0.47916442377773233,0.4804652476914713,0.4781271679198657,0.47836166601476315,0.4772381363215208,0.47964505478679653,0.4769451467852775,0.4785759049367243,0.47955162818062314,0.4769758754881893,0.47645886254515885,0.47914207676377213,0.47763330734754833,0.4774821472189297,0.4773936026500433,0.4772235753203573,0.48033097915110656,0.4796341218551468,0.4796693108706326,0.47892569739490753,0.47795043407054055,0.478751706460865,0.4787275069356404,0.4769679110610134,0.4811523543286665,0.47886854241471993,0.4780823576960074,0.4785450564915219,0.4782030463577915,0.4751967721011794,0.47863086817295275,0.47775697562823133,0.47897805749742967,0.4789166313382406,0.4796135819581787,0.4783649891839079,0.47862352503080413,0.47821198901785833,0.4786480411297484,0.47648342999841103,0.47854689639112646,0.47798271571230183,0.47886372236758584,0.4756918285313233,0.4768602132826422,0.478382882272375,0.4766959953998728,0.47868448777199046,0.4783715245609388,0.4791187586602664,0.4758844019242968,0.48025135105655364,0.4775112291990106,0.4804442393363978,0.47903665163925985,0.47891614368123303,0.4792386624432501,0.4802900152588788,0.478958084650552,0.4765972246000807,0.4766931241147553,0.477163445008606,0.47865786589461323,0.47780903619443704,0.4788608535791058,0.4799823669389053,0.4815472650487078,0.4785896825615381,0.4782661128829237,0.47616503465392934,0.4785981113941389,0.4759404263020203,0.47816200567604034,0.4762275146271899,0.48003264880948443,0.4787975228210617,0.4770866725512137,0.47891446919121167,0.47960808201695687,0.47640998098382975,0.4758099014438607,0.47733747208627303,0.4789756326714648,0.47734073521936343,0.47886722303596163,0.47931921774371783,0.47526451072982306,0.4757338902758487,0.4770334342005756,0.4789051484673905,0.4802174767257325,0.48061421677567107,0.48086864159077003,0.48009958583595624,0.4783852152738186,0.47793006012661415,0.4815114861353858,0.4793827865031183,0.4737893753409603,0.47514579293046555,0.47857086925240605,0.4819255566481157,0.4770629783841148,0.4786823644215638,0.479571207885377,0.47776954157664625,0.47963669375893986,0.4789900743113695,0.47939490089593156,0.47932288885667645,0.4749360640620118,0.4777483391776845,0.4810390694960534,0.47915039516541413,0.47955243921693014,0.47949111886974766,0.4792803748900557,0.4796819253505608,0.476055189660271,0.48032859911322656,0.4764301665457143,0.4783890157695586,0.47775639160851924,0.4773464648152749,0.47665631211111753,0.47834619291792835,0.4772747322583469,0.47928401726795355,0.4793563090264666,0.47683825601562363,0.47705428883178885
8.7,0.46869629312492,0.47045391963519473,0.4718706429409882,0.47742150768862146,0.4735956713225727,0.47450349629923705,0.47922176546146056,0.4814656282637631,0.4775219184101563,0.47864612096275405,0.4778943907426473,0.47800568195749665,0.4778507710990752,0.4782960900969367,0.4795690573659643,0.47887089290653495,0.4763395521889248,0.47652892258815965,0.4768902609719079,0.47966245775836003,0.4794638207020765,0.4789077524372906,0.47621613665108004,0.47870777584500906,0.47777957570955126,0.47918010932838595,0.4759397964619732,0.4772022985441125,0.47673519445538654,0.4745791701403126,0.478011017186908,0.47587535868503994,0.47825870726695513,0.4794984348211941,0.4787264513109732,0.4781378111943813,0.4766718922601586,0.4780256998616281,0.476610023162593,0.479160479620219,0.47575839576077794,0.47984040183623955,0.47947129227970875,0.4789228457966224,0.4791831753867113,0.4781839243242178,0.4798563424817869,0.4788045751990242,0.4780097461117965,0.4759061180822433,0.4756789335609962,0.4752249102473352,0.4771452389605799,0.47506126412894006,0.4784815763952282,0.4772662055031339,0.4771876493918978,0.4806628392781765,0.47840217814269687,0.4784940954841016,0.4752644291331353,0.47707857377555035,0.47897851799112223,0.47609027794495706,0.47678789319680775,0.4766930486198386,0.47862049037077364,0.47852399443674515,0.4759232415383231,0.4760317488413637,0.47744111448041326,0.475474636725451,0.47744743549556645,0.47708831795767714,0.4774393916027258,0.47591860327933677,0.4778657417710753,0.47617168694804085,0.47676535247984775,0.4785471512755684,0.4782280701603981,0.47736299245236413,0.474430125222861,0.47908583002516697,0.47750459978902743,0.47774355654825934,0.4748693356063314,0.4809200296296724,0.4736407070954874,0.47763918952898166,0.48276226449518267,0.47597699081242256,0.4777774075042989,0.4757032838460899,0.4738071352942901,0.47679942640885853,0.4791885382735364,0.4778260809334916,0.4782796258720839,0.47634417531367756,0.4804152959153369,0.4757704952180905,0.47836791933896766,0.4779876191901181,0.4758314768326913,0.478766134133526,0.4776725609979458,0.47631720536749383,0.4752348933805724,0.4769474552073095,0.47845019979257675,0.4772935730265035,0.4753654575251413,0.4778545757732059,0.47457313014047864,0.4761330912979377,0.47774729512497266,0.4772212655124798,0.47468095534971877,0.47549040508827944,0.4761671978011167,0.4792281814156195,0.4772920030043235,0.47528463943586846,0.4783647551214058,0.47639425846824923,0.47787544123441394,0.4785723910571681,0.4778688745205717,0.47713492878069846,0.4785389504576272,0.4767024510728133,0.4781527151777799,0.478529904250757,0.4768533232903918,0.4761247784109012,0.47649836940497103,0.47648551071208584,0.47618208846692195,0.4770093527953192,0.47681152376638375,0.4768637940942141,0.47763254226986385,0.47558238525627305,0.4750259487855649,0.47595059125933514,0.47734791257808845,0.4778915543089642,0.4791740303289479,0.4775103568918968,0.4779887667042713,0.47638134478628036,0.4788688859620352,0.4746232578559957,0.47963081991614437,0.4762386341006805,0.47731866812255686,0.47738538393808144,0.47851974056591223,0.4760780301965344,0.47888715578028895,0.4777954496491639,0.47762351175494955,0.4775636904198698,0.47809269129117543,0.47879603127525516,0.47911340459812135,0.4781582259883726,0.47404197200391035,0.4803819764294901,0.47985906761516,0.47793824487355335,0.47762386496120196,0.47461734780075576,0.47662368449669157,0.4793956796904466,0.47720212217731944,0.47789929948770526,0.47363009849821414,0.47831635423331426,0.4745054507325461,0.47786263678603774,0.4781361104003998,0.47893583548693097,0.4758426990244487,0.4819465101339489,0.4765665875420748,0.47721653603249825,0.47792521799832854,0.47443114228637867,0.47912512449919964,0.4767042208046565,0.4765622714595323,0.47648229409884263,0.47790989284434476,0.47903674839737354,0.47715732520910425,0.4767833215713107,0.4761626810571106,0.47877331884451674
8.8,0.4690267770778507,0.4697524988166217,0.4741080632732754,0.4733434715449119,0.4770083153433516,0.47636062440930294,0.47500767197555327,0.47474037650816814,0.4767583751084955,0.4761727113688139,0.4762925552629455,0.4735126284872094,0.4788479707184784,0.47474882772271393,0.4762741859409246,0.4772250122680251,0.47801620457779515,0.47545437915223826,0.47788531938114975,0.4727790860239348,0.476419755745941,0.47872444027367167,0.4774585965238492,0.4768332287009555,0.4767149387649145,0.4774736431227697,0.47798028213209065,0.47692781952153607,0.4769290571005405,0.47514086293100444,0.47631517022373066,0.47844609975362945,0.47512960605142923,0.47713819631972487,0.47614378738088053,0.4773791596473267,0.4790251967097631,0.47953639078483357,0.47375078423699724,0.47657947255747174,0.47613438966397337,0.47607390631010654,0.47573541839488054,0.47518276650743946,0.47662920687414045,0.47569268583767543,0.47591359698692126,0.475450029500257,0.47539307363867944,0.4755898494086536,0.4771239525926729,0.4784958489039496,0.4734432912667071,0.47922932040186533,0.47409944331087917,0.47848047785538195,0.47672052683570115,0.479526513101223,0.476867776227832,0.4735790059896675,0.47573020168818064,0.47532741593886957,0.47730742168950635,0.475381305823882,0.47406952443300543,0.4785237364037583,0.47646565630434096,0.47772036444435734,0.4788411029323082,0.4754465281076295,0.47717096147779553,0.4748849457893242,0.4779096588789004,0.4772271667200859,0.4776046307142299,0.47552640558426706,0.4786799544204412,0.4788932102007341,0.4791550631857114,0.4748284979749389,0.47915422043644174,0.4744193121166088,0.4774977303318196,0.4749586251496851,0.4754404876764269,0.4753727719034056,0.47640272396154987,0.4777433599609153,0.4761814745150401,0.4767622017818808,0.4765276320588143,0.4754034271742533,0.4776953660209794,0.4760071434574859,0.4764420764454262,0.4789245946533659,0.4745296081844053,0.47606353027493725,0.47776391959321723,0.4761260450744793,0.4778941271596684,0.4762959343246531,0.47802494980049554,0.474272004195441,0.47729295696383317,0.47612909627036915,0.4756376625437006,0.47582563639559117,0.47721776591751713,0.47590258923502704,0.4758711867215121,0.47483262167516244,0.4765850418629286,0.4758917345960689,0.4755327438634625,0.47734773130905545,0.47775529669472816,0.4770524523740329,0.4757275695608303,0.476917349164518,0.4772353105614912,0.47659032531318196,0.4755960637343428,0.475640819695512,0.47611464883646554,0.47466012393851825,0.47506564811481133,0.4784839696208959,0.4779141250625406,0.4749431374924523,0.47402839354115595,0.47940773668938536,0.4767636000054129,0.47711374773422793,0.47862072524349697,0.4770276413447297,0.4744259166560212,0.47644915869309695,0.4743850229805188,0.4795321575158628,0.4752005986298145,0.47740798009709173,0.47748473489412047,0.4769391880843226,0.4763989019470998,0.477409335199598,0.4779255680905942,0.4747779985005278,0.4774943180012747,0.4763038162935435,0.4788944859262882,0.47831490628265416,0.47695582275081533,0.4786339134758436,0.47553912758191724,0.4752854713741776,0.4764557849978499,0.4740317061354044,0.47757789067264145,0.4750892708165148,0.47472850836546543,0.4762476687155806,0.47775759828859377,0.4756432375747672,0.47734271683080215,0.47667885375192004,0.47468490288476983,0.475363551286084,0.4767240365969512,0.47693679607208483,0.47361622788416646,0.4773038197432324,0.4766354015386196,0.47932605325813893,0.4749890569391388,0.47694538830013117,0.47716857710458466,0.4748493106961326,0.47299516085338567,0.4778696402569252,0.4767687747632738,0.4746328053649313,0.47520765015854616,0.47775321489872646,0.4777863537743962,0.4710094879977728,0.47529154912678284,0.4779174611950581,0.4768135546609637,0.48100021375091984,0.4739258731559122,0.4746760540446189,0.4741415877962666,0.4739835961342342,0.47751365606510343,0.4761602828261021,0.476040750389931,0.47956014714455103,0.47816522782504467,0.477509631327271
8.9,0.46780301535300844,0.468462913589666,0.4719672831102741,0.4775789459818477,0.4753798969456102,0.4741786448530793,0.4738614839146731,0.4748560723229689,0.47492473659808876,0.47295763994184725,0.4763424442367793,0.474452797694078,0.47947443614107715,0.47446808380299277,0.4763899345280007,0.47421226257383425,0.47376516424731074,0.47316178112740204,0.47358510045053426,0.4792749344849758,0.4717423196278055,0.47487931988614723,0.4787025238420129,0.47320326895984205,0.4762152635097774,0.47630566184567175,0.4748732173102363,0.4748029199780704,0.47561204001103535,0.4743051336151364,0.47589323878168743,0.47466532881386847,0.4761850035698439,0.47418734834629345,0.47507087104394163,0.4764533182386151,0.4738724887512934,0.4751731970482636,0.47673400534370125,0.4758587845617751,0.4719943880817552,0.475228182398696,0.4733136161279023,0.4748461116315008,0.474223111176357,0.47334858334822405,0.4748801652120387,0.4709023111077384,0.4735730956926343,0.4759290123397942,0.4766014560418493,0.47619576146191583,0.47516887221239207,0.47383761313765843,0.47508363986902613,0.4734865800603631,0.4738008130465481,0.47687737015392495,0.4750903630486256,0.47563460993887596,0.4743526340025802,0.4777767186460511,0.47310286059411033,0.47326443773983795,0.47621970042384865,0.4787140603694181,0.4764891855088388,0.47379352328912144,0.4740928769554553,0.4759353718574405,0.47649082039366675,0.47831453334945967,0.47556796120632244,0.4729111553191024,0.47406943906578547,0.47533984713802807,0.47521855211996994,0.47550255030650246,0.4772480195168419,0.4747740319111784,0.4759310720912276,0.47532135607712156,0.47389475903227923,0.47705239612925054,0.47572413547352754,0.4750553702398265,0.47356650738015493,0.47423844503650764,0.4721096597915862,0.4746177633618904,0.4758188768440849,0.4766446590769594,0.4780360065986381,0.47641850847417766,0.47381507659416017,0.4763543961317869,0.4724835799391315,0.4754476484276072,0.47486974053881154,0.47729969151205703,0.47541801678606727,0.4745503006889607,0.4762764339249174,0.47541905282094743,0.47408093173997734,0.47387871126921116,0.4740404747236977,0.47272136683528554,0.4764350319064625,0.4741747372288131,0.4744841432583564,0.4748082243515125,0.47653236444300784,0.4767864893029998,0.47409294383518524,0.4776688997949809,0.47521169823510157,0.47676274587038475,0.47617293855450304,0.4756406219800917,0.4737405070480787,0.475129245912681,0.4738655642246157,0.47654584260268534,0.47373154859403327,0.4780439065176764,0.47306535906745106,0.47685638926599533,0.4739145262648929,0.4757366645932495,0.4770118897511196,0.4746714120386994,0.4732336601156072,0.47601284486639023,0.4753609476517686,0.4770125171203249,0.47485132685821657,0.47312569880936717,0.47597782427439744,0.47317030253145165,0.4743383797646594,0.4743133073012879,0.4746096281786681,0.4771221652978788,0.4764583736739678,0.4727614705783449,0.4794890883510995,0.4753524854006262,0.4751392242956993,0.4755660698097395,0.4724344785153854,0.4754661295535755,0.4761144611594151,0.4745470951184464,0.47432192721354033,0.475780219084303,0.4758197386606489,0.47663217934724,0.47530534724779533,0.47382099779981024,0.47808962007902933,0.4745556916494286,0.4755398531670516,0.4744397474311138,0.47568654641089403,0.4759474747793253,0.4750785568425953,0.47781335043963574,0.4742967232055349,0.47554772645615917,0.4731232547845613,0.4754756370800918,0.4724065555346301,0.47653122868104864,0.47333697406641734,0.4755781501574458,0.4788487419247573,0.47683395930376715,0.47636053344183,0.4747714760499504,0.4737066179883549,0.47443441709990086,0.47588231428446837,0.4762821369399411,0.47775522012388333,0.4738042949123747,0.475898070065316,0.4769136866425575,0.47417270125338984,0.4756429744936474,0.47410948821474536,0.4742729060697823,0.4728384430845138,0.47583224748360353,0.47393288874563655,0.47526121728554527,0.4726030336516211,0.4762359548213485,0.47525267800459253,0.4747327727652849
9.0,0.4652859918887761,0.4678835698130518,0.47261378804579623,0.4728103224995854,0.47164469699939715,0.47409228009620064,0.4704731342067997,0.47504858718505777,0.47538285128275914,0.4739715983857307,0.4753073764668841,0.47380289112107327,0.4739674892782081,0.47620517637816195,0.47671577034122753,0.4720628311737398,0.4752233528421453,0.4757561165119727,0.4729319729417457,0.47332417785376013,0.47484341080544984,0.47746538003696026,0.4749302601960736,0.4745857280234564,0.47612170575766877,0.4755920394413682,0.47496209085513524,0.47480067277259835,0.47435065040991786,0.47448592602637346,0.4731786594904961,0.47407196503861465,0.4769689856355129,0.47260307307293337,0.4743419131251683,0.473954622348998,0.47766332832694147,0.4752520012460362,0.47776012908749593,0.47408408166474625,0.47588652608321586,0.4736717464160273,0.47400179921563257,0.47444423890111026,0.47396038043238803,0.47594528381536194,0.47595194919075495,0.47518042152173745,0.4752059495313116,0.4768837535673025,0.47280096295818613,0.47543780689744614,0.4751840674726287,0.4746810822032934,0.4748723970037224,0.47225526967900433,0.4717531726124557,0.47281431554554987,0.476253420985966,0.4744742033602318,0.47360969104955253,0.4755981872777353,0.4742149140265342,0.47399173557940805,0.47479811292721075,0.47269078337193976,0.4769771617676218,0.4750267076251248,0.4712923481330526,0.4772111163221516,0.47386243311024,0.4735561484174606,0.47428889506451677,0.47333195131460704,0.4766777716128658,0.4713827967743566,0.4730814251462974,0.4737432910575391,0.4735273621201573,0.4730241489640743,0.47116863128189457,0.4750803663992175,0.4735400458467217,0.47472271994217186,0.4756525837482532,0.4729090125773241,0.47361638856124105,0.4740410873287002,0.474075516543863,0.472863854789772,0.475085387843054,0.47732823158087223,0.47404518470282214,0.47381814011551016,0.4735414160123742,0.47581680812118743,0.4732510330114252,0.47520107066857736,0.4761883202423068,0.47294032476770653,0.47420990644647065,0.47586631510650873,0.47196991999665405,0.47402240148154035,0.47684480539884166,0.47415115862593415,0.4746184479936779,0.4730026403524134,0.47856537028521895,0.47549728016854553,0.4723422611664432,0.4754229611098283,0.47433463624278005,0.47439501911909804,0.4731684313780093,0.4763976008339549,0.47495329961073496,0.47532483447120044,0.47652089804221265,0.4729886366308532,0.47413620582386184,0.47383352079051333,0.47332531739991734,0.47364512887627597,0.47451801314024045,0.47647514021638626,0.4736208888793125,0.473286042715853,0.4761016513526039,0.47265749998016837,0.4748961547819917,0.47371849390139326,0.47546824183449987,0.47485401577904884,0.4732399837604561,0.4736963999164076,0.47432746087757516,0.4739386845694282,0.474855341193503,0.47167546957028045,0.474972920423921,0.47021973633207526,0.47613791611288675,0.4757537924556716,0.4760143360187157,0.4742273957092181,0.4738094981148253,0.471788020832376,0.47599041570684314,0.4757152163893633,0.4711668649300782,0.4752381991711977,0.47364448466322373,0.4734547628320641,0.4745502899110942,0.47403442898178527,0.47288226928154165,0.47320673779913214,0.474086869299061,0.47348018905062256,0.4712971732162013,0.47312789964085106,0.47354777005169557,0.470708429103716,0.47142189571177784,0.4738033408787879,0.4742685392961687,0.4734093306347615,0.47487551931833055,0.47048869149798395,0.47164782517459564,0.4748673646028768,0.47553840511344353,0.47581724779483364,0.47265936475767373,0.4767477066077564,0.47185031985872894,0.47351555526984057,0.4756456245773738,0.4780975829930298,0.4748525919406454,0.47710378071858534,0.47463425669308223,0.4761132493306574,0.4736779488934729,0.47522900768736837,0.4765024593642862,0.47217291612243145,0.4721910486642426,0.4742082350806873,0.4743691513834545,0.4768663900087033,0.4728743584856691,0.4721512604438771,0.4735225229437992,0.47507436454905005,0.4752605418565528,0.473813221941402,0.4709439490088468,0.47339489339400365
9.1,0.46585460528080064,0.47016010609737696,0.47029802371879154,0.47161155320908016,0.472201064566759,0.47271678232584646,0.47193302691366545,0.4709462754348109,0.4726255424237026,0.4734683899679291,0.46929477751327986,0.4716954008013788,0.47225021864405226,0.47018375190807044,0.4741497266296842,0.4739619866483843,0.4713294406296088,0.472300550424232,0.47430361188113557,0.4726216392606149,0.47141355340280966,0.47334289437854027,0.47428535207877776,0.47283333122264776,0.4716798737959841,0.4709310859088487,0.4731373906547899,0.47423905367595875,0.47334534493705427,0.4737239718888046,0.47262398045944903,0.4737323982370542,0.47443565489840184,0.4713339505607923,0.4731648159309255,0.472776833067816,0.4720091355110018,0.47368272291903274,0.4727065544030426,0.4725359741159075,0.4743307154589047,0.47026231915557876,0.4721192888618112,0.4728520888050872,0.47285394376410733,0.4699042905182968,0.47285487465343,0.4753236641986582,0.47145190155112643,0.4732929823120146,0.47255230144705335,0.4722001979608099,0.4732150291912338,0.4693189758713701,0.4707946703393696,0.47368822215657586,0.4739996085710018,0.47338577699982315,0.47305851366146767,0.4743255134984476,0.47364470020017446,0.468970902170563,0.4719831212029503,0.4761662422885559,0.4719547717071973,0.46897414949527444,0.476213285022848,0.4743393068051365,0.474724871958377,0.4689277310348318,0.4728093975959416,0.46977764289973883,0.4740199875376668,0.4753865302944436,0.4717972575251536,0.47242451509478833,0.4724782560182909,0.4744310105303378,0.47094337697417216,0.47331807761828515,0.4750982996771734,0.47403434262727,0.4745167723010972,0.46969660222760296,0.4745467281561337,0.4713080805092609,0.4734784520048254,0.4737766815490404,0.4742090644694481,0.470226103206666,0.4719614342281621,0.47424349961680706,0.4720397819807823,0.4720321073589645,0.4728935798701307,0.47576388564231464,0.47350530974801835,0.47299837666173977,0.47599269755936974,0.4736319064073108,0.4700498922302703,0.4719946149748073,0.4735237637409421,0.4751353867120104,0.4754910823598163,0.4706786998563004,0.4747470100691728,0.4726188075813636,0.47282268309931574,0.4745521529623456,0.4733474250923544,0.46949485796852736,0.471006955964808,0.47173519846559164,0.47419183406858434,0.47322729258311597,0.47045442420629213,0.4725359030185004,0.4728499126409829,0.4743862726870515,0.47144041107979584,0.47107348694249185,0.472326156695662,0.4725355021838254,0.473979907375593,0.4739269846613467,0.47287926300179867,0.47295015771788373,0.4698340134235756,0.4736818003504517,0.4749637251905455,0.47327481785207104,0.473130178889773,0.47167472739045757,0.47300728147041615,0.47121452026724026,0.4728767234003215,0.4731264693668344,0.4745926776224133,0.47413222423729656,0.47216584495846653,0.4727333541349632,0.47283628058158417,0.47313930542647625,0.4714867541253801,0.471816092224289,0.47161962893550513,0.47321528029027715,0.47555105927787605,0.47274855983490494,0.47020141933249915,0.4726076162256208,0.4710068266773708,0.4732820169986733,0.4728891314650609,0.47461067901127935,0.47260641744446136,0.4727114527314309,0.47456631039844344,0.4742323492476365,0.47225637566280726,0.47191369529251403,0.4740958606720463,0.47093966593807,0.47308879574582685,0.47398727127818907,0.473053506008213,0.4705002130367208,0.47635490146035653,0.47415648912283487,0.4724829002361518,0.47127403670071494,0.4736297392102696,0.47471192827583647,0.4757688281044803,0.47324087011737176,0.47437847730693056,0.47430516554488567,0.4735754982174378,0.4727322008076401,0.4713010651588334,0.4703157444298459,0.4699315180696034,0.47230251874899015,0.4748402025105046,0.4755437438277236,0.4743746600614032,0.47140033908624235,0.4705550413715105,0.47304520111499954,0.4695928119477528,0.4737752185819394,0.4721440673836379,0.47086329297583396,0.4731681184174354,0.4684141768454572,0.47097866590553056,0.47128942750623387,0.4736213207991885,0.4741809295238065
9.2,0.4664317140093207,0.4642003413186385,0.46565840847390905,0.47450804280317577,0.4712885692151393,0.4674494100995996,0.46978668907016324,0.4734349093570812,0.47402866368235647,0.4693175821864725,0.47163495055380683,0.47131623659808347,0.4705800646838502,0.474749989127824,0.47170773290572476,0.4704902116798001,0.47102444146535793,0.4739936214968323,0.4747529523589595,0.47495872282792173,0.47147282320605227,0.46798482141565967,0.47271641645826157,0.47290208188678656,0.4732633484426244,0.4702573119228614,0.4714849433746447,0.4704344127787582,0.471065775938962,0.4732645106223952,0.47330601340789813,0.47048904817700526,0.47281366078307124,0.47090929592380393,0.4734622197069466,0.47312604770593675,0.4721128592355074,0.46919909835103557,0.4688625638548317,0.4710426881085137,0.47265372006058637,0.47392023581492154,0.47036830211062136,0.47125536908736354,0.4729311071146716,0.47135022379076374,0.4699281395077888,0.4735627344476082,0.47130680850163387,0.47210203556302355,0.4720323671413768,0.47021444436625887,0.4715443678808043,0.4712089845062211,0.4734528412303025,0.47252143743661823,0.4719056433165277,0.47045435850406475,0.4744917794763245,0.46922698211590014,0.47097385971208994,0.47395063618031674,0.4738135820421868,0.47482141609215395,0.4725021162159256,0.4735605941524319,0.47275649037964246,0.4733898606321108,0.4690074791757298,0.4706609455951018,0.47271487376773264,0.4741975082080685,0.4702125634344489,0.47218379362580043,0.47317526518064373,0.47359182056827376,0.4720043121798486,0.4699258724225239,0.47041567367221204,0.4737931580548731,0.47382693863955627,0.4716759289340282,0.4715382649380322,0.4721711064947639,0.4713858474051358,0.4703027197580784,0.47239368232760565,0.4717939378126882,0.4732950381185109,0.4717404360489978,0.4719674032211216,0.4717001350334448,0.4704507028731219,0.47082865420800063,0.47212626105294353,0.47008617228733396,0.4720742143447381,0.4733753092316102,0.47070792214566576,0.4743084405094688,0.47145793228596267,0.4689815322835174,0.4735061194656778,0.4705287741571185,0.47277324517468133,0.4702018109627868,0.47134877950252063,0.4706280812756574,0.47265526797061846,0.4707939560062474,0.47038456382414984,0.4729379731375653,0.472749609492197,0.4701434798676839,0.4718924779107404,0.47219629812259933,0.4739377872207454,0.47190571167882717,0.4687412122163705,0.47134761767548655,0.47332307154130937,0.4721767109540452,0.47477384886693136,0.472226418734732,0.47270308048407383,0.47346729143029087,0.46884758072227034,0.4708714922400005,0.4725879614875708,0.47530233717733494,0.4725399210217022,0.4706434762096834,0.4711832030061773,0.4720027872840938,0.47333368682936283,0.47421167181923113,0.4724121362558294,0.4703651870550064,0.469725042678406,0.47163674906702147,0.4698765909001311,0.4720711764255618,0.47398139257184735,0.4739138446783679,0.47174978309920423,0.4725430297044054,0.470373125754609,0.4707328187758318,0.46947811212916585,0.4751316105821295,0.47134682299114916,0.4713452019022047,0.4707069904699848,0.469808474219345,0.47089684611391935,0.4722202296725396,0.4713518916621804,0.4738419933698141,0.46977414535229595,0.4700748793491836,0.47169275348059475,0.4725490040552496,0.46992202557915935,0.4678450695970083,0.4700544973099223,0.47224981220132195,0.472187786955506,0.46977282010097193,0.47232386961522543,0.46907417607715446,0.4726092152582152,0.4728004493573072,0.4733551527757169,0.4725389345884075,0.4744737012256631,0.47067466447790607,0.4751841724204348,0.47261527137806775,0.47543212037940913,0.47021267213750995,0.4726778672987527,0.4717290190036362,0.47148774313120295,0.47271108962632624,0.47182073185663154,0.4679906695950363,0.47404895742326103,0.47028452538937393,0.4682932149083472,0.474216541634019,0.47228584522450834,0.47089878347722397,0.4746567134752933,0.4699829741652341,0.47157914303386167,0.47271229440033014,0.4713438845137308,0.47295388844443575,0.4756047136250035,0.4692652304445266
9.3,0.46234528451639356,0.4623205318824473,0.4637603786847169,0.46437519753036766,0.47108095076242634,0.46658683779481636,0.4691076137451802,0.47089506729962977,0.46949063640918065,0.46899578107583617,0.47342745759619137,0.4701627816901899,0.46727601191962626,0.47141043094672885,0.4694036183036335,0.4682138357235889,0.4698807994709746,0.47378239428578967,0.4701095878128065,0.4681296517552491,0.4695737865233773,0.4693236468854802,0.46964158533583616,0.4734894506481866,0.47040229241115633,0.4686280480934838,0.47179252993984866,0.47556519214720605,0.4736283429902172,0.471088115334048,0.4672706720619519,0.47355484472736037,0.4705103390436668,0.4735206025407532,0.47067305882105376,0.47188209588860786,0.4709884236459871,0.47263190325459203,0.46742250193750207,0.4733536965822308,0.4718349321654422,0.47139914177250886,0.47250046578234545,0.4703432757839855,0.47270186480039156,0.47079699357321686,0.47365959059295437,0.4718065175155899,0.4712220066573757,0.4675827994176273,0.4730941715048224,0.47371589203987696,0.4705599391545215,0.47016668780450577,0.4703936186337284,0.47402972142625804,0.4680749881333308,0.47106171492988275,0.47033793899840626,0.46760990422044013,0.4725487825242642,0.46868468676056774,0.47333629459618987,0.47187472861535357,0.4710051130751592,0.46883214387672634,0.4696085732605851,0.46839250675996125,0.46821042128928925,0.4699745094775496,0.46962410254881576,0.47021151376518316,0.4694210653050093,0.4711115562063426,0.46773010410145704,0.46927210547957765,0.47069452943843215,0.46951536508879177,0.4713279556319584,0.4695927931920945,0.4700295854402014,0.47116663744980986,0.47030145198181084,0.47081641136940744,0.4732830312605478,0.47285701850484874,0.47189591263942604,0.47006266943149394,0.4696837573058672,0.47246948263666144,0.4692497669987106,0.4757987145861381,0.4710706920770095,0.4715790628143388,0.4712903204201775,0.47186914617494474,0.4711841622909607,0.4689626180960456,0.47009093849573164,0.47270347911400545,0.4675293949011983,0.4681333141508437,0.4685211201300721,0.4730076069345723,0.4693190986312309,0.47134794220375076,0.47308251266025025,0.46999388070374937,0.47380715955686825,0.47251695929355353,0.46781748924975103,0.4707782759451099,0.471101349339731,0.4689253305420101,0.4731568161655911,0.46751482113397336,0.4732611827999059,0.4734641104698504,0.4700307712056783,0.47040779601227395,0.4700796097917614,0.47127803988309885,0.47411261596059867,0.46916283484628435,0.46558102099346965,0.4679467687414439,0.47196205989146284,0.46891883862813516,0.4722734043095825,0.47136311331333935,0.4731673458743908,0.47052517110835995,0.47117509278572217,0.47130558031998177,0.471014561403293,0.46852304072530626,0.4705545774711798,0.4737701724013892,0.4700320871303733,0.4742824715295294,0.46871493475131776,0.4724350287331837,0.47101793371939094,0.4668463494909615,0.4720737613141183,0.46976707927066,0.4716693416114774,0.47229450955226504,0.47130757777868154,0.47128617638494913,0.47095887371520406,0.4717420884206167,0.47047413948654165,0.47209322042656493,0.46912856911823086,0.4743764583061611,0.47008532570453426,0.4702285311575063,0.4694295917954873,0.46930492714871713,0.4726793078579809,0.4709458939224576,0.4724186043159087,0.4742275205870916,0.4716633802265245,0.47056029717964637,0.47054951508616905,0.46963286102364316,0.47045117841163053,0.4708888492977918,0.47289819975415875,0.47014807417896415,0.46874628532921386,0.47138063473245084,0.46872757738708376,0.4725027419075639,0.4711159283584728,0.4699708942555129,0.4703815060677998,0.47375621014209257,0.4693436120873565,0.46919242696697183,0.4687881575144948,0.46970629067721553,0.46835159948745564,0.4714074182138813,0.46695683640841434,0.47167977592159693,0.469916106421982,0.4683793143739807,0.4726087378021937,0.47279510604936376,0.4740601081390461,0.4728869761092515,0.4702834949706194,0.47191248296299326,0.4689869602286787,0.46948581081683993,0.4695909578527297,0.47127270902165047
9.4,0.46175720371323153,0.46236598425558256,0.46260507460490946,0.47085370705986973,0.46844271515619657,0.4678705548031236,0.46838213764569825,0.46973754719452343,0.46936022650491793,0.46930907609804,0.47025212245710946,0.47243741857562954,0.46885114383165694,0.4712084425822755,0.46860811715957934,0.4709588853077603,0.46886464280260703,0.46713290021612347,0.4696706005054877,0.47025712957124355,0.47067791368214246,0.4718540297713855,0.47006384906750526,0.47146737439420744,0.47212089389658335,0.4721844614931545,0.4677542116964449,0.4706220917988918,0.4718037311483738,0.4688318166284252,0.4695754880036011,0.47044513160707546,0.47014367077044683,0.47038684605590364,0.47069225681193433,0.4727836613618419,0.4734296733429106,0.46866926925604374,0.4698799438099256,0.46934984326607637,0.46748160156765456,0.46829849767369663,0.4666565620358747,0.46993479397381227,0.4710063462619037,0.46897059219342957,0.4700264741209689,0.47086229084531384,0.4704203839421608,0.4673241167969441,0.4711282290199824,0.46945579717905356,0.47268972453153874,0.47099848590926874,0.4664793918589004,0.4719535378385848,0.46927382981847005,0.4715718758839303,0.4706343755861652,0.47016958960294014,0.47168481028210124,0.46850593763353393,0.46817621820637684,0.4678469744752552,0.4676076054726584,0.468796116216997,0.46986206626377186,0.47088045453265653,0.4728480919035016,0.4711295524908438,0.46691759947383266,0.4703225960942412,0.4739450621591028,0.471855498279178,0.4685303187919318,0.4710637927662115,0.47392109420014533,0.4708597088421692,0.46927892777523983,0.4682042719672624,0.4684067730766032,0.4702790458729528,0.4669824115539281,0.470010076482351,0.46858164956324005,0.46833289451059557,0.47040400537666016,0.4711307841574089,0.4730959486483845,0.4709848348414925,0.46790349231109585,0.469954694440967,0.4700525728218397,0.4688308537071637,0.46828002168385086,0.46707034361269156,0.4692681172117172,0.4685798829733285,0.47008280849399864,0.46726646268628624,0.4686466105668795,0.46952217194060275,0.47110132433332597,0.4698236586239878,0.4689768161620673,0.4726683991642001,0.46727367838604356,0.46869125571687853,0.47103796298706024,0.4690158559314653,0.4713951541428035,0.46728394190820655,0.4712200858156354,0.4699585413621298,0.46782678768726627,0.47048066824039625,0.47044573171719484,0.4655893781846177,0.46844375893794193,0.4680929780227279,0.4707272787089114,0.47143831155553934,0.47287644437797377,0.46750943979220555,0.4716653719528854,0.47042263126770545,0.47127614965681724,0.4696082318885387,0.4704675871519572,0.47117383807495106,0.468456352777319,0.4679416918323684,0.46651382673983277,0.4698167201738374,0.47084188524777193,0.4673500245030075,0.4708429183522489,0.46693003053977095,0.4695686601181391,0.468721396760335,0.4677142673084397,0.466332332019507,0.46630233891606304,0.4690115913737042,0.4716939772706147,0.47264815542017863,0.4708928295044585,0.467739446614032,0.4699354587435159,0.4677908869088533,0.4702745362394656,0.46724581805920873,0.4713416857787963,0.4731234589393071,0.4704981399014451,0.4649408638234273,0.4733409828744858,0.474312057965718,0.46828466776886346,0.4695261389966053,0.4678865756450973,0.46903964717543223,0.4708824607942551,0.47049042398958696,0.4714734826573915,0.469215969012029,0.46628168527596386,0.4719061123144156,0.46773439561568003,0.46978595380871807,0.46422900321140537,0.47166922930608945,0.46866669208751477,0.4718037341586763,0.46795436080707314,0.4684892795585275,0.4697099808894878,0.4702148660821414,0.47018957834743424,0.46999270329073395,0.4679464227346272,0.46946864405967215,0.47118806067484476,0.47408722467157505,0.46983225374201315,0.4693620967974184,0.4698163423388364,0.4661427732090642,0.4666871038850225,0.47176745957387706,0.4674231923911801,0.46814613273062133,0.4683070047718713,0.4672686003513106,0.46925775651453183,0.464726294124402,0.46930994197632325,0.4703805890474194,0.47144886381273055,0.47320109173361474
9.5,0.46086196981540206,0.46365678565766155,0.46498424357983487,0.46735063593303794,0.46549069717029296,0.46686023022232903,0.469239186081536,0.46711867660987955,0.4702959368769283,0.4709914094407902,0.4695023710023402,0.46902294614029416,0.470126107682743,0.46970749950541807,0.4695328556431498,0.4653800104024067,0.46744759815673664,0.47129037541505886,0.46594611358709875,0.4684246867910457,0.46658394256814373,0.47096334823443176,0.47212385366968246,0.4664271910144038,0.4682070624212395,0.4683041693094016,0.46469445609660154,0.4680723868525368,0.47177165497128426,0.4710118150816433,0.4673108988362742,0.47149236954794993,0.4690891340628508,0.4712288741478184,0.47120257412965044,0.4713805282068041,0.4698596262080984,0.4679032539101332,0.4686190870259642,0.46963625266700665,0.46937543616938204,0.4691193276642768,0.4705813563542442,0.46610382555293217,0.4645907711649819,0.46740765620321917,0.4716262247162098,0.4666856090931108,0.4691355242885611,0.467685490412917,0.46684169154484634,0.4712166372484044,0.4680110074950987,0.46886533342624453,0.46431496119864124,0.46982644713963273,0.47107901258840607,0.4684514965420553,0.46635407862537653,0.4704707392015967,0.4682848710733544,0.46998560268564343,0.46851050079210654,0.4682759436962111,0.4685817338190981,0.46931858137837135,0.46866369994480983,0.4661124507790379,0.4669498381691588,0.4682841182622062,0.4661590319051136,0.46836305395865857,0.4728565099634869,0.4725300140253504,0.4708379416546608,0.4690067387346492,0.469809050242343,0.4663443950193375,0.4678659495248472,0.46793904848064793,0.4680212705016967,0.4680052798431097,0.46910786181685993,0.46829527705161683,0.46627362319850535,0.4675234955092643,0.4697842956940656,0.4685826311313426,0.46770755284578697,0.4664673081952156,0.4658320351860096,0.4672961044682396,0.46932070018485095,0.4672351406680133,0.4669578244768104,0.4710832907893665,0.47102074721569387,0.46965392104189907,0.4671710536416193,0.46699730933679834,0.4684486844596156,0.4667109330956565,0.47310373738667666,0.46947170630057794,0.4694099689873262,0.46823114767834645,0.4713875570071621,0.4703157232802831,0.46852328960803447,0.4694253348446584,0.4682281709030797,0.47207440477078144,0.4704680536074226,0.4690615802567446,0.4630677086971798,0.4714525493442967,0.4678193313791379,0.46831017058520036,0.46903492298914473,0.4702601747665204,0.470261188401553,0.47033059755952594,0.46862386115504034,0.4716459466101929,0.46672966729574544,0.46971935235131895,0.4728246388269089,0.4717933274188554,0.46947767302081117,0.4686891272860504,0.4702645098424938,0.4667502528432993,0.46686040063428363,0.46737966841936995,0.46710739292140135,0.46610825271428624,0.46683783432340387,0.4686803712040218,0.47042384007021604,0.4687664640428618,0.4648000692218997,0.46823101419939406,0.47026941825496726,0.46610401547308183,0.46965758288140624,0.4692025129056874,0.4678726574415572,0.467575124926537,0.4710089754359129,0.4690483829588237,0.46943488341827067,0.46903410488957853,0.4672125857945065,0.46733157394695624,0.4641123698343532,0.4687839232447143,0.4691433643868841,0.4677159418939077,0.4666488694217132,0.46784003657316897,0.4679594545616091,0.4671829877661535,0.46566604844492426,0.46721242162186105,0.47139993318437534,0.4666375384324605,0.4697910927867301,0.4650996052868047,0.47139352110701827,0.4678989315339121,0.466751055858621,0.4689587415408346,0.4677900405946489,0.4671172682686186,0.46788793797932,0.46646032190371683,0.467900596306885,0.4657905190535679,0.46767820817263894,0.4666496409119866,0.46614418541416897,0.4678968559835441,0.4675773546450742,0.46512239235533087,0.4697267978352689,0.4672140977114799,0.4687413672173088,0.4658829758485855,0.4673761761137065,0.4659726495359855,0.46763743558900417,0.4704573008844143,0.4698123882544449,0.4682864565734288,0.46758625502549633,0.46556005268519607,0.4684472472103015,0.46582219909322664,0.4695868870006923,0.4694920639203449
9.6,0.45909931049424607,0.4621536384575923,0.4614423938106706,0.4648901308606272,0.46639770778034917,0.47007723320048894,0.4650162473970999,0.4676692259283898,0.4651705800482339,0.4643387351141184,0.4656990041473352,0.4673671592458156,0.470928603641465,0.4683984830222262,0.46885071694233676,0.4662789211849464,0.4659575732910047,0.46688328663787176,0.467940552525394,0.4665551935060046,0.4670971216213259,0.46643057370560836,0.4689823666448733,0.4685913725541655,0.4670495859437224,0.4694268243730476,0.46855907381630796,0.46808634025597773,0.4680536343879478,0.47006729580227735,0.4687012651055737,0.4663882180664396,0.4705874106964132,0.4655241507993689,0.46845236444895955,0.46716983220467606,0.4664913350191304,0.4656490443350259,0.47158465210737643,0.46560082756594084,0.46721259481412175,0.4646267495555137,0.46357190745896276,0.4685815921034752,0.46584290466376815,0.46748922483096134,0.46963842089011415,0.468407803309609,0.4664067571507663,0.4689772372653276,0.46356670820293117,0.46857624979452583,0.46889136332939413,0.46772373008098433,0.46642316596563266,0.465216260773928,0.4656062064191788,0.46986302850017125,0.4690890038145886,0.47046658962239524,0.4690841258409955,0.4701735623327614,0.4640859377775306,0.46851755403043305,0.46922633070517533,0.46919531990327024,0.4658724933359993,0.4723673808490042,0.46626773593820664,0.46600712186765164,0.4699631949892543,0.46648735318001366,0.46811089538501893,0.465937684913184,0.47053526881256896,0.4692192863615511,0.47064569323190447,0.4687506573994968,0.4672582540726233,0.4649445802213083,0.4702976417727967,0.46787739971994063,0.47275603887241485,0.4691347645238717,0.46467107373814964,0.4658088085688064,0.4642989273391131,0.46512398358452106,0.46866584596518046,0.46600546517302355,0.4717425375002845,0.4657273029115209,0.4685188320709959,0.4676879804178722,0.46395715919275987,0.4644039467491715,0.46499762930713245,0.46748656354484514,0.4651185259683718,0.46760308369706466,0.46970392754590684,0.4658387607031226,0.4675881932641622,0.4667296491003068,0.46577103063233155,0.46404854744301616,0.4657102813679616,0.46690294559155143,0.4660308442105178,0.46969230602302453,0.4691546467257186,0.4648320734392692,0.468274037938284,0.46828785039595744,0.4667102568888625,0.4657014522929981,0.4659464439521399,0.4663830263047011,0.4664720578457502,0.4681200234026477,0.46786471498491783,0.4692544063122943,0.4657366891094934,0.4646150040678555,0.4661706428230184,0.46721240215671855,0.46935817048252654,0.46801270958560787,0.468554670928006,0.46936914025909965,0.4711218091757164,0.4661054640789419,0.46817580277378773,0.4643935444769071,0.4669626023989072,0.4653390124495837,0.465772026344536,0.46587165113924833,0.46915736942523645,0.46534318969922933,0.4671797260258409,0.46584183888812014,0.46612875429549316,0.4650881453257224,0.46761230923672864,0.47259556997760516,0.4669359432215355,0.46708346360171643,0.46424211446617497,0.46490066219006115,0.46786790113657234,0.46587904998344204,0.4675012341477012,0.4655432965564579,0.4631287222083855,0.46889337847575335,0.4668318661555611,0.4697967784765197,0.4665082507427276,0.46594170185721795,0.4688186188092669,0.4655120443872655,0.4665757565613815,0.4676486634172543,0.46751910943269087,0.4671009594603053,0.4675699120277445,0.46698864873603624,0.46711376017573353,0.46796417179530114,0.4665094935318442,0.46816207781017527,0.46076042877378437,0.46614806154835076,0.46568877219446614,0.466380547226697,0.4665511088624672,0.46722008897005174,0.4641368357881283,0.4676742044034372,0.4651566240624498,0.4667912911974522,0.4675956486218838,0.46885113016641056,0.4688149952149608,0.4677879917703709,0.4655490214629521,0.46753542713231233,0.46680814262734877,0.468688155712309,0.4664851978616618,0.46511870096750324,0.4649796648610828,0.46464038781730727,0.4671108783662295,0.4676184593259585,0.46860991043147227,0.4644829932524097,0.4691974329662486,0.46554724553250715
9.7,0.45858514390471544,0.46375205878163756,0.4628240372064166,0.46450635193317297,0.46576635395403976,0.4638843404361678,0.46597124274219304,0.46712136496646856,0.46469549840902374,0.46646576875935575,0.46562583370382615,0.46300155119572584,0.4648416323802088,0.46735236596309565,0.46537458334648685,0.46753730459615095,0.4648089533564021,0.4638914274214852,0.4666831151453608,0.4650801161378027,0.46584161751451153,0.4640849505301171,0.46680337759866924,0.46448561026692287,0.4664442949595077,0.4650310132210619,0.4677520101736807,0.46755319382558963,0.46341288832652955,0.46839767803527654,0.4693679884674412,0.4647414164574087,0.46384486501338357,0.46636865852019926,0.46460335420829835,0.4648982313689149,0.4651765328347116,0.46823167628361073,0.4687900252103535,0.46992670655197716,0.4660602140084516,0.46451169123064345,0.46229177836274393,0.46276012152322743,0.4673583844386731,0.4648723606081495,0.4656688691651506,0.46742256080736205,0.4693691061614761,0.46694057168142933,0.465136625904425,0.46878171636493987,0.4646295049140882,0.465766458780149,0.46401959367549234,0.46766631456110686,0.46526849066582143,0.4644660546078404,0.46691459534677204,0.46788900035526626,0.4652063106512801,0.46648732566294404,0.46711257542568907,0.4655801172608405,0.46602439180756566,0.4659205113159213,0.464705763196191,0.4683853779631423,0.46749899536869705,0.46428683932695647,0.4662435570986272,0.46643887716343213,0.46602024409264026,0.46531526457995026,0.46536070395734735,0.46667034454573375,0.4688111566762959,0.4654044422657153,0.46482330534076105,0.4685303632101828,0.4702513221441178,0.46498804598665167,0.4637700422274401,0.4655977106477782,0.4633370105092304,0.4608481368580755,0.4664187085282407,0.46675381352468026,0.4657147569663185,0.46468704129950517,0.46605731925089827,0.46448864309167415,0.4677214930134952,0.4648094477204389,0.46362406628014724,0.4648169501212932,0.4707910655012615,0.46318332928998296,0.46602699634013517,0.46549437209378963,0.4666358331755771,0.464725110356608,0.46410000369600485,0.4646697825203208,0.46355338724720424,0.4635925757834602,0.4626941153693552,0.46624910717512585,0.46575878624116246,0.465170422147695,0.46707377955420415,0.4657731495389061,0.4653736988536865,0.4641998382062375,0.4650935269382657,0.4660452707039803,0.46410219565389904,0.4692216636696381,0.46563965190199597,0.4613430222326407,0.46722406731226657,0.46544488057932526,0.4614711555047795,0.4642264264143018,0.46713823423450435,0.46518620696807933,0.46276865198258726,0.46512554569764303,0.46886076882364475,0.4655458390377462,0.46510733342198685,0.4641610929332667,0.4694276788576215,0.46485330449734835,0.4652622833541257,0.46862686998803976,0.4668162483540044,0.4650763592462225,0.46311514503015644,0.4670007445491939,0.4663457779190644,0.46622460338809973,0.46719029096098247,0.466152305371473,0.46445219432974255,0.467127695332658,0.4674804276646467,0.46432557372488215,0.4647947290091559,0.46296342647594674,0.4671891857141568,0.46744100671416167,0.4622426530052768,0.4666347275083438,0.463712099646589,0.46411472451247904,0.46478512871783323,0.4663321611248783,0.4633446105780586,0.46811394679462315,0.46732771453316774,0.46577284392767415,0.46807280359777836,0.46683006166685664,0.4657812402087788,0.46553602282831197,0.4680229337901792,0.4674908038127215,0.4649338732660031,0.4616404302093328,0.4647760293852528,0.4651641980651638,0.46644029241015733,0.46748764378999497,0.46838350124989725,0.46914455935833904,0.46856869505696874,0.46441410873747696,0.46908762836014567,0.46459915154335857,0.4647527609526911,0.4620575085703756,0.4676436263106331,0.46406894720504704,0.46492917730676514,0.46366085243496946,0.4660681766665112,0.4674488258655965,0.46572920083888825,0.46549712543361155,0.46735267393831437,0.4652270595153116,0.4664625737722771,0.46311839244155595,0.46418924046549026,0.46674725192299343,0.4654792896959931,0.46514303691215675,0.4648680536030603,0.46852772635813894
9.8,0.45611764311192987,0.4600814839090652,0.46040481983537845,0.46439009593735275,0.46694995241346493,0.4624876585018092,0.4672053697078701,0.4644586626993864,0.464242365636886,0.4632826220493213,0.4661514390808587,0.4641257647472086,0.46282184495829337,0.46416973074979784,0.4671941994480438,0.46385382814725845,0.4654751880225235,0.46325639110233996,0.4641461409377582,0.4598029070557842,0.4645105534668697,0.4607319916357464,0.46659631980482746,0.46250431352468196,0.4650875263445523,0.46184769851621704,0.467136299191985,0.4654291719998728,0.46600213287002334,0.46439213530526846,0.46357678207557423,0.4641637215933251,0.46362276332126506,0.4663893950893365,0.46774824795652503,0.46182253000233076,0.4604173079101642,0.46621349769938497,0.467889944913299,0.46195183330991424,0.4649336430662688,0.461536401808306,0.4632270459362402,0.46537024583692693,0.4651112504785224,0.4659886007394662,0.46573702250936605,0.46907782261020947,0.4665696263670576,0.4631395054575137,0.46266438260868553,0.46496147643776364,0.4626595597113063,0.4648969044026835,0.4643025917507751,0.4636188110115203,0.4644460680538843,0.46443935685026483,0.46413457709575623,0.46189646902349735,0.46462352508287363,0.46296429351246926,0.46505613169058235,0.4635982944767731,0.4682082144108094,0.4630593967782602,0.46580409781670423,0.463895653117804,0.4648215064934461,0.4654065095563329,0.463526904593726,0.46486656831862244,0.468186191804189,0.4653075603442512,0.4651816658527293,0.4642712520605118,0.4652094925509822,0.4658428352751171,0.46518990327748944,0.4647881457737577,0.4642469263229218,0.4630332287593914,0.46791756358843994,0.4631112247794513,0.46506913207217254,0.46573810908860924,0.46318133938822453,0.4636279079487298,0.4633800203441838,0.4697088751502414,0.4656494412976219,0.4636775848788646,0.46384119440337407,0.46420728556205404,0.46475031735420597,0.46641863484882606,0.46543540364074043,0.4680095685721257,0.46545675476506077,0.4624170764137373,0.4635323519734172,0.46352602881872246,0.4636469091588329,0.46578219303845664,0.4652642624297402,0.46920954986486385,0.463362877979311,0.46841145324242556,0.46731518763595714,0.466210960047392,0.46427372050986143,0.4674644559837157,0.4634592801993148,0.46529718098196476,0.46829537856065206,0.4654590701949478,0.46646247892962167,0.4603901098329862,0.46769024685492305,0.4625159740991428,0.4627333355364739,0.46366132356419826,0.4609252101046189,0.4674489723703963,0.4655043532514189,0.4673232089451419,0.4635300288114907,0.46377931155861774,0.4643893256637387,0.4658366474248489,0.46487697943963857,0.4647927220239069,0.46670818237986267,0.46451279658038874,0.4615800144701098,0.4620813798335548,0.46491802865112924,0.46338982970356907,0.4640878052525525,0.4652414977133201,0.4647828535019152,0.46247653816593176,0.4643273377843556,0.4667775673818721,0.4636199095417761,0.4659201793963166,0.4639966447336805,0.4652102900514381,0.46207839281196056,0.4621849894729454,0.4610796324070702,0.4649253686582006,0.4613513948796022,0.46800874160500455,0.4638765651025748,0.4662355082934205,0.4656411094954372,0.4609149062338653,0.4676662594068922,0.46138045004908795,0.46582194588943926,0.46375717032023683,0.46477639326508635,0.4650069948403794,0.46118079306372395,0.4673368561863801,0.4642291567045667,0.4651546355857263,0.46533442028049493,0.4659990493870759,0.462916050900184,0.46588053030348797,0.46425702214056186,0.46529449068246487,0.4635446141988565,0.46492179918585846,0.46299314606051345,0.46218491378725257,0.46323296006161585,0.46364809417522257,0.46620116852632104,0.46711807916160203,0.4651499064371551,0.4635068657375633,0.4649723424530636,0.4581702871340044,0.46692804899914825,0.46500804090373127,0.4645731219443858,0.4661958697237191,0.4634060292515237,0.4659118702829166,0.46429079277689,0.46447373480774024,0.46459036799373604,0.46185186044120974,0.4639201673166815,0.4651888605056141,0.46458616413069354,0.46576736322670825
9.9,0.460848919401706,0.45600863444649264,0.45878582615864294,0.4597841471438554,0.46134843534359976,0.4635651172809274,0.46574691845044225,0.46230027330295853,0.4636924213715919,0.4608261965085404,0.4643775976544118,0.4627580674666643,0.46358909312842084,0.4664112510433864,0.4638210369074759,0.46664078402581655,0.46446664549878847,0.4667597591132591,0.46571715521716434,0.4634042451129055,0.46115142664611986,0.46662750042344714,0.46505085456438844,0.4659844971214535,0.4617740976929309,0.46320176639007765,0.4602651844998317,0.4613550321834615,0.46511437157901514,0.46054291212900433,0.46341121365081084,0.46455707214079206,0.4631517210601771,0.4622959276013283,0.4650422407575815,0.46496175245777516,0.4631518532782171,0.46238185092972645,0.46336917891117974,0.46360012458242017,0.4662558552026439,0.46334590047830526,0.4619553055751309,0.46259403923662856,0.4622640446534043,0.46554380812220997,0.45957022155920796,0.4632230431661357,0.4661380492780141,0.4629519374450057,0.46335534716586024,0.4663839237332043,0.4650520815028971,0.46320712587923296,0.4697293647209787,0.46514311592975277,0.4668044107990747,0.4626490151905464,0.46381602274957145,0.46167442799997976,0.4660209153500911,0.46539754513707077,0.4650919159585002,0.4630205481304698,0.4649236346599371,0.4618319363343648,0.46800219318742464,0.4673465898073813,0.4650378762705579,0.46344655208814417,0.46145160418045045,0.4631488987661886,0.4635767754481796,0.4653664115730906,0.46558031084414137,0.4638644701346188,0.4628564429891778,0.4631682933393447,0.4663348760105014,0.4669303873398415,0.4614978962134603,0.46016956320310803,0.46317709079073854,0.4624309037967755,0.4657772942759914,0.4634186663062912,0.4655247914870518,0.462791770805994,0.46537378009365743,0.46323873301892365,0.4627512944223512,0.46276038910621264,0.46216990596868174,0.46349926170853856,0.4636084736972128,0.46356359407017705,0.4636092556738805,0.4629325268829993,0.4644113516590367,0.46412095947897264,0.46046208047391834,0.46678326312340124,0.4647245225581771,0.46493485754412,0.46399072408303027,0.4652451995385778,0.4640844946218523,0.46150483104596013,0.467089153080006,0.46323692744056577,0.4638892428452861,0.46207443443840057,0.462405824490651,0.46335602171845053,0.4617683415705383,0.46296403001787334,0.46635261900186775,0.4639173514855392,0.4622814392978441,0.46371069811322546,0.4637882651394415,0.46383705305927675,0.46318402655063734,0.46336972667313286,0.4618705641884168,0.46431150009067285,0.4626327784409435,0.46259101201562686,0.46522305460552493,0.4629460949747863,0.46165930328977295,0.46030958908491,0.4611904262359359,0.46381548810658835,0.4623281591884707,0.4624086172017641,0.466275899715912,0.4649362981941581,0.46380896610846784,0.46611294335991693,0.4670854598414196,0.46156994935856843,0.46901240640047637,0.4615874571207244,0.4647981270491654,0.4633965959495979,0.46525814636748947,0.4660458635578688,0.4625188570802413,0.4592542155360711,0.46117236442292775,0.46345413828961507,0.4624762597169702,0.4640976679425991,0.46433241442059775,0.4625062854798137,0.4617499259286353,0.46292194840294504,0.4610629982678487,0.46172483243188406,0.4629341081906517,0.4647751925311048,0.46594045896838293,0.4624469447173515,0.4649433945941513,0.46456614666544194,0.46522858391458355,0.46538546225957156,0.4602150831950429,0.46361682420806666,0.4660128918480504,0.46325953808925063,0.46490760316699287,0.4669924655067943,0.4618936329019849,0.4644338830320932,0.4606389764234936,0.45788948537625557,0.4645554618902226,0.4626119095404964,0.4618607289755183,0.4648909228019987,0.4633559740340375,0.4609111139785654,0.46373974429538284,0.468369241768077,0.461774044130594,0.46321967899475364,0.46612407773675796,0.4624786724838294,0.46538674238127603,0.4651116867412612,0.4619310043140319,0.4611066649691335,0.4653668034280022,0.46275268227263017,0.4607583920715158,0.4617967470429251,0.46449046164778024,0.4615593689909641
